"player_id","entity_name","team_name","start_year","end_year","runner_runs_tot","runner_runs_XB","runner_runs_SBX","N_runner_moved","runner_runs_XB_swipe","runner_runs_XB_snipe","runner_runs_XB_freeze","N_runner_moved_XB","runner_runs_SB2","runner_runs_SB3","simple_stolen_on_running_act_SB2","simple_stolen_on_running_act_SB3","N_runner_moved_SBX"
682998,"Carroll, Corbin","AZ",2025,2025,5.978340358501547,5.614316310369427,0.3640240481321206,61,6.006899804846876,0,-0.39258349447744995,45,0.08311905743649857,0.28090499069562236,3.085929812055025,1.2244419628642105,16
682829,"De La Cruz, Elly","CIN",2025,2025,5.767814113699748,4.157346097496395,1.610468016203353,73,4.889367590490367,0,-0.7320214929939733,51,1.37163320225898,0.2388348139443728,8.689394652968534,2.275951323061234,22
621439,"Buxton, Byron","MIN",2025,2025,5.572962019451161,2.781334461065141,2.7916275583860206,51,3.127194579736539,0,-0.3458601186713972,35,2.888343520236951,-0.09671596185093138,12.444851182283072,-0.7243715754307815,16
656716,"McKinstry, Zach","DET",2025,2025,4.947554715270583,3.989963395459811,0.9575913198107727,49,4.295321642738631,0,-0.3053582472788205,36,1.50101252804744,-0.5434212082366675,6.867379705644778,-1.6913273504841817,13
691718,"Crow-Armstrong, Pete","CHC",2025,2025,4.875342400446678,2.864246994289184,2.011095406157494,68,4.302666068791473,-0.7551416075412328,-0.6832774669610536,44,1.6927616089576742,0.31833379719982074,11.972200430208614,1.3971683267555086,24
802415,"Simpson, Chandler","TB",2025,2025,4.34521731598686,1.118833549688581,3.2263837662982784,51,2.3013169070296753,-0.817621096095964,-0.364862261245131,24,2.278535865348868,0.9478479009494114,13.660935888687877,4.5201372557824175,27
677951,"Witt Jr., Bobby","KC",2025,2025,4.172761224089014,2.5655314556108038,1.6072297684782106,70,3.235534750728081,0,-0.6700032951172757,40,0.7501955663629831,0.8570342021152282,9.066763592711618,3.8986543768859483,30
671732,"Butler, Lawrence","ATH",2025,2025,4.142339174676899,2.8900821379665333,1.252257036710366,61,3.803870565396854,0,-0.9137884274303201,43,1.013192338844997,0.23906469786536932,5.455349646756356,2.1056597935624626,18
682928,"Abrams, CJ","WSH",2025,2025,4.13760767857932,2.4644812177579416,1.6731264608213783,69,4.8679370490251035,-1.5943670885564285,-0.8090887427107348,52,2.0468459209342877,-0.37371946011290935,8.864458091044973,-0.862779054560432,17
607208,"Turner, Trea","PHI",2025,2025,4.082859954176438,2.937095286503202,1.1457646676732367,58,3.8284843332544285,0,-0.8913890467512272,37,-0.3165134359977945,1.4622781036710308,-0.07859696318122497,6.941021512012788,21
680776,"Duran, Jarren","BOS",2025,2025,3.9430050880390017,3.7448360168910373,0.19816907114796445,72,5.631183615421101,-1.539729166898051,-0.34661843163201334,53,0.8261698160863911,-0.6280007449384263,6.322724600874451,-2.163855785635431,19
596115,"Story, Trevor","BOS",2025,2025,3.908919167328957,0.8568333612034849,3.052085806125472,43,2.56565222691474,-0.7728933561213888,-0.9359255095898663,26,3.1519295713519484,-0.0998437652264767,13.818223333800223,-0.834277478615127,17
687363,"Scott II, Victor","STL",2025,2025,3.8861837778429162,1.0910046291662823,2.7951791486766338,50,2.49000411446798,-0.7575032222632433,-0.6414962630384545,25,2.7041285651854126,0.0910505834912219,15.470144752505005,0.3041966413895231,25
665833,"Cruz, Oneil","PIT",2025,2025,3.7281884230086484,0.48214571255491456,3.2460427104537337,62,2.430927566258003,-0.7739306970961997,-1.174851156606889,31,3.0097999034600305,0.23624280699370143,16.635302908213166,2.1658426662910086,31
660271,"Ohtani, Shohei","LAD",2025,2025,3.6612561584207515,2.6749866189203138,0.9862695395004377,54,3.8376939576978226,0,-1.1627073387775102,40,0.7581910951693429,0.22807844433109536,3.6190998481140015,0.9053115991811049,14
678882,"Rafaela, Ceddanne","BOS",2025,2025,3.3909836959302178,1.351638654642364,2.039345041287854,51,2.85710791611999,-0.781843274121189,-0.7236259873564378,39,2.209391505160602,-0.17004646387274913,9.84408773444089,-1.1327425181886928,12
690993,"Keith, Colt","DET",2025,2025,3.231846521212794,3.4371206782035726,-0.20527415699077883,30,4.111367965134407,0,-0.6742472869308332,30,-0.12650128195969024,-0.07877287503108864,-2.5671567605266623,-0.5984498430756817,0
686217,"Frelick, Sal","MIL",2025,2025,3.198332731016685,2.2247311226393833,0.9736016083773018,45,3.1515815614048748,0,-0.9268504387654911,32,0.8475487689482992,0.12605283942900244,3.8142450014683686,0.36060995818269237,13
672695,"Perdomo, Geraldo","AZ",2025,2025,3.0928992091423124,2.19093180813828,0.9019674010040326,48,3.7390550392724062,-0.8777760665395923,-0.6703471645945346,35,0.4955594182763532,0.4064079827276805,2.0048326090722672,1.7761624267560194,13
682668,"Acuña, Luisangel","NYM",2025,2025,3.0412942659255804,1.4638594956139603,1.57743477031162,32,1.8709994151714624,0,-0.4071399195575021,20,1.6770072458833922,-0.09957247557177211,8.286125607622433,-0.6967123786605096,12
683002,"Henderson, Gunnar","BAL",2025,2025,2.9577050405654615,2.5947305039521695,0.36297453661329176,54,3.8203351776896133,-0.7691808743599596,-0.45642379937748306,41,0.23803252884890044,0.12494200776439124,2.588121380862661,0.32347184943811785,13
691176,"Domínguez, Jasson","NYY",2025,2025,2.863856827029887,1.2969401197964472,1.5669167072334398,49,2.9113629836869515,-0.7506618514357423,-0.8637610124547624,34,1.8694854154195615,-0.3025687081861223,9.04682256725318,-0.6608651439555406,15
681082,"Stott, Bryson","PHI",2025,2025,2.8616920303782503,1.6050329900853504,1.2566590402928999,35,1.879450747092341,0,-0.27441775700699084,21,1.18692098580126,0.06973805449163968,6.2495675283473275,0.19016361383348654,14
664059,"Haggerty, Sam","TEX",2025,2025,2.8328820853103585,1.4362305884756768,1.3966514968346817,26,1.6772376977955772,0,-0.24100710931990035,18,0.8745732734041649,0.5220782234305166,3.4884929968234237,2.5276752667125755,8
621438,"Taylor, Tyrone","NYM",2025,2025,2.765748542076105,1.0093502668548249,1.7563982752212803,39,2.0408694747635097,-0.7859687724965376,-0.24555043541214774,29,1.6496417426573233,0.10675653256395659,7.236796376451802,0.4055261302514731,10
665487,"Tatis Jr., Fernando","SD",2025,2025,2.6864859737089923,1.8229351739796271,0.8635507997293651,55,3.439688217217832,-0.7717511624726877,-0.8450018807655171,36,0.2941163048755931,0.5694344948537718,1.0417640317189807,5.060549469954833,19
676609,"Caballero, José","TB",2025,2025,2.674486817743028,0.6959815425835861,1.9785052751594416,54,1.699304681140083,-0.7550733622760667,-0.24824977628043016,20,1.2233551617651532,0.7551501133942886,10.974774545057878,6.099836318550781,34
663656,"Tucker, Kyle","CHC",2025,2025,2.6708900742201616,0.9548870726176324,1.7160030016025292,44,2.2052707525645188,0,-1.250383679946886,30,1.0130007404650934,0.7030022611374349,4.032322264157993,3.2213710194909915,14
682657,"Martínez, Angel","CLE",2025,2025,2.57137593754822,1.5664021234061365,1.0049738141420839,40,2.648388740451829,-0.7557089552802633,-0.32627766176542883,34,0.8697973852917986,0.1351764288502854,2.9262660603775026,0.45447537524092557,6
670770,"Friedl, TJ","CIN",2025,2025,2.52762339933281,2.000137387707137,0.5274860116256729,47,3.257200993475958,0,-1.2570636057688205,36,0.4849316833177901,0.04255432830788286,1.607364809006755,-0.09980700614842682,11
663538,"Hoerner, Nico","CHC",2025,2025,2.4739077258047617,0.4468448735103526,2.027062852294409,51,2.2559754512573296,-0.838680944359498,-0.9704496333874792,36,1.339142777671557,0.6879200746228528,5.442844091123667,3.2541116063411883,15
669016,"Marsh, Brandon","PHI",2025,2025,2.4161123641565645,1.5986882291460625,0.8174241350105023,28,2.0778862264575166,0,-0.4791979973114539,23,0.8423173004874493,-0.024893165476946665,2.633565871839565,-0.23089196967496428,5
621020,"Swanson, Dansby","CHC",2025,2025,2.400837083531432,1.911550224174885,0.48928685935654703,32,2.680100968389971,0,-0.7685507442150857,25,0.5517204912691326,-0.06243363191258536,1.9134793740680598,-0.5854721022127609,7
608070,"Ramírez, José","CLE",2025,2025,2.3472914183586973,1.321430767788521,1.025860650570176,70,3.4582735180573176,-1.63517141108725,-0.501671339181546,40,-0.15711988912361102,1.1829805396937871,4.8980332229252515,6.813400886512542,30
691026,"Winn, Masyn","STL",2025,2025,2.306774520180599,2.1049283188030823,0.20184620137751652,43,2.6900642566648156,0,-0.5851359378617337,35,0.2170614174148466,-0.015215216037330177,1.1213398959095973,-0.3825525941893854,8
664702,"Straw, Myles","TOR",2025,2025,2.3060495558720087,1.298486029521124,1.0075635263508844,24,1.6011540275899798,0,-0.30266799806885586,18,1.1152176596674375,-0.10765413331655367,4.416664011136062,-0.7285332497943692,6
596019,"Lindor, Francisco","NYM",2025,2025,2.2457982024023684,1.0538637830396078,1.1919344193627606,45,1.9065937694203918,0,-0.8527299863807846,31,0.9501376219335563,0.2417967974292035,4.490455322452853,0.8627101519518112,14
663968,"Mangum, Jake","TB",2025,2025,2.223645522837421,1.2451252604081016,0.9785202624293191,32,1.5248258274792628,0,-0.27970056707116103,20,1.024495379540123,-0.04597511711080402,5.932075585522982,-0.3528904779768067,12
665161,"Peña, Jeremy","HOU",2025,2025,2.1964859983892113,1.0610151963925667,1.1354708019966449,47,2.233218130725345,-0.7542950225197771,-0.4179079118130005,33,0.29088762949574287,0.8445831725009026,1.4562307050465546,3.934061746491954,14
808975,"Kim, Hyeseong","LAD",2025,2025,2.1465497813676597,0.5383635831227085,1.6081861982449512,22,0.7595044329629462,0,-0.22114084984023788,10,1.6132373129122513,-0.0050511146673002955,8.309359490418142,-0.18194573238861525,12
694192,"Chourio, Jackson","MIL",2025,2025,2.128732145024266,1.6884174477768095,0.4403146972474569,65,3.3671750865256103,-0.8689270523445325,-0.8098305864042696,45,-0.0038497870013356437,0.4441644842487927,3.540103580562163,1.8773476477626485,20
680574,"McLain, Matt","CIN",2025,2025,2.119971189147433,0.5758736858697512,1.5440975032776818,37,2.241826119882045,-0.7775759306445998,-0.8883765033676938,28,1.6066617138181896,-0.06256421054050747,6.249068912210079,-0.556027242988242,9
680977,"Donovan, Brendan","STL",2025,2025,2.0959288089870247,1.5986483108016183,0.4972804981854066,45,3.2484942232862144,0,-1.6498459124845952,42,0.6009659689394925,-0.10368547075408602,-0.5875219833184872,-0.790621067701191,3
677950,"Thomas, Alek","AZ",2025,2025,2.066674804123638,2.773703744790556,-0.7070289406669186,30,3.015000820721619,0,-0.24129707593106348,26,-0.6191185979607621,-0.08791034270615651,-2.093075475463592,-0.5504865023696857,4
543760,"Semien, Marcus","TEX",2025,2025,2.0533429144798383,1.5625883998802934,0.4907545145995451,35,2.226587135889884,0,-0.6639987360095908,27,0.6699496950863842,-0.17919518048683936,2.9861404693384195,-1.0963283174160297,8
543807,"Springer, George","TOR",2025,2025,2.0137937962108357,0.5390170954158265,1.474776700795009,49,2.9484774413808923,-0.7507620575425402,-1.6586982884225252,40,1.3626420200422809,0.11213468075272737,4.868493473950081,0.22396585473005043,9
679032,"Rojas, Johan","PHI",2025,2025,2.0047454809561236,0.8350634489634213,1.1696820319927022,26,1.1344060125406408,0,-0.2993425635772193,13,1.4466877911645448,-0.27700575917184284,7.795736438487747,-0.2641834406914816,13
676391,"Clement, Ernie","TOR",2025,2025,1.9777208617215871,3.2088724227651277,-1.2311515610435406,41,3.5423432870487908,0,-0.33347086428366235,36,-1.157316796618255,-0.07383476442528508,-3.9279610068642166,-0.7189661285435598,5
677594,"Rodríguez, Julio","SEA",2025,2025,1.9637820691860166,1.4172680690780834,0.5465140001079333,47,2.102185158143747,0,-0.6849170890656637,29,-0.17656557836423348,0.7230795784721668,1.5635955523872083,3.309621268439888,18
686668,"Doyle, Brenton","COL",2025,2025,1.8798601144748204,0.24585817220576223,1.6340019422690581,28,1.3441443875791281,0,-1.098286215373366,19,1.7034985833107892,-0.06949664104173087,7.074092117046939,-0.49162107938622257,9
672640,"Lopez, Otto","MIA",2025,2025,1.853854935208005,0.7921870469958524,1.0616678882121526,40,2.248737886997413,-0.7654544096726604,-0.6910964303289003,30,1.1196438536428297,-0.05797596543067671,4.9603382616780385,-0.5073678136116795,10
682177,"Schneemann, Daniel","CLE",2025,2025,1.8516132925824376,1.0642478065288536,0.7873654860535839,24,1.2234704262040885,0,-0.15922261967523485,16,0.4326523701297864,0.3547131159237975,2.248038829540054,1.6549017032603985,8
668930,"Turang, Brice","MIL",2025,2025,1.8381174158317897,1.9544545203463577,-0.11633710451456794,53,2.6375540069129246,0,-0.6830994865665677,32,0.07128185988588807,-0.18761896440045608,3.246258229741662,0.006778938534793563,21
573262,"Yastrzemski, Mike","SF",2025,2025,1.8186710306713887,1.4569455263361686,0.36172550433522016,34,1.9877708214465808,0,-0.5308252951104123,24,0.25632283556031843,0.10540266877490155,1.2172818865767836,0.3819448087019214,10
694497,"Carter, Evan","TEX",2025,2025,1.7722614240008463,1.1860907485076568,0.5861706754931896,24,1.3396240139547602,0,-0.15353326544710336,14,0.6341267217103832,-0.04795604621719345,4.976905225298583,-0.2916647927515078,10
665926,"Giménez, Andrés","TOR",2025,2025,1.6790737363202197,0.3774641803146765,1.3016095560055432,26,0.7919463111292606,0,-0.4144821308145839,15,1.1980479862338096,0.10356156977173343,5.830332702763031,0.305298116696007,11
645277,"Albies, Ozzie","ATL",2025,2025,1.6638298771189157,2.0146207351703427,-0.3507908580514269,35,2.531494883997226,0,-0.516874148826884,28,-0.26561844736905066,-0.08517241068237644,-1.3692596783167246,-0.5802742689729626,7
592885,"Yelich, Christian","MIL",2025,2025,1.6579889632198932,1.5187995309989157,0.13918943222097752,42,2.383892812261733,0,-0.8650932812628167,30,-0.05973283805456033,0.1989222702755375,-0.5428198938742913,1.9939043513708385,12
687597,"Beck, Jordan","COL",2025,2025,1.6550794639405226,0.6087459888081973,1.0463334751323254,47,2.5957642137000914,-0.778048363635446,-1.2089698612564481,34,0.7419199364834448,0.30441353864888077,4.5676786040341835,1.310053654026877,13
607043,"Nimmo, Brandon","NYM",2025,2025,1.551290756237139,-0.043745869930962855,1.5950366261681017,32,1.0041373478835771,0,-1.0478832178145399,22,1.518259139675411,0.07677748649269217,4.837676974746189,0.15481255317713674,10
672016,"Clarke, Denzel","ATH",2025,2025,1.5438993035798743,0.8184975047179377,0.7254017988619366,19,1.4625887752560576,0,-0.6440912705381197,15,0.7664459340347428,-0.041044135172806286,3.259456000055571,-0.289707892123182,4
664728,"Isbel, Kyle","KC",2025,2025,1.5106726401530215,1.7477310320499644,-0.2370583918969429,30,2.4066259422811345,0,-0.6588949102311705,27,-0.16543688221327474,-0.07162150968366829,-1.0057379395327986,-0.4609460606204565,3
701538,"Merrill, Jackson","SD",2025,2025,1.4974895628996026,1.8038503785774442,-0.30636081567784174,32,2.2881079396616135,0,-0.48425756108416834,30,-0.331793392292096,0.025432576614254205,-2.4030678316193277,-0.27416416570569097,2
666969,"García, Adolis","TEX",2025,2025,1.4953216721558202,0.8213226399694061,0.6739990321864141,32,1.6348430394479048,0,-0.8135203994784992,21,0.6023949802625187,0.07160405192389502,3.796305085704895,0.1362982768998243,11
630105,"Cronenworth, Jake","SD",2025,2025,1.4617483386781585,1.0158478891500498,0.4459004495281086,26,1.5900760511352678,0,-0.5742281619852179,23,0.3060080407951841,0.13989240873292458,0.10728877861021312,0.5479418637628335,3
671739,"Harris II, Michael","ATL",2025,2025,1.4380160710220322,0.7760672984675845,0.6619487725544477,33,1.7023667738540151,0,-0.9262994753864309,21,0.7475410793579771,-0.08559230680352874,4.24603176272449,-0.5772403695933471,12
694671,"Langford, Wyatt","TEX",2025,2025,1.386722776758177,0.733578413279822,0.6531443634783549,39,2.161802269977906,-0.7681731712891143,-0.6600506854089698,24,0.1524867497322263,0.5006576137461292,2.1177053370263814,2.205605845812203,15
808982,"Lee, Jung Hoo","SF",2025,2025,1.3496191495407208,2.1109569625241535,-0.7613378129834328,56,4.288688029339545,-1.7014785044774068,-0.47625256233798413,48,-0.41537150421228325,-0.34596630877114937,-2.483752081575359,-0.7786713670279801,8
660670,"Acuña Jr., Ronald","ATL",2025,2025,1.2162924918602724,1.0560879912227599,0.16020450063751257,27,1.8171835583457483,0,-0.761095567122989,25,0.20485602255999022,-0.04465152192247779,-1.2187993897991178,-0.3823382491040944,2
547180,"Harper, Bryce","PHI",2025,2025,1.2068176611688628,0.6541733863026836,0.5526442748661791,39,2.2699499459120513,-0.7651748744880742,-0.8506016851212933,35,0.22262155957133822,0.33002271529484084,-0.4613696373012572,1.4529611068043842,4
650489,"Castro, Willi","MIN",2025,2025,1.1829285531079432,0.3715470111581038,0.8113815419498395,39,1.8497008368956775,-0.9981895377092778,-0.4799642880282961,27,0.7037489711262293,0.10763257082360993,4.059900591962207,0.428027719909601,12
642201,"White, Eli","ATL",2025,2025,1.1623338281626157,0.09180340988410847,1.0705304182785071,28,2.0195391522310024,-0.7757183156544847,-1.152017426692409,22,0.8989343134360387,0.17159610484246918,3.5830143217712713,0.6988253876282402,6
695578,"Wood, James","WSH",2025,2025,1.1220975468970493,0.4759431873899181,0.6461543595071313,42,1.8978653314885299,0,-1.4219221440986123,28,0.5626980675936296,0.08345629191350176,3.4723755404456838,0.205726762043708,14
669065,"Stowers, Kyle","MIA",2025,2025,1.0892374774422149,0.9529590925783943,0.13627838486382066,33,2.0842410743603894,0,-1.131281981781996,28,-0.0023275538419190722,0.1386059387057399,-1.1266027283717504,0.5644844307523912,5
666152,"Hamilton, David","BOS",2025,2025,1.0823948469709983,0.18529780992680062,0.8970970370441977,23,0.3430101072232904,0,-0.15771229729648986,8,1.0479223821069759,-0.1508253450627781,6.992212321722414,0.3932528092470265,15
593871,"Polanco, Jorge","SEA",2025,2025,1.0799971749481037,0.9971139158691027,0.08288325907900086,20,1.5771640539346534,0,-0.5800501380655507,16,0.10382418786291547,-0.02094092878391466,0.7067519915720841,-0.5156144024943842,4
643289,"Dubón, Mauricio","HOU",2025,2025,1.0758504014286987,0.8266416591467699,0.24920874228192882,20,1.15522970613424,0,-0.32858804698746985,18,0.12674092275363225,0.12246781952829656,-0.16182726900869457,0.5245724335338028,2
641355,"Bellinger, Cody","NYY",2025,2025,1.0593103673005444,0.561398859063896,0.4979115082366484,39,2.8573563345104036,-0.8459641224235298,-1.4499933530229774,29,0.3289841088751319,0.1689273993615164,2.282761846970038,0.5675284282032629,10
641857,"McMahon, Ryan","COL",2025,2025,1.0278177362902654,1.1783407163387085,-0.15052298004844306,29,1.8693742309682455,0,-0.6910335146295375,26,-0.11394217260149626,-0.036580807446946764,-1.5897278436738365,-0.4318375512790833,3
665862,"Chisholm Jr., Jazz","NYY",2025,2025,1.0241580104907704,1.5010318412337877,-0.47687383074301737,31,1.6610420358586704,0,-0.1600101946248828,20,-0.4168083805044761,-0.06006545023854153,0.1984830982530166,0.7790417856162726,11
643217,"Benintendi, Andrew","CWS",2025,2025,1.015496379673457,0.9295372531189848,0.08595912655447223,30,2.188737221779459,0,-1.259199968660474,29,0.10298717377225232,-0.017028047217780076,-0.9530993131274548,-0.3393766816136638,1
687401,"Ortiz, Joey","MIL",2025,2025,1.002216022199514,1.2223964563826164,-0.22018043418310249,29,1.6249623072008592,0,-0.40256585081824237,22,-0.16791580349399893,-0.05226463068910351,0.2494471568592758,-0.5810250269802572,7
663647,"Hayes, Ke'Bryan","PIT",2025,2025,0.9931191148643719,0.7523055318940302,0.24081358297034178,35,1.9284675171871408,0,-1.1761619852931104,29,-0.281013110357887,0.5218266933282287,-1.7661051629512405,2.4506892158490103,6
673357,"Robert Jr., Luis","CWS",2025,2025,0.9357522553748012,-0.7975950067127504,1.7333472620875516,34,0.8253549901210938,-0.905681150166793,-0.7172688466670513,14,1.8581818666960799,-0.12483460460852809,11.779184728233917,-0.780293861917859,20
595879,"Báez, Javier","DET",2025,2025,0.8856009990008892,0.8004499065261336,0.0851510924747556,29,2.203455282096744,-0.8125817377959846,-0.590423637774626,27,-0.0528674344354028,0.13801852691015842,-2.1203036180444106,0.46725251573935717,2
656775,"Mullins, Cedric","BAL",2025,2025,0.8707323024758494,-0.20593467825719056,1.07666698073304,33,1.1910076265801377,-0.7532575946492677,-0.6436847101880605,20,0.9104043734105728,0.1662626073224669,5.326942517139911,0.6195238276263669,13
545341,"Grichuk, Randal","AZ",2025,2025,0.865632611881425,1.0043350036578764,-0.1387023917764514,21,1.5154147772961886,0,-0.5110797736383121,21,-0.12643358927308018,-0.012268802503371132,-1.2733307536244667,-0.1402755114350188,0
669701,"Smith, Josh","TEX",2025,2025,0.8121609349286466,1.7643286645201846,-0.952167729591538,47,2.50822501345611,0,-0.7438963489359254,36,-1.03488577108773,0.08271804149619175,-2.947224130365762,0.20101512558342624,11
571970,"Muncy, Max","LAD",2025,2025,0.7676615342689971,0.2478808743914611,0.519780659877536,22,1.1311786437468372,0,-0.8832977693553764,18,0.6124019316370344,-0.0926212717594985,1.2500788695424239,-0.5767636523712846,4
665742,"Soto, Juan","NYM",2025,2025,0.7479377674315401,-0.5912449687279552,1.3391827361594952,40,1.6279095458772699,0,-2.219154514605224,31,1.222406191076495,0.11677654508299963,3.1367939568929413,0.22272695096176723,9
666971,"Gurriel Jr., Lourdes","AZ",2025,2025,0.7426652952783874,0.14910813886500046,0.593557156413387,30,1.618403129027707,0,-1.4692949901627066,19,0.5826003271052493,0.010956829308137689,3.612270950686268,-0.20110925438185828,11
681624,"Pages, Andy","LAD",2025,2025,0.7426183104812145,1.1716230408751107,-0.42900473039389614,40,2.677347819780012,-0.7712080300016805,-0.7345167489032199,31,0.09768787868143149,-0.5266926090753276,0.6729207850488049,-1.5196446885000834,9
702332,"Durbin, Caleb","MIL",2025,2025,0.7375542784230553,1.204670207228814,-0.4671159288057587,33,1.9902555652130285,0,-0.7855853579842144,24,-0.7410164051841289,0.27390047637837006,-1.4266197804862741,1.206919943132513,9
669127,"Langeliers, Shea","ATH",2025,2025,0.7248421178671931,0.697246823922414,0.027595293944779102,26,1.2273715454259,0,-0.5301247215034861,21,0.1093760198043684,-0.0817807258595893,0.40895957571158514,-0.5589518933558124,5
642708,"Rosario, Amed","WSH",2025,2025,0.6352813636295407,1.032952572571094,-0.3976712089415533,20,1.2692088600207103,0,-0.2362562874496162,18,0.07570121019344465,-0.47337241913499795,-0.378102314501384,-1.3054934067120492,2
678246,"Vargas, Miguel","CWS",2025,2025,0.6054021173237254,0.3246860577071334,0.28071605961659196,44,2.2199320781934637,-0.8548848794692446,-1.040361141017086,41,0.2641535142174352,0.016562545399156768,-0.3740198293124328,-0.16998047514008272,3
669364,"Edwards, Xavier","MIA",2025,2025,0.5725051362036684,1.0076156124545586,-0.4351104762508902,60,3.1548348902629124,-0.7753121038823734,-1.371907173925981,38,0.08595991117607027,-0.5210703874269612,4.87217036117298,-1.7433704214019308,22
680757,"Kwan, Steven","CLE",2025,2025,0.5371408615103641,0.3886236542492902,0.14851720726107398,37,1.7106590643073931,0,-1.322035410058103,27,-0.04153295996522405,0.190050167226298,-1.9154019303952787,0.7264421903982046,10
666149,"Fitzgerald, Tyler","SF",2025,2025,0.5151231008998074,0.8238048685661494,-0.3086817676663421,23,1.1495719223827368,0,-0.3257670538165873,14,-0.44632515623415125,0.1376433885678091,0.4577514420983021,0.6183476638264525,9
667670,"Rooker, Brent","ATH",2025,2025,0.49980579340424824,0.7430578168691446,-0.24325202346489636,36,1.8724448037890833,0,-1.1293869869199384,32,-0.08967834833920267,-0.15357367512569356,-1.5072477952865722,-0.9587038132559141,4
687263,"Neto, Zach","LAA",2025,2025,0.437729384258148,1.5769005139073358,-1.1391711296491878,63,2.882507709457742,0,-1.3056071955504054,41,-1.6089283291779337,0.4697571995287465,-0.36459618897543916,2.0860679374289925,22
680718,"Barger, Addison","TOR",2025,2025,0.4341507301687968,0.2085128961583797,0.2256378340104171,23,0.9642254664444442,0,-0.7557125702860642,21,0.29968992637466596,-0.07405209236424888,0.5133317272107307,-0.4893301120648551,2
669289,"Espinal, Santiago","CIN",2025,2025,0.42375629176797003,1.2055156358719143,-0.7817593441039443,25,1.680713266572195,0,-0.4751976307002809,21,-0.26856484639387207,-0.5131944977100722,-1.8821500543143503,-1.6791558446298265,4
701762,"Kurtz, Nick","ATH",2025,2025,0.41991887535005734,0.8189021696068681,-0.3989832942568108,24,1.5170867052200092,0,-0.6981845356131411,22,-0.3629981437981178,-0.03598515045869294,-1.4829362974009779,-0.3504642480484017,2
643396,"Kiner-Falefa, Isiah","PIT",2025,2025,0.396658943102691,0.13893817300809502,0.257720770094596,29,1.2898766581978147,-0.7725236993776083,-0.3784147858121113,20,0.349538452220832,-0.09181768212623571,2.1956197220717324,-0.6557266653394365,9
669242,"Edman, Tommy","LAD",2025,2025,0.3840791821373487,0.21488525780468773,0.16919392433266095,26,1.1727083452263398,0,-0.9578230874216521,21,0.024583680388635214,0.14461024394402572,0.02752236200671647,0.6143340306489076,5
807713,"Shaw, Matt","CHC",2025,2025,0.3560795410847549,0.17555765798723086,0.1805218830975241,32,1.18677154873046,-0.7965564684179941,-0.21465742232523505,20,0.09765115390977468,0.08287072918774908,2.9611268464394676,0.2731108178297833,12
596146,"Kepler, Max","PHI",2025,2025,0.3341259860019295,0.510359104836225,-0.17623311883429554,21,1.453211460738336,0,-0.9428523559021114,21,-0.10209833571653497,-0.0741347831177606,-2.295824640096114,-0.48539141062848035,0
665750,"Taveras, Leody","SEA",2025,2025,0.32099794919108926,0.39911031649249595,-0.07811236730140667,22,0.7121695142354153,0,-0.3130591977429193,9,-0.25957849915949505,0.18146613185808835,2.8859676118412416,0.8491116597365769,13
593428,"Bogaerts, Xander","SD",2025,2025,0.3106485847616599,-0.9746516051137227,1.2853001898753826,37,1.4182444066321038,-0.9209161231609133,-1.4719798885849136,26,1.4178103374326312,-0.13251014755724877,6.407937798844023,-0.8979366213880886,11
681393,"Norby, Connor","MIA",2025,2025,0.2979181682706592,-0.40089253064429975,0.698810698914959,27,0.9373134869641777,-0.7686751380229564,-0.5695308795855206,19,0.5648555773671268,0.13395512154783198,2.603901625377167,0.5151927344580272,8
572191,"Taylor, Michael A.","CWS",2025,2025,0.27625619689009606,0.37690270290826494,-0.10064650601816888,35,1.3863394887423954,-0.8291508606624026,-0.18028592517172778,25,0.30038194712509353,-0.4010284531432623,1.9161402856897314,0.3549472128304799,10
672761,"Pérez, Wenceel","DET",2025,2025,0.26667454207149266,0.06136076768635085,0.20531377438514184,19,1.8873357138619902,-1.7308553515815759,-0.0951195945940639,18,0.20719260573589346,-0.0018788313507516043,0.5145728147479576,-0.13935045868504442,1
687462,"Horwitz, Spencer","PIT",2025,2025,0.26447287109795514,0.3549626074269376,-0.09048973632898247,19,1.403744393244579,0,-1.0487817858176414,19,-0.06860850276503053,-0.02188123356395193,-1.2501472178185322,-0.2021088221078006,0
664238,"Moore, Dylan","SEA",2025,2025,0.25359285005203347,0.004813573464974907,0.24877927658705853,22,0.4404129060291921,0,-0.43559933256421723,10,0.2885391541887104,-0.039759877601651804,4.1806470707621095,-0.3901746691959113,12
606192,"Hernández, Teoscar","LAD",2025,2025,0.25309422060087633,-0.41333521238027465,0.666429432981151,34,1.6299427938870876,-0.8834291989707819,-1.1598488072965796,29,0.19569710551087105,0.4707323274702798,-0.6519867338788816,2.084305741821454,5
691594,"Sanoja, Javier","MIA",2025,2025,0.2105593048541543,1.3210732017537936,-1.1105138968996393,26,1.4769699703474122,0,-0.15589676859361856,21,-1.0562944679106732,-0.054219428988965986,-2.42261707580519,-0.33960416719890185,5
679529,"Torkelson, Spencer","DET",2025,2025,0.18388881554959702,0.6812364048523659,-0.4973475893027689,36,2.1897463474789367,0,-1.5085099426265705,34,-0.4272980421019829,-0.07004954720078602,-2.8659937597223304,-0.5215402325254358,2
642715,"Adames, Willy","SF",2025,2025,0.18219112919324354,0.6090775115068157,-0.4268863823135721,35,2.266819832435476,-0.785506548872133,-0.8722357720565276,29,-0.3456034768749849,-0.08128290543858725,-1.6736330054083872,-0.6917511400504112,6
666139,"Lowe, Josh","TB",2025,2025,0.1552358296408115,0.6624171381895296,-0.5071813085487181,28,1.2521748188563018,0,-0.5897576806667719,20,0.007607392417643355,-0.5147887009663612,1.3719273295004255,-1.4779152979846584,8
666160,"Moniak, Mickey","COL",2025,2025,0.1429111155631853,0.5192438218621017,-0.3763327062989164,32,2.0039286873674267,-0.7843638241880474,-0.7003210413172775,24,0.11722487093167455,-0.49355757723059096,1.474916025200693,-1.3791573780537878,8
696285,"Young, Jacob","WSH",2025,2025,0.11163550536467604,1.6662650726506092,-1.5546295672859332,29,1.9424021252061103,0,-0.27613705255550114,16,-1.9006867329620012,0.3460571656760682,-3.7466017863271657,1.6531521976879426,13
696100,"Goodman, Hunter","COL",2025,2025,0.07139864510767224,0.7444515029598501,-0.6730528578521778,32,1.5605536984070456,0,-0.816102195447196,28,-0.6407431721275471,-0.032309685724630624,-2.558361495854904,-0.42744691994942396,4
666310,"Naylor, Bo","CLE",2025,2025,0.0529048253438994,0.24852935648555705,-0.19562453114165765,27,1.5743019265394291,-0.8186020477989157,-0.5071705222549566,24,0.10684242740739176,-0.30246695854904915,-0.3271211400454184,-0.34671892877060756,3
669397,"Allen, Nick","ATL",2025,2025,0.021482562554667295,0.8755242366493469,-0.8540416740946796,28,1.654097799262144,0,-0.7785735626127968,18,-0.8137040490341277,-0.04033762506055188,-1.219392035804403,-0.39420121899077293,10
672356,"Arias, Gabriel","CLE",2025,2025,0.01100329559653862,0.2735188004660979,-0.26251550486955927,31,1.4710509938672043,-0.7924155105380531,-0.40511668286305336,28,-0.42257027172028333,0.16005476685072395,-2.228086709571938,0.6801851947480018,3
572233,"Walker, Christian","HOU",2025,2025,-0.005414777009512067,-0.18764620076888733,0.18223142375937526,25,0.951199744442136,0,-1.1388459452110227,23,0.021245683686766808,0.16098574007260852,-1.6579946871843134,0.6318869204291115,2
670764,"Walls, Taylor","TB",2025,2025,-0.020265381093565793,0.6771155518461687,-0.6973809329397345,34,1.7184995798512508,-0.7828265088600898,-0.25855751914499253,20,0.061972696873126454,-0.7593536298128605,2.7552685696427974,-1.495154516043355,14
686611,"Crews, Dylan","WSH",2025,2025,-0.0332990762217083,0.4867888910685972,-0.5200879672903055,19,0.6806208300734421,0,-0.19383193900484494,8,-0.8873963129299021,0.3673083456395967,-0.21467827967214326,1.793453849729702,11
683011,"Volpe, Anthony","NYY",2025,2025,-0.07435547226392936,0.17011464757484218,-0.24447011983877154,41,1.76710205798874,-0.808586240229107,-0.7884011701847913,27,-0.3864543893928785,0.14198426955410698,-0.11990022074239037,1.5988642564026276,14
677588,"Tena, José","WSH",2025,2025,-0.08980954936779877,0.0667601976975331,-0.15656974706533186,22,1.3095178951342334,-0.748752182139094,-0.49400551529760606,19,-0.46306545938681465,0.3064957123214827,-2.0741786042327637,1.3647299484118467,3
686555,"Collins, Isaac","MIL",2025,2025,-0.09684988592973065,0.5774984515901394,-0.67434833751987,25,0.8822654914121756,0,-0.304767039822036,15,-0.8537734525461764,0.17942511502630626,-0.54980057453935,0.6356748493130318,10
673237,"Diaz, Yainer","HOU",2025,2025,-0.10742807887282124,0.519158660158668,-0.6265867390314892,24,1.305951659921525,0,-0.7867929997628573,23,-0.5647269837189978,-0.06185975531249155,-3.6336870202438103,-0.4116627874683106,1
605141,"Betts, Mookie","LAD",2025,2025,-0.11132602448439388,-0.8614921676747289,0.750166143190335,36,1.644949230651598,-1.6571163029289342,-0.8493250953973924,31,0.6537115017183126,0.09645464147202223,1.2357451928781682,0.38812429642822327,5
516782,"Marte, Starling","NYM",2025,2025,-0.11290353285344895,-0.5025366992966306,0.38963316644318163,24,1.0041986132558063,-0.8388505860338616,-0.6678847265185751,18,0.8776720951028318,-0.4880389286596504,3.0919915793101835,-1.490766767458048,6
656305,"Chapman, Matt","SF",2025,2025,-0.11545630081283659,0.3815827757370249,-0.4970390765498615,33,1.4934843772614559,-0.8414483271252138,-0.2704532743992166,24,-0.31629768757038057,-0.18074138897948108,-1.0293556498279535,0.1517791211608048,9
672820,"Sosa, Lenyn","CWS",2025,2025,-0.11577432042836522,0.3565918026972016,-0.4723661231255668,20,0.9108709551882133,0,-0.5542791524910117,18,-0.4210414371521403,-0.05132468597342641,-1.7885668331448399,-0.4017161206209954,2
805779,"Wilson, Jacob","ATH",2025,2025,-0.11674525827772547,0.2595957397817901,-0.3763409980595156,24,1.0056846170790064,0,-0.7460888772972164,20,-0.4228345912894332,0.04649359322991764,-3.0405921003965775,-0.04745457393873212,4
669224,"Wells, Austin","NYY",2025,2025,-0.15552362073393075,0.14226894361553147,-0.2977925643494622,19,1.1527588640196231,0,-1.0104899204040914,16,-0.35935722634829576,0.0615646619988335,-2.1280513435414754,0.09707049162487084,3
701358,"Smith, Cam","HOU",2025,2025,-0.17114602904435738,0.5414116437462032,-0.7125576727905606,30,1.7815944477836236,0,-1.240182804037421,26,-0.2122714647288685,-0.5002862080616924,-1.1345799915605546,-1.4648773049140758,4
650490,"Díaz, Yandy","TB",2025,2025,-0.17149472126762122,0.28148563700850254,-0.45298035827612376,28,0.9800994426019578,0,-0.6986138055934554,28,-0.35120554877633003,-0.10177480949979359,-4.48125240019854,-0.7513690982279705,0
681481,"Carpenter, Kerry","DET",2025,2025,-0.18667922886322103,-0.17033407901254835,-0.01634514985067266,19,1.606776153720897,-0.8096949707715391,-0.9674152619619067,19,0.008980739978874417,-0.02532588982954709,-1.8325402018056864,-0.3484993480043894,0
502671,"Goldschmidt, Paul","NYY",2025,2025,-0.18944548462875385,-0.3937621989535194,0.20431671432476553,38,1.4166627825945692,0,-1.8104249815480886,32,0.31027047528645146,-0.10595376096168571,0.08090894664294779,-0.7940611263134967,6
657656,"Laureano, Ramón","BAL",2025,2025,-0.23371275154353377,0.5085163897946581,-0.7422291413381918,21,0.9033576190594043,0,-0.3948412292647462,17,-0.4833273504891482,-0.2589017908490437,-2.2433389109204858,-0.20199063499098982,4
692225,"Campbell, Kristian","BOS",2025,2025,-0.26112912128748755,0.5386062488339555,-0.799735370121443,25,1.849040131256238,-0.8042977568663479,-0.5061361255559345,21,-0.7219679055163952,-0.07776746460504799,-2.6834549629072746,-0.5844762046352472,4
669911,"Toglia, Michael","COL",2025,2025,-0.31104038036325854,-0.6700247322731142,0.35898435190985567,19,1.2473917053982146,-0.8174122141119468,-1.100004223559382,16,0.4097357802515198,-0.050751428341663934,0.36957848760064127,-0.362589681681008,3
670224,"Misner, Kameron","TB",2025,2025,-0.3293290628493496,-0.7285333770656754,0.39920431421632585,25,1.0033055032193043,-1.6831095116710717,-0.048729368613908204,19,0.2494881808947962,0.1497161333215296,1.5400643418361724,0.6633599171261726,6
660821,"Sánchez, Jesús","MIA",2025,2025,-0.3357800125571653,-0.9764962690887979,0.6407162565316327,33,1.7401583530325329,-1.7442542144690492,-0.9724004076522818,26,0.4860425898238205,0.1546736667078123,1.894002553045504,0.48149608756816414,7
656976,"Smith, Pavin","AZ",2025,2025,-0.34921107637991305,-0.0883689276942798,-0.26084214868563327,24,1.5605656667818935,-0.8580640289761325,-0.7908705655000412,21,-0.23251632312621295,-0.028325825559420467,-1.6013062565359812,-0.38672691060591013,3
663853,"Gonzalez, Romy","BOS",2025,2025,-0.36664048314406406,-0.2881710330596548,-0.07846945008440927,24,1.057916903453984,-0.9204615880399558,-0.4256263484736826,20,-0.1683961952935696,0.08992674520916032,-0.250102985530972,0.34410471447552365,4
606466,"Marte, Ketel","AZ",2025,2025,-0.39409115450463855,0.0006270590538480988,-0.39471821355848663,27,1.2820957468758372,0,-1.2814686878219885,24,-0.4452388868899851,0.050520673331498435,-2.9778020515577346,0.047900447459551077,3
682985,"Greene, Riley","DET",2025,2025,-0.40318401131420156,0.05964940595725856,-0.4628334172714601,32,1.6478265780297334,-0.7658195677886257,-0.8223576042838495,30,-0.36321435340140545,-0.09961906387005463,-3.316016405976272,-0.6757189944807578,2
693307,"Dingler, Dillon","DET",2025,2025,-0.40723979171832886,-0.24203417248151327,-0.1652056192368156,21,0.8386970194124589,0,-1.0807311918939724,21,-0.1364531666101999,-0.028752452626615674,-1.7916957424183564,-0.4625709657649959,0
676059,"Westburg, Jordan","BAL",2025,2025,-0.44117430776741,0.4984728070352444,-0.9396471148026544,28,1.8153417390430806,-0.9376479277142271,-0.3792210042936094,25,-0.8730751642927694,-0.066571950509885,-2.9617742537530805,-0.39290711535134143,3
676694,"Meyers, Jake","HOU",2025,2025,-0.4582383997241401,0.09824154931377431,-0.5564799490379144,39,1.7765590976087537,0,-1.6783175482949793,24,-0.23002926441323693,-0.32645068462467725,1.3915496086579124,-0.6792437100826473,15
664056,"Bader, Harrison","MIN",2025,2025,-0.4724368848405379,0.2782814680764719,-0.7507183529170098,30,1.0661044408178995,0,-0.7878229727414275,20,-0.658162741539975,-0.09255561137703461,0.3700035247342731,-0.6575195250597661,10
668804,"Reynolds, Bryan","PIT",2025,2025,-0.4750459301986144,0.6601370731895423,-1.1351830033881567,32,1.5651935253746874,0,-0.9050564521851452,30,-1.0935822983628936,-0.041600705025263376,-4.416933403099306,-0.4042550027648017,2
700250,"Rice, Ben","NYY",2025,2025,-0.49175401424445575,-0.4526126002875388,-0.039141413956916976,25,1.0513309588549062,0,-1.5039435591424455,21,-0.366280337175943,0.327138923219026,-2.193073264634025,1.400831917180406,4
668715,"Steer, Spencer","CIN",2025,2025,-0.52005969634163,-0.9427432281004227,0.4226835317587927,29,1.2845389536325496,-0.7940590886942244,-1.4332230930387484,22,0.5130369953270044,-0.09035346356821186,1.8690708232956224,-0.6669007265505436,7
668227,"Arozarena, Randy","SEA",2025,2025,-0.5226813483183408,-2.251797150261162,1.7291158019428212,51,1.8015803406859798,-2.2860757951001673,-1.767301695846974,32,1.5138832486387703,0.2152325533040513,7.594198364413557,0.8426130375214048,19
665966,"Narváez, Carlos","BOS",2025,2025,-0.5282193398157038,-0.5266516674290358,-0.0015676723866679568,22,1.0265052280316067,0,-1.5531568954606425,21,-0.18891985628017094,0.18735218389350294,-2.152205597251783,0.7939026127119948,1
663616,"Larnach, Trevor","MIN",2025,2025,-0.56249903222501,0.2910900126168998,-0.8535890448419098,35,1.593835652315964,0,-1.302745639699065,31,-0.7673284431138653,-0.08626060172804456,-3.1422428310708246,-0.688435050439382,4
680777,"Jeffers, Ryan","MIN",2025,2025,-0.5836917670351359,-0.025351231698255178,-0.5583405353368808,22,1.1836057463498284,0,-1.2089569780480836,21,-0.48264138629550785,-0.07569914904137283,-2.658580487591441,-0.5701791700541323,1
669257,"Smith, Will","LAD",2025,2025,-0.6255503121269117,-0.29345694837555136,-0.3320933637513603,24,0.7922943100452163,0,-1.0857512584207683,20,-0.15229956874433992,-0.17979379500702042,-2.283718417656531,-1.0250570549675688,4
683146,"Baty, Brett","NYM",2025,2025,-0.6295657544842697,-1.2689104242461167,0.639344669761847,19,0.49661587711090577,-0.8879512758460788,-0.8775750255109442,15,0.6925585111131268,-0.05321384135127985,2.7600822979704924,-0.3810086715321696,4
691406,"Caminero, Junior","TB",2025,2025,-0.6304256696086692,-0.5397411269757025,-0.0906845426329667,26,1.3471924392964962,-0.8197455454990131,-1.0671880207731856,22,-0.04373794119671884,-0.04694660143624782,-0.4242264708774826,-0.4247553550042049,4
663457,"Nootbaar, Lars","STL",2025,2025,-0.6500595956935888,0.05434707153761607,-0.7044066672312049,37,2.1616429824178818,-0.8267076235073083,-1.2805882873729568,29,-0.7500130038005974,0.045606336569392086,-2.888764724906505,-0.1509128183509814,8
592663,"Realmuto, J.T.","PHI",2025,2025,-0.6552310413464334,-0.2947495727937842,-0.3604814685526492,33,1.7785595975484059,-0.8062943557914605,-1.2670148145507296,27,-0.24132904548769601,-0.11915242306495304,-0.5981029001657215,-0.7819383050954344,6
694384,"Schanuel, Nolan","LAA",2025,2025,-0.6593141042146953,-0.7199927382907952,0.06067863407609994,41,1.9469312607542462,-1.666416491619874,-1.0005075074251677,37,-0.1221416369600675,0.18282027103616744,-4.086285370225106,0.5697154681011721,4
664761,"Bohm, Alec","PHI",2025,2025,-0.6641664045760385,-0.3935056452462298,-0.27066075932980865,23,1.461829057444462,0,-1.8553347026906915,23,-0.15262523683081747,-0.11803552249899119,-3.108643981214458,-0.7593456528527869,0
665489,"Guerrero Jr., Vladimir","TOR",2025,2025,-0.684212777610899,-0.08988455432096433,-0.5943282232899347,43,2.383019608751755,-0.9617952502642895,-1.5111089128084292,37,-0.49827008081877344,-0.09605814247116166,-3.6579128668633993,-0.8921715468653212,6
676572,"Wagaman, Eric","MIA",2025,2025,-0.6912081636860945,-0.5617101689439215,-0.12949799474217308,22,1.297914300270783,-0.8949974296459368,-0.9646270395687676,18,-0.24657168363380072,0.11707368889162764,-1.7312684721047098,0.38805465357897556,4
664770,"Lukes, Nathan","TOR",2025,2025,-0.6958093375785185,0.23293405520329571,-0.9287433927818142,22,1.3067223855765677,0,-1.0737883303732723,19,-0.4050148078762558,-0.5237285849055581,-2.3208505107139565,-1.4858003003307152,3
805367,"Meidroth, Chase","CWS",2025,2025,-0.7565962773940609,-0.8512293565554581,0.09463307916139721,31,1.1013436260907394,-0.7928397544706527,-1.159733228175545,21,0.2236639199520619,-0.12903084079066496,0.5893302285658435,-0.884780803114799,10
810938,"Williamson, Ben","SEA",2025,2025,-0.7639588792596921,-0.46274837838108795,-0.3012105008786041,28,1.3284971677789832,-0.8023027117131931,-0.988942834446878,25,-0.21316764815877645,-0.08804285271982763,-1.7336420133435224,-0.7210557848491359,3
666158,"Lux, Gavin","CIN",2025,2025,-0.7705205752459655,-0.3754785984830997,-0.3950419767628658,28,2.0719766350243027,-1.6188551072910633,-0.8286001262163396,28,-0.2812540842502164,-0.11378789251264954,-3.337933553577666,-0.7262639147856133,0
700242,"Sweeney, Trey","DET",2025,2025,-0.7728876682747443,-0.5306208222339456,-0.2422668460407987,23,1.1125717143136729,-0.7911759449242539,-0.8520165916233645,20,-0.17209684850841728,-0.0701699975323812,-1.1490388721488471,-0.4873792707206065,3
592518,"Machado, Manny","SD",2025,2025,-0.7847533963840171,-0.4346455459996013,-0.3501078503844158,37,2.015110078826184,0,-2.449755624825786,31,-0.5871175447755472,0.23700969439113145,-3.1227493770786365,0.9884764806008233,6
682663,"Ramírez, Agustín","MIA",2025,2025,-0.8209298467400579,-0.8569238274899176,0.035993980749859746,35,1.7044653470652626,-1.6877926979779456,-0.8735964765772347,34,-0.12137043375271209,0.15736441450257183,-1.9773590152042144,0.6213195292601764,1
656811,"O'Hearn, Ryan","BAL",2025,2025,-0.8226253055301416,-0.08867325902659512,-0.7339520465035464,24,1.2909967201219468,0,-1.3796699791485418,20,-0.2625751633344926,-0.4713768831690536,-2.336065966335532,-1.4884626424022431,4
641487,"Crawford, J.P.","SEA",2025,2025,-0.8628264441181595,-1.1834929172665818,0.32066647314842234,26,1.4261888438912196,-0.8916157901803943,-1.718065970977407,22,0.42808248157030176,-0.10741600842187918,-1.2948599571289736,-0.9107366353707114,4
608369,"Seager, Corey","TEX",2025,2025,-0.8670188553152828,-0.734223106065782,-0.1327957492495008,24,1.131507269513624,0,-1.8657303755794064,23,-0.03417956326771271,-0.09861618598178802,-2.1733141591984384,-0.7670038687699775,1
671218,"Ramos, Heliot","SF",2025,2025,-0.877095823347077,-0.15188866869823384,-0.7252071546488432,40,2.2875815769155596,-0.7569717006099645,-1.6824985450038288,32,-0.8321474790453742,0.10694032439653081,-3.283538895739973,0.2210342195695313,8
663586,"Riley, Austin","ATL",2025,2025,-0.9581466069949913,-0.9727194229635217,0.014572815968530373,30,1.440404532369164,-0.7710343926554971,-1.6420895626771883,28,0.10106849411242219,-0.08649567814389192,-1.5737068330419832,-0.658150818219857,2
667472,"Myers, Dane","MIA",2025,2025,-0.9690602164558615,0.007551379644444183,-0.9766115961003057,33,1.3010810678321558,-0.821839092517681,-0.47169059567003074,14,-1.1043379591099225,0.12772636300961673,1.6542528820482831,0.348465677859035,19
650333,"Arraez, Luis","SD",2025,2025,-0.9729732546601281,-0.44226420734204563,-0.5307090473180824,37,2.186897584468243,-1.770841977381933,-0.8583198144283556,34,-0.6494005828822207,0.11869153556413818,-4.6670052718638875,0.4545645636511097,3
575929,"Contreras, Willson","STL",2025,2025,-1.0403255728883773,-1.4609336219843656,0.4206080490959882,44,1.536813880377744,-1.6721525726130249,-1.325594929749085,41,0.2577969885835414,0.16281106051244676,-0.8742496420440901,0.5171341335432508,3
695734,"Lile, Daylen","WSH",2025,2025,-1.043653777794169,0.6524790298747929,-1.696132807668962,21,0.9843707030798166,0,-0.3318916732050238,13,-1.6808771824722546,-0.015255625196707784,-2.5888503244629892,-0.12043242912593355,8
668709,"Bleday, JJ","ATH",2025,2025,-1.0495184180043886,-0.005728233283639836,-1.0437901847207487,23,1.1364245743972203,-0.8484686870388,-0.29368412064206023,20,-0.9761091474896229,-0.06768103723112538,-3.437336378520446,-0.4512604762455274,3
668939,"Rutschman, Adley","BAL",2025,2025,-1.064485706495189,-0.7878020937638157,-0.27668361273137326,21,0.9982098800759931,0,-1.786011973839809,21,-0.269591570647468,-0.00709204208390521,-3.251231918695684,-0.35245289668594326,0
621493,"Ward, Taylor","LAA",2025,2025,-1.117155654846478,-0.5649034950658247,-0.5522521597806533,36,2.0129923501070586,-1.646383574591002,-0.9315122705818811,33,-0.44656432248575006,-0.10568783729490325,-3.033183993976842,-0.7179287392165734,3
514888,"Altuve, Jose","HOU",2025,2025,-1.1428526776887473,-0.07540853837029941,-1.067444139318448,39,2.258146181852295,-0.986270936612529,-1.3472837836100653,34,-1.2101366571323646,0.14269251781391717,-4.726429010271266,0.5207522787501818,5
671277,"García Jr., Luis","WSH",2025,2025,-1.1549819154987984,-0.6174549692494837,-0.5375269462493146,43,2.3416328356259726,-1.6029540801140745,-1.3561337247613823,32,-0.4203885037908409,-0.11713844245847377,1.2050107266323642,-0.7959179299209466,11
663697,"India, Jonathan","KC",2025,2025,-1.1628113953907115,0.5464893799433974,-1.709300775334109,36,1.701448542812241,0,-1.154959162868844,33,-1.6136192841200592,-0.09568149121404956,-7.110612749205633,-0.76030532303351,3
518692,"Freeman, Freddie","LAD",2025,2025,-1.1775146252708,-0.8479623271660729,-0.3295522981047271,34,1.6977980609598025,-1.619610507712055,-0.9261498804138205,31,-0.2460372440164828,-0.08351505408824444,-1.8309059169482143,-0.5856077967731902,3
647304,"Naylor, Josh","SEA",2025,2025,-1.191132414142971,-2.069491172285181,0.8783587581422099,34,0.6910875900921417,0,-2.7605787623773224,25,0.6471976011183213,0.2311611570238884,2.1540475475328584,0.9763426822484597,9
657077,"Verdugo, Alex","ATL",2025,2025,-1.2097095157887117,-1.180165723953056,-0.029543791835655572,27,0.9906278034239657,-1.645318555409803,-0.525474971967219,26,0.0018983645726817367,-0.0314421564083373,-1.2165832755769959,-0.2568359878789789,1
691016,"Soderstrom, Tyler","ATH",2025,2025,-1.2337611658536143,-0.9307048776551614,-0.30305628819845293,40,1.69692414385899,-1.6909558559854183,-0.936673165528733,32,-0.21718501018499553,-0.08587127801345745,-0.6891205910994832,-0.6171594606220014,8
680474,"Schuemann, Max","ATH",2025,2025,-1.2380264475662432,-0.9116354431778361,-0.3263910043884073,19,0.7572890041100063,-1.5616408427749535,-0.10728360451288892,13,-0.2790234571461676,-0.047367547242239454,-0.04367397097538879,-0.32556092123504965,6
669743,"Call, Alex","WSH",2025,2025,-1.2710563679268867,-0.8672179583444182,-0.4038384095824685,23,1.1881578191348412,-1.7505258011283744,-0.3048499763508853,21,-0.3499905726575337,-0.05384783692493493,-2.316141212699033,-0.3986416697018646,2
678662,"Tovar, Ezequiel","COL",2025,2025,-1.2827368399748116,-0.18460922771601415,-1.0981276122587975,24,0.9028135783695919,-0.7697609969744572,-0.31766180911114894,19,-0.8025550023421536,-0.295572609916644,-2.4309581509510254,-0.34081555001573177,5
672275,"Bailey, Patrick","SF",2025,2025,-1.297972871420392,-1.130471989587369,-0.16750088183302309,19,0.959356125032939,-0.9573217497794122,-1.1325063648408953,19,-0.1324593094805948,-0.03504157235242825,-2.085305458714319,-0.31224142569949304,0
671221,"Waters, Drew","KC",2025,2025,-1.3607945030453519,-0.2664202181722687,-1.094374284873083,29,1.6885088867937041,-1.549798858494424,-0.40513024647154855,20,-1.0762784025939574,-0.0180958822791258,-1.522124550466455,-0.24208110323874402,9
624431,"Trevino, Jose","CIN",2025,2025,-1.444407516957758,-1.2700605376675889,-0.17434697929016918,20,0.4750168462105163,-0.9148282422348711,-0.8302491416432337,20,-0.12079148043007211,-0.053555498860097105,-1.4871314485472211,-0.4417017134393268,0
467793,"Santana, Carlos","CLE",2025,2025,-1.4773024159388708,-1.4301917187960596,-0.04711069714281113,25,1.1203370094718927,-1.7100281833199684,-0.8405005449479837,23,-0.1402365703359764,0.09312587319316518,-3.097085761153441,0.2510178712502753,2
621566,"Olson, Matt","ATL",2025,2025,-1.4865255969296158,-1.0411536319163772,-0.4453719650132387,28,0.940478205081962,-0.8452074847006679,-1.1364243522976716,28,-0.39452616291700016,-0.05084580209623854,-4.267781177876878,-0.5474995007826046,0
673548,"Suzuki, Seiya","CHC",2025,2025,-1.5374578292852088,-0.5330574306718937,-1.004400398613315,34,1.0606631318384545,0,-1.5937205625103485,31,-0.9368672849500684,-0.06753311366324656,-3.8708086328742164,-0.46732171606286876,3
643565,"Tauchman, Mike","CWS",2025,2025,-1.5596164510614285,-1.4884261149713074,-0.07119033609012108,19,0.5740091344039853,-0.8872114604710993,-1.1752237889041937,19,-0.04857479141488339,-0.02261554467523771,-2.0321531672737065,-0.25872689915916025,0
664034,"France, Ty","MIN",2025,2025,-1.5727921108834164,-1.524477798038133,-0.048314312845283466,29,1.5747131489663209,-1.5610039445218915,-1.538187002482562,28,0.036858775355658784,-0.08517308820094222,-1.6389897468017003,-0.677888919242429,1
670156,"Mastrobuoni, Miles","SEA",2025,2025,-1.5850862933754533,-0.5857883001309907,-0.9992979932444624,19,0.8351175498943785,-0.8093702584539165,-0.6115355915714528,13,-0.9615232569536671,-0.03777473629079559,-2.1681181499579916,-0.252153982919823,6
670623,"Paredes, Isaac","HOU",2025,2025,-1.6422278867866036,-1.5021977017833312,-0.14003018500327238,29,1.4726438319695385,-0.8529174673911782,-2.121924066361692,29,-0.03397421739456196,-0.10605596760871042,-2.9266889112848444,-0.7184641923574991,0
661388,"Contreras, William","MIL",2025,2025,-1.677720299351177,-1.2428793146303958,-0.43484098472078125,39,1.1221688445256914,-0.8635341754948953,-1.5015139836611917,34,-0.09417790884068696,-0.3406630758800943,-2.140351635993866,-0.8564670750412587,5
621043,"Correa, Carlos","MIN",2025,2025,-1.7046962123076,-1.4025528331371053,-0.30214337917049466,23,1.3083259401583958,-0.9508006683130978,-1.7600781049824044,23,-0.2616047592325413,-0.04053861993795329,-3.043182448305786,-0.4955163499275149,0
666182,"Bichette, Bo","TOR",2025,2025,-1.7105590021155055,-0.6260486888580276,-1.084510313257478,44,1.4384815159524966,0,-2.0645302048105254,37,-0.5172856301874253,-0.5672246830700519,-2.9120854644719607,-2.0413527833870444,7
683737,"Busch, Michael","CHC",2025,2025,-1.7811493442740458,-2.3087800220615016,0.5276306777874556,31,1.5269200730023098,-1.6195068710170872,-2.2161932240467244,27,0.6325267940889352,-0.10489611630147955,0.9252855971654446,-0.761562612592871,4
650402,"Torres, Gleyber","DET",2025,2025,-1.8346934586106447,-1.5589072690020083,-0.27578618960863643,41,1.8336024120810384,-2.4843246458557937,-0.9081850352272522,37,-0.40350507140741493,0.1277188817987785,-4.563016662076102,0.375648176640824,4
657757,"Sheets, Gavin","SD",2025,2025,-1.8862022718265106,-1.1366749613508005,-0.74952731047571,23,1.7263800165551173,-1.6172910114227705,-1.2457639664831472,22,-0.7030014887357559,-0.046525821739954155,-4.242057833389386,-0.48575244900636577,1
671289,"Freeman, Tyler","COL",2025,2025,-1.9033662245531557,-1.0688386032939563,-0.8345276212591995,44,1.540216927404428,-1.7697484084514268,-0.8393071222469568,25,-0.8597460682990746,0.025218447039875032,2.5210807328143527,-0.3520375427645658,19
624428,"Frazier, Adam","KC",2025,2025,-1.9771463430688603,-0.750503323971673,-1.2266430190971873,35,1.8136010712285697,-1.6656992818155691,-0.8984051133846732,23,-1.1057767561623502,-0.12086626293483779,-1.8085567176423383,0.5109978415651899,12
663728,"Raleigh, Cal","SEA",2025,2025,-2.031993724564756,-2.342545220890092,0.3105514963253358,32,1.4862997329486562,-2.4099266519831968,-1.418918301855551,23,-0.290665565362506,0.6012170616878416,-1.0552134967076225,2.4061008719147194,9
666134,"Jones, Nolan","CLE",2025,2025,-2.0410629403864347,-0.5913143824062994,-1.4497485579801355,25,0.9329943435635619,-0.830716618237449,-0.6935921077324122,18,-1.6198473405333307,0.17009878255319558,-4.836334818796514,0.7253280756749614,7
672580,"Garcia, Maikel","KC",2025,2025,-2.173477101677943,-0.7800062471827899,-1.3934708544951533,73,2.7114491962170937,-2.4435564668447025,-1.0478989765551807,49,-1.3911468277556143,-0.00232402673953823,-0.37048784523566164,2.238163397705245,24
608324,"Bregman, Alex","BOS",2025,2025,-2.2199873893157105,-1.3044604442612004,-0.9155269450545102,20,0.37867401290405733,-0.912258508899166,-0.7708759482660917,17,-0.8532025020726466,-0.06232444298186373,-2.6276526829907496,-0.4252038052436823,3
571448,"Arenado, Nolan","STL",2025,2025,-2.246679592917237,-1.5132447412048737,-0.7334348517123633,27,1.4239724878851907,-1.8476397304556273,-1.0895774986344378,26,-0.6698809714676615,-0.06355388024470178,-3.801816910351235,-0.4698743688257126,1
650859,"Rengifo, Luis","LAA",2025,2025,-2.2728595508424676,0.8102629216294996,-3.0831224724719672,29,1.6027160746300835,0,-0.7924531530005837,20,-3.25307896533269,0.16995649286072267,-9.471584252751718,0.6321796906382423,9
656941,"Schwarber, Kyle","PHI",2025,2025,-2.356260196735634,-1.6854687815054195,-0.6707914152302143,25,1.146635058486389,-0.9599023521829197,-1.8722014878088882,20,-0.11193464580709678,-0.5588567694231177,-1.6328960382089241,-1.7463369226399883,5
686469,"Pasquantino, Vinnie","KC",2025,2025,-2.380248134295655,-2.5417429901034483,0.16149485580779327,24,0.5383499827087322,-0.909600983872262,-2.170491988939918,21,0.28828518590386326,-0.12679033009607002,-0.23287054036464683,-0.8218046047581563,3
624413,"Alonso, Pete","NYM",2025,2025,-2.4444777034558247,-2.122063462082404,-0.3224142413734204,32,1.5240886205726645,-2.5333547653156194,-1.1127973173394503,32,-0.19230766684077027,-0.13010657453265015,-2.838293465141431,-0.8459424833865485,0
502054,"Pham, Tommy","PIT",2025,2025,-2.4817226401201586,-2.6617665587983352,0.18004391867817643,22,0.6745335441123423,-2.5518184005346276,-0.7844817023760502,17,0.46002405293800447,-0.2799801342598282,0.4715499263363253,-0.3024688378197953,5
592206,"Castellanos, Nick","PHI",2025,2025,-2.496531482316729,-2.575681159514704,0.07914967719797508,32,1.3279968334760588,-2.3915021285839106,-1.5121758644068524,29,0.27209869812376225,-0.19294902092578728,-1.102691384795477,-1.2635774753064624,3
702616,"Holliday, Jackson","BAL",2025,2025,-2.63631015516159,-0.5221957608460585,-2.1141143943155316,48,1.7747294757382936,-0.760207153881461,-1.5367180827028915,31,-1.1928529689833232,-0.921261425332209,-1.5630101819410231,-2.617939417940127,17
664023,"Happ, Ian","CHC",2025,2025,-2.729635418410321,-2.425853564834783,-0.3037818535755381,40,2.0919855009359347,-2.389809805428537,-2.1280292603421813,36,-0.367293290344719,0.0635114367691809,-3.8618436514006373,-0.06441598353652224,4
592450,"Judge, Aaron","NYY",2025,2025,-3.13757241885476,-3.0837286601295006,-0.05384375872525912,40,1.0225547854448813,-1.684935803526687,-2.421347642047694,35,0.05061562459670095,-0.10445938332196028,-1.3351090019300929,-0.7646989177486208,5
646240,"Devers, Rafael","SF",2025,2025,-3.144356612114254,-2.764676839328511,-0.37967977278574316,33,1.4287598835385067,-1.7334328261168075,-2.46000389675021,32,-0.18055774533205818,-0.19912202745368493,-4.377709889610858,-1.3133350051832422,1
553993,"Suárez, Eugenio","AZ",2025,2025,-3.8204366056486196,-3.614244216716168,-0.20619238893245173,24,0.8151117101853192,-3.491372520787972,-0.9379834061135167,24,-0.059376103918562816,-0.14681628501388902,-2.607331368601948,-0.9083101554524858,0
521692,"Perez, Salvador","KC",2025,2025,-3.972739915984726,-3.6474837880024458,-0.32525612798228026,26,0.5689440721487757,-0.9687293102884416,-3.24769854986278,26,-0.20551722610904302,-0.11973890187323727,-2.4802369135910616,-0.8433376522316196,0
666018,"Aranda, Jonathan","TB",2025,2025,-5.104004448397155,-4.603976929900634,-0.5000275184965209,26,0.621506743636647,-3.456645720175323,-1.7688379533619571,26,-0.4314791785627156,-0.06854833993380513,-4.6512680635126245,-0.6295908304852471,0