"id","name","swings_competitive","percent_swings_competitive","contact","avg_bat_speed","hard_swing_rate","squared_up_per_bat_contact","squared_up_per_swing","blast_per_bat_contact","blast_per_swing","swing_length","swords","batter_run_value","whiffs","whiff_per_swing","batted_ball_events","batted_ball_event_per_swing"
665833,"Cruz, Oneil",572,0.9036334913112164,383,"78.475899056",0.751748251748252,0.3368146214099217,0.22552447552447552,0.2584856396866841,0.17307692307692307,"7.775162535",13,-9.696550326190163,189,0.3304195804195804,193,0.3374125874125874
691406,"Caminero, Junior",674,0.9071332436069987,529,"78.126507641",0.7715133531157271,0.2835538752362949,0.22255192878338279,0.20415879017013233,0.16023738872403562,"8.358093175",13,0.4243835676603216,145,0.21513353115727002,272,0.4035608308605341
666176,"Adell, Jo",642,0.9004207573632539,487,"77.600851682",0.7320872274143303,0.25256673511293637,0.19158878504672897,0.188911704312115,0.14330218068535824,"7.704646028",16,0.6865133719884944,155,0.24143302180685358,221,0.3442367601246106
656941,"Schwarber, Kyle",688,0.8993464052287582,498,"77.027117631",0.7587209302325579,0.3433734939759036,0.24854651162790697,0.25903614457831325,0.1875,"7.542184971",32,10.312786295505447,190,0.2761627906976744,247,0.35901162790697677
592450,"Judge, Aaron",729,0.9033457249070632,486,"76.926571303",0.7105624142661181,0.3292181069958848,0.2194787379972565,0.2345679012345679,0.15637860082304528,"8.134772209",23,27.40196974647044,243,0.3333333333333333,238,0.32647462277091904
665489,"Guerrero Jr., Vladimir",602,0.9107413010590015,475,"76.601661312",0.6677740863787377,0.37684210526315787,0.2973421926910299,0.26105263157894737,0.2059800664451827,"7.615013073",3,2.4854920580537696,127,0.21096345514950166,293,0.4867109634551495
575929,"Contreras, Willson",684,0.9047619047619048,500,"76.260089825",0.6461988304093566,0.294,0.2149122807017544,0.186,0.13596491228070176,"7.963833772",8,-6.703921966779103,184,0.26900584795321636,239,0.34941520467836257
660271,"Ohtani, Shohei",732,0.9037037037037037,503,"76.157440997",0.6352459016393441,0.36381709741550694,0.25,0.27037773359840955,0.18579234972677597,"7.993821708",8,14.42660181125435,229,0.3128415300546448,251,0.34289617486338797
624413,"Alonso, Pete",750,0.9101941747572816,564,"75.89855856",0.6013333333333334,0.3120567375886525,0.23466666666666666,0.21099290780141844,0.15866666666666668,"7.12098688",7,-7.725119715050464,186,0.248,267,0.356
677594,"Rodríguez, Julio",813,0.9073660714285714,573,"75.891378339",0.6027060270602704,0.30715532286212915,0.21648216482164823,0.18150087260034903,0.12792127921279212,"7.665693567",16,-10.897815189834652,240,0.2952029520295203,299,0.3677736777367774
695578,"Wood, James",660,0.9028727770177839,477,"75.884125106",0.6212121212121211,0.33752620545073375,0.24393939393939393,0.2348008385744235,0.1696969696969697,"7.627995091",27,4.272340125099345,183,0.2772727272727273,243,0.36818181818181817
663586,"Riley, Austin",731,0.9024691358024691,529,"75.86789643",0.5991792065663474,0.28544423440453687,0.20656634746922026,0.19659735349716445,0.14227086183310533,"7.559262955",17,-11.847417800857126,202,0.2763337893296854,247,0.3378932968536252
673357,"Robert Jr., Luis",557,0.9027552674230146,399,"75.732134255",0.585278276481149,0.2556390977443609,0.18312387791741472,0.15037593984962405,0.10771992818671454,"7.843623232",15,-12.70125420485543,158,0.2836624775583483,184,0.3303411131059246
680718,"Barger, Addison",511,0.9125,385,"75.673455616",0.6105675146771036,0.33766233766233766,0.25440313111545987,0.23636363636363636,0.1780821917808219,"7.698079609",3,0.7147828365553563,126,0.2465753424657534,192,0.37573385518590996
660821,"Sánchez, Jesús",542,0.9078726968174204,410,"75.67334762",0.5811808118081182,0.3121951219512195,0.23616236162361623,0.18292682926829268,0.13837638376383765,"6.888064723",10,-13.223740419382091,132,0.24354243542435425,209,0.3856088560885609
686948,"Baldwin, Drake",417,0.9065217391304348,341,"75.438900671",0.5899280575539569,0.3255131964809384,0.26618705035971224,0.20234604105571846,0.16546762589928057,"7.171934125",7,-0.45874859134008306,76,0.18225419664268586,169,0.4052757793764988
672356,"Arias, Gabriel",534,0.902027027027027,322,"75.359118596",0.5393258426966291,0.2888198757763975,0.17415730337078653,0.15527950310559005,0.09363295880149813,"7.642221404",15,-14.856354149015132,212,0.3970037453183521,159,0.29775280898876405
683002,"Henderson, Gunnar",652,0.9068150208623088,504,"75.33546615",0.532208588957055,0.3353174603174603,0.25920245398773006,0.22420634920634921,0.17331288343558282,"7.286664095",12,-6.292721145548623,148,0.22699386503067484,254,0.3895705521472393
682985,"Greene, Riley",800,0.9049773755656109,537,"75.173120225",0.5349999999999998,0.2532588454376164,0.17,0.15083798882681565,0.10125,"7.188640438",3,-3.4464798833622132,263,0.32875,225,0.28125
683146,"Baty, Brett",460,0.9090909090909091,336,"75.154399609",0.517391304347826,0.3125,0.22826086956521738,0.18154761904761904,0.13260869565217392,"7.364316043",6,-3.925731190926667,124,0.26956521739130435,163,0.35434782608695653
663728,"Raleigh, Cal",825,0.9026258205689278,598,"75.140804558",0.5442424242424245,0.2826086956521739,0.20484848484848484,0.17725752508361203,0.12848484848484848,"7.881663321",18,8.212028612239187,227,0.27515151515151515,252,0.3054545454545455
669065,"Stowers, Kyle",679,0.9029255319148937,468,"75.106467835",0.5243004418262153,0.28846153846153844,0.19882179675994108,0.18162393162393162,0.1251840942562592,"6.756751664",23,8.462482958146207,211,0.31075110456553756,210,0.30927835051546393
621439,"Buxton, Byron",611,0.9065281899109793,444,"75.062392848",0.49427168576104746,0.31756756756756754,0.23076923076923078,0.2072072072072072,0.15057283142389524,"7.927971358",9,12.687648416743793,167,0.2733224222585925,220,0.36006546644844517
682663,"Ramírez, Agustín",541,0.9077181208053692,408,"74.928434214",0.5323475046210722,0.3480392156862745,0.26247689463955637,0.23529411764705882,0.17744916820702403,"7.534161128",10,-7.889008504297395,133,0.24584103512014788,231,0.4269870609981516
656305,"Chapman, Matt",510,0.901060070671378,389,"74.890643725",0.4980392156862745,0.3110539845758355,0.2372549019607843,0.1928020565552699,0.14705882352941177,"7.479392412",16,-9.400589661769612,121,0.2372549019607843,185,0.3627450980392157
669394,"Burger, Jake",492,0.9044117647058824,356,"74.760314715",0.5020325203252032,0.3146067415730337,0.22764227642276422,0.21910112359550563,0.15853658536585366,"7.432859756",10,-11.609460794138062,136,0.2764227642276423,183,0.3719512195121951
606466,"Marte, Ketel",463,0.9060665362035225,360,"74.738562333",0.47300215982721383,0.35833333333333334,0.2786177105831533,0.2111111111111111,0.16414686825053995,"7.858198056",9,0.6195547673987454,103,0.2224622030237581,197,0.42548596112311016
682998,"Carroll, Corbin",656,0.9010989010989011,497,"74.690093704",0.4481707317073171,0.30181086519114686,0.22865853658536586,0.19718309859154928,0.14939024390243902,"7.271213323",13,0.8852212862015088,159,0.2423780487804878,231,0.3521341463414634
592518,"Machado, Manny",763,0.9051008303677343,596,"74.652011586",0.45216251638269983,0.3540268456375839,0.2765399737876802,0.2197986577181208,0.17169069462647443,"7.816957746",13,-3.45479280466558,167,0.21887287024901703,307,0.40235910878112713
677951,"Witt Jr., Bobby",729,0.9078455790784558,554,"74.560124335",0.48010973936899887,0.36462093862815886,0.27709190672153633,0.20938628158844766,0.15912208504801098,"7.04425177",15,-3.6756942593432615,175,0.24005486968449932,295,0.4046639231824417
682829,"De La Cruz, Elly",681,0.9043824701195219,476,"74.551500338",0.45374449339207046,0.35084033613445376,0.24522760646108663,0.21428571428571427,0.14977973568281938,"7.172123495",14,-1.3590691946738978,205,0.3010279001468429,261,0.3832599118942731
657757,"Sheets, Gavin",639,0.9038189533239038,510,"74.542634069",0.5023474178403757,0.33725490196078434,0.26917057902973396,0.18627450980392157,0.1486697965571205,"7.742601002",15,-6.334558574436789,129,0.20187793427230047,265,0.41471048513302033
680776,"Duran, Jarren",744,0.9062119366626066,546,"74.520062836",0.4543010752688171,0.31684981684981683,0.2325268817204301,0.18864468864468864,0.13844086021505375,"7.467941008",11,-11.336832852863111,198,0.2661290322580645,282,0.3790322580645161
547180,"Harper, Bryce",585,0.901386748844376,404,"74.466494479",0.47008547008547,0.30198019801980197,0.20854700854700856,0.19306930693069307,0.13333333333333333,"7.397866632",9,-6.7664853407215855,181,0.3094017094017094,193,0.3299145299145299
701358,"Smith, Cam",649,0.905160390516039,473,"74.382266256",0.46841294298921415,0.26004228329809725,0.18952234206471494,0.15856236786469344,0.11556240369799692,"7.281659815",10,-9.813160274157958,176,0.2711864406779661,216,0.33281972265023113
696100,"Goodman, Hunter",676,0.9061662198391421,465,"74.208035828",0.4156804733727811,0.3118279569892473,0.21449704142011836,0.16774193548387098,0.11538461538461539,"7.203589808",15,-0.145436335861306,211,0.3121301775147929,224,0.33136094674556216
677800,"Abreu, Wilyer",576,0.9085173501577287,466,"74.166629896",0.40624999999999994,0.27253218884120173,0.2204861111111111,0.1759656652360515,0.1423611111111111,"7.092869913",11,0.14556623378882527,110,0.1909722222222222,204,0.3541666666666667
663457,"Nootbaar, Lars",528,0.9056603773584906,423,"74.13785822",0.4431818181818183,0.3380614657210402,0.2708333333333333,0.19621749408983452,0.1571969696969697,"6.948317538",12,-14.748406304377625,105,0.19886363636363635,222,0.42045454545454547
691016,"Soderstrom, Tyler",663,0.9107142857142857,504,"74.104813544",0.3800904977375566,0.30753968253968256,0.23378582202111614,0.19047619047619047,0.14479638009049775,"7.526174676",21,-10.096220190308756,159,0.2398190045248869,251,0.37858220211161386
641857,"McMahon, Ryan",691,0.9009126466753585,462,"74.041398075",0.4081041968162084,0.3181818181818182,0.21273516642547033,0.18831168831168832,0.12590448625180897,"7.450922721",22,-21.081249861548528,229,0.3314037626628075,206,0.2981186685962373
572233,"Walker, Christian",743,0.9006060606060606,546,"74.038965801",0.39973082099596235,0.2802197802197802,0.20592193808882908,0.16117216117216118,0.11843876177658143,"7.412077712",33,-24.59875670784741,197,0.2651413189771198,248,0.33378196500672946
694192,"Chourio, Jackson",754,0.9029940119760479,578,"74.026479058",0.42440318302387264,0.3408304498269896,0.2612732095490716,0.17993079584775087,0.13793103448275862,"7.543284324",18,-0.6605361000024166,176,0.23342175066312998,315,0.4177718832891247
545361,"Trout, Mike",517,0.9006968641114983,384,"74.012257505",0.3984526112185687,0.2994791666666667,0.22243713733075435,0.17708333333333334,0.13152804642166344,"7.430332379",14,-4.390628986229455,133,0.2572533849129594,174,0.3365570599613153
624585,"Soler, Jorge",518,0.9071803852889667,377,"74.003009903",0.4111969111969112,0.2917771883289125,0.21235521235521235,0.16445623342175067,0.11969111969111969,"7.727576737",8,-7.438862977421388,141,0.2722007722007722,184,0.3552123552123552
666160,"Moniak, Mickey",452,0.8986083499005965,336,"73.939137345",0.3893805309734513,0.34523809523809523,0.25663716814159293,0.17261904761904762,0.12831858407079647,"7.656868473",13,8.664782842643127,116,0.25663716814159293,185,0.4092920353982301
621043,"Correa, Carlos",545,0.9113712374581939,432,"73.934598385",0.39633027522935776,0.33564814814814814,0.26605504587155965,0.19675925925925927,0.1559633027522936,"7.298916165",6,-10.444635346546923,113,0.20733944954128442,231,0.42385321100917434
700250,"Rice, Ben",484,0.9046728971962616,381,"73.902542831",0.3925619834710743,0.3648293963254593,0.2871900826446281,0.23097112860892388,0.18181818181818182,"7.387692293",12,-2.9935267782410264,103,0.2128099173553719,201,0.4152892561983471
671218,"Ramos, Heliot",738,0.905521472392638,573,"73.801729092",0.4349593495934959,0.30715532286212915,0.23848238482384823,0.16055846422338568,0.12466124661246612,"6.804436125",18,-8.103166813602144,165,0.22357723577235772,271,0.36720867208672087
691176,"Domínguez, Jasson",593,0.9067278287461774,435,"73.798169376",0.3473861720067453,0.28045977011494255,0.2057335581787521,0.1724137931034483,0.12647554806070826,"7.785349696",6,-7.0036151928445864,158,0.26644182124789206,185,0.31197301854974707
671739,"Harris II, Michael",662,0.9068493150684932,512,"73.762694668",0.3489425981873111,0.28515625,0.22054380664652568,0.173828125,0.13444108761329304,"7.893691239",11,-31.0559246977486,150,0.22658610271903323,265,0.4003021148036254
665487,"Tatis Jr., Fernando",682,0.9057104913678619,505,"73.757847126",0.41495601173020524,0.37623762376237624,0.2785923753665689,0.2198019801980198,0.1627565982404692,"7.275280587",19,-10.569248709573882,177,0.2595307917888563,274,0.40175953079178883
667670,"Rooker, Brent",733,0.903822441430333,520,"73.734643888",0.37926330150068216,0.3576923076923077,0.25375170532060026,0.18846153846153846,0.13369713506139155,"7.152353943",32,-2.5970141350162077,213,0.29058663028649384,283,0.3860845839017735
671732,"Butler, Lawrence",725,0.9017412935323383,497,"73.733400386",0.38620689655172413,0.32193158953722334,0.2206896551724138,0.1750503018108652,0.12,"7.051319103",19,-16.84961052765315,228,0.31448275862068964,249,0.34344827586206894
650490,"Díaz, Yandy",661,0.9054794520547945,552,"73.722490651",0.3645990922844176,0.3713768115942029,0.3101361573373676,0.24818840579710144,0.20726172465960666,"7.671739017",5,-5.126641746021891,109,0.1649016641452345,295,0.4462934947049924
700242,"Sweeney, Trey",424,0.9137931034482759,318,"73.709851745",0.3089622641509434,0.2641509433962264,0.19811320754716982,0.1320754716981132,0.09905660377358491,"7.528908137",11,-15.838941848488414,106,0.25,156,0.36792452830188677
687597,"Beck, Jordan",591,0.9092307692307692,417,"73.706965651",0.3807106598984772,0.2829736211031175,0.1996615905245347,0.15827338129496402,0.1116751269035533,"7.704364264",6,4.247496658409215,174,0.29441624365482233,214,0.36209813874788493
621566,"Olson, Matt",780,0.9112149532710281,591,"73.681855346",0.4000000000000001,0.2876480541455161,0.21794871794871795,0.18104906937394247,0.1371794871794872,"7.420245333",11,-7.557849087465524,189,0.2423076923076923,251,0.3217948717948718
669224,"Wells, Austin",569,0.9031746031746032,424,"73.642852953",0.3427065026362038,0.3113207547169811,0.23198594024604569,0.18160377358490565,0.13532513181019332,"7.63728775",6,-10.302406037062552,145,0.2548330404217926,194,0.3409490333919156
542303,"Ozuna, Marcell",594,0.9013657056145675,449,"73.540628114",0.37878787878787873,0.3429844097995546,0.25925925925925924,0.1603563474387528,0.12121212121212122,"7.252847963",2,-10.677563390528288,145,0.2441077441077441,215,0.36195286195286197
665862,"Chisholm Jr., Jazz",508,0.9087656529516994,353,"73.481278976",0.3681102362204724,0.32294617563739375,0.22440944881889763,0.17280453257790368,0.12007874015748031,"7.763035",4,-0.2467461379512541,155,0.3051181102362205,161,0.3169291338582677
624424,"Conforto, Michael",517,0.9182948490230906,397,"73.480956074",0.37911025145067684,0.3022670025188917,0.23210831721470018,0.14609571788413098,0.11218568665377177,"7.269910928",3,-24.167304549995347,120,0.23210831721470018,192,0.3713733075435203
673548,"Suzuki, Seiya",662,0.9019073569482289,519,"73.444149154",0.3806646525679757,0.35452793834296725,0.27794561933534745,0.2023121387283237,0.15861027190332327,"7.232415423",18,11.2862230661572,143,0.21601208459214502,270,0.4078549848942598
595879,"Báez, Javier",507,0.902135231316726,371,"73.438368264",0.3372781065088757,0.31805929919137466,0.23274161735700197,0.1725067385444744,0.126232741617357,"8.251590769",6,-2.332509273676213,136,0.2682445759368836,196,0.3865877712031558
543807,"Springer, George",601,0.9024024024024024,447,"73.354875324",0.3660565723793678,0.34675615212527966,0.2579034941763727,0.174496644295302,0.129783693843594,"7.492398336",11,-3.9107984331094903,154,0.2562396006655574,231,0.3843594009983361
665742,"Soto, Juan",586,0.9001536098310292,485,"73.346221945",0.3805460750853243,0.3917525773195876,0.3242320819112628,0.27010309278350514,0.2235494880546075,"7.017197713",25,3.392331571882319,101,0.17235494880546076,263,0.44880546075085326
664040,"Lowe, Brandon",644,0.9057665260196905,462,"73.289763463",0.327639751552795,0.329004329004329,0.2360248447204969,0.15584415584415584,0.11180124223602485,"7.17556705",17,-3.9204281256290123,182,0.2826086956521739,222,0.3447204968944099
592885,"Yelich, Christian",675,0.9024064171122995,473,"73.247694163",0.33629629629629637,0.3150105708245243,0.22074074074074074,0.18181818181818182,0.1274074074074074,"7.5138328",16,-7.336914919948994,202,0.2992592592592593,240,0.35555555555555557
694671,"Langford, Wyatt",579,0.9018691588785047,428,"73.211276563",0.312607944732297,0.3294392523364486,0.24352331606217617,0.17757009345794392,0.13126079447322972,"7.041357841",6,-9.262500925188306,151,0.2607944732297064,202,0.3488773747841105
664056,"Bader, Harrison",475,0.8996212121212122,347,"73.177210547",0.32421052631578945,0.2881844380403458,0.21052631578947367,0.15273775216138327,0.11157894736842106,"7.149957095",11,-5.817552572597716,128,0.2694736842105263,171,0.36
521692,"Perez, Salvador",729,0.9011124845488258,553,"73.131986708",0.3168724279835392,0.321880650994575,0.24417009602194786,0.17902350813743217,0.13580246913580246,"7.886761221",16,-8.494587433799127,176,0.24142661179698216,287,0.3936899862825789
679529,"Torkelson, Spencer",663,0.9057377049180327,502,"73.098229879",0.2579185520361991,0.32270916334661354,0.24434389140271492,0.1593625498007968,0.12066365007541478,"7.737943062",11,-13.223018192476943,161,0.24283559577677225,240,0.36199095022624433
606192,"Hernández, Teoscar",571,0.9077901430842608,402,"72.942480018",0.30998248686514895,0.34328358208955223,0.24168126094570927,0.1865671641791045,0.13134851138353765,"7.811027285",20,-10.485505065096097,169,0.29597197898423816,217,0.38003502626970226
502671,"Goldschmidt, Paul",644,0.9160739687055477,531,"72.870232127",0.2422360248447205,0.327683615819209,0.2701863354037267,0.15630885122410546,0.12888198757763975,"7.617090823",5,-4.196687546539193,113,0.17546583850931677,271,0.42080745341614906
661388,"Contreras, William",671,0.9018817204301075,522,"72.846266051",0.32041728763040234,0.36015325670498083,0.28017883755588674,0.17624521072796934,0.13710879284649777,"7.072569508",18,-16.82517719833821,149,0.22205663189269748,266,0.39642324888226527
686469,"Pasquantino, Vinnie",685,0.906084656084656,566,"72.832749504",0.3021897810218977,0.3498233215547703,0.28905109489051095,0.17491166077738515,0.14452554744525548,"7.41174892",8,-0.4893458116426803,119,0.17372262773722627,296,0.4321167883211679
687401,"Ortiz, Joey",518,0.9008695652173913,436,"72.810464112",0.2799227799227799,0.27293577981651373,0.22972972972972974,0.13302752293577982,0.11196911196911197,"7.599577104",6,-11.918711198474103,82,0.1583011583011583,234,0.4517374517374517
669127,"Langeliers, Shea",496,0.9051094890510949,380,"72.775784052",0.27217741935483875,0.3263157894736842,0.25,0.1631578947368421,0.125,"7.110742157",1,-9.432977898475226,116,0.23387096774193547,197,0.3971774193548387
681624,"Pages, Andy",722,0.9025,586,"72.753189557",0.23130193905817176,0.2883959044368601,0.23407202216066483,0.1296928327645051,0.10526315789473684,"7.920570512",25,8.582452498464153,136,0.1883656509695291,275,0.3808864265927978
608369,"Seager, Corey",518,0.8993055555555556,374,"72.696414961",0.22779922779922784,0.3582887700534759,0.25868725868725867,0.22727272727272727,0.1640926640926641,"6.74803861",17,-5.551058992283258,144,0.277992277992278,186,0.3590733590733591
669911,"Toglia, Michael",552,0.8946515397082658,364,"72.686074438",0.22644927536231896,0.27197802197802196,0.1793478260869565,0.1346153846153846,0.08876811594202899,"7.588527917",15,-14.188520644736112,188,0.34057971014492755,163,0.29528985507246375
605137,"Bell, Josh",558,0.9102773246329527,429,"72.646397473",0.30824372759856633,0.3543123543123543,0.2724014336917563,0.1794871794871795,0.13799283154121864,"7.996721649",6,-19.389861553210128,129,0.23118279569892472,238,0.4265232974910394
592663,"Realmuto, J.T.",593,0.9081163859111792,452,"72.612803272",0.3102866779089376,0.3053097345132743,0.2327150084317032,0.15486725663716813,0.11804384485666104,"7.568775076",10,-15.614285825615966,141,0.23777403035413153,215,0.3625632377740304
666134,"Jones, Nolan",496,0.9001814882032668,366,"72.591216754",0.3004032258064516,0.3087431693989071,0.22782258064516128,0.14754098360655737,0.10887096774193548,"6.83701246",10,-17.04671534433067,130,0.2620967741935484,152,0.3064516129032258
686780,"Pagés, Pedro",458,0.9087301587301587,347,"72.584244432",0.26855895196506546,0.276657060518732,0.2096069868995633,0.138328530259366,0.10480349344978165,"7.122059651",9,-18.690158184293356,111,0.2423580786026201,168,0.36681222707423583
663993,"Lowe, Nathaniel",721,0.9057788944723618,564,"72.562540388",0.2441054091539527,0.2801418439716312,0.21914008321775313,0.1400709219858156,0.10957004160887657,"7.255840707",21,-13.153289472511275,157,0.217753120665742,257,0.3564493758668516
676572,"Wagaman, Eric",543,0.9019933554817275,427,"72.555288416",0.2688766114180479,0.3770491803278688,0.2965009208103131,0.1873536299765808,0.14732965009208104,"7.108878692",20,-17.575301752695832,116,0.2136279926335175,252,0.46408839779005523
691718,"Crow-Armstrong, Pete",807,0.9026845637583892,601,"72.52312627",0.26765799256505574,0.31114808652246256,0.23172242874845106,0.14309484193011648,0.10656753407682776,"7.245650855",18,10.297225691930727,206,0.2552664188351921,279,0.34572490706319703
671277,"García Jr., Luis",590,0.9062980030721967,476,"72.474688644",0.288135593220339,0.3802521008403361,0.30677966101694915,0.1722689075630252,0.13898305084745763,"7.404900237",13,-9.524396525369951,114,0.19322033898305085,259,0.43898305084745765
666969,"García, Adolis",742,0.9037758830694276,526,"72.473883774",0.27223719676549857,0.3574144486692015,0.25336927223719674,0.1844106463878327,0.1307277628032345,"7.56955345",13,-22.351893206428905,216,0.29110512129380056,257,0.3463611859838275
669221,"Murphy, Sean",443,0.9004065040650406,320,"72.445661151",0.29571106094808125,0.275,0.1986455981941309,0.153125,0.11060948081264109,"7.788653273",23,-1.4659279965273155,123,0.27765237020316025,135,0.3047404063205418
553993,"Suárez, Eugenio",741,0.9003645200486027,528,"72.434405263",0.26045883940620784,0.3446969696969697,0.24561403508771928,0.16666666666666666,0.11875843454790823,"7.826045695",35,10.514310753989772,213,0.2874493927125506,249,0.3360323886639676
665161,"Peña, Jeremy",530,0.9090909090909091,402,"72.427318755",0.1773584905660378,0.3756218905472637,0.2849056603773585,0.19402985074626866,0.1471698113207547,"7.530119717",6,5.772324419014328,128,0.24150943396226415,251,0.47358490566037736
666310,"Naylor, Bo",464,0.9044834307992202,364,"72.407702802",0.21767241379310345,0.25824175824175827,0.2025862068965517,0.10989010989010989,0.08620689655172414,"7.74147625",12,-16.590722730941394,100,0.21551724137931033,145,0.3125
672386,"Kirk, Alejandro",567,0.9115755627009646,474,"72.397907284",0.2663139329805996,0.4050632911392405,0.3386243386243386,0.22362869198312235,0.18694885361552027,"7.219492081",7,-10.905119731320948,93,0.164021164021164,269,0.47442680776014107
676475,"Burleson, Alec",546,0.900990099009901,473,"72.396234176",0.28205128205128205,0.40169133192389006,0.34798534798534797,0.18181818181818182,0.1575091575091575,"7.490350293",7,0.460439252760517,73,0.1336996336996337,254,0.4652014652014652
657656,"Laureano, Ramón",449,0.905241935483871,328,"72.375071203",0.22494432071269488,0.3018292682926829,0.22048997772828507,0.16158536585365854,0.11804008908685969,"7.083880824",11,-1.8316974083338913,121,0.26948775055679286,155,0.34521158129175944
683011,"Volpe, Anthony",650,0.9052924791086351,492,"72.355762277",0.2676923076923077,0.35365853658536583,0.2676923076923077,0.16666666666666666,0.12615384615384614,"7.207836508",7,-24.251778974760008,158,0.24307692307692308,250,0.38461538461538464
682928,"Abrams, CJ",633,0.9017094017094017,496,"72.348631722",0.2543443917851501,0.32661290322580644,0.2559241706161137,0.14717741935483872,0.11532385466034756,"7.551734329",15,-9.576700500992118,137,0.21642969984202212,262,0.41390205371248023
668804,"Reynolds, Bryan",736,0.9075215782983971,543,"72.338134701",0.22961956521739135,0.3314917127071823,0.24456521739130435,0.1731123388581952,0.12771739130434784,"6.925788043",25,-25.29711039168142,193,0.26222826086956524,256,0.34782608695652173
593428,"Bogaerts, Xander",540,0.903010033444816,445,"72.332724685",0.25185185185185194,0.36629213483146067,0.30185185185185187,0.15280898876404495,0.1259259259259259,"7.288540444",8,-15.25646704095117,95,0.17592592592592593,263,0.48703703703703705
668227,"Arozarena, Randy",699,0.8984575835475579,505,"72.322369785",0.2861230329041488,0.3564356435643564,0.2575107296137339,0.1900990099009901,0.13733905579399142,"7.456431903",12,-4.5651854244141745,194,0.27753934191702434,239,0.3419170243204578
672820,"Sosa, Lenyn",557,0.9056910569105691,433,"72.321488582",0.2567324955116697,0.34872979214780603,0.2710951526032316,0.15011547344110854,0.11669658886894076,"7.427303806",4,-2.3156841043505443,124,0.22262118491921004,220,0.39497307001795334
680777,"Jeffers, Ryan",432,0.9,354,"72.25712706",0.2800925925925926,0.3559322033898305,0.2916666666666667,0.15819209039548024,0.12962962962962962,"7.233573356",11,-4.807126714931039,78,0.18055555555555555,201,0.4652777777777778
665966,"Narváez, Carlos",545,0.9038142620232172,397,"72.23327633",0.20550458715596334,0.3501259445843829,0.25504587155963304,0.15869017632241814,0.11559633027522936,"7.604442349",12,-4.438004987087146,148,0.27155963302752295,184,0.3376146788990826
656976,"Smith, Pavin",404,0.9038031319910514,282,"72.164737673",0.22524752475247525,0.3191489361702128,0.22277227722772278,0.14893617021276595,0.10396039603960396,"7.354737673",19,-0.3916692427398123,122,0.30198019801980197,130,0.3217821782178218
663616,"Larnach, Trevor",605,0.905688622754491,431,"72.14162486",0.23636363636363633,0.37122969837587005,0.2644628099173554,0.1740139211136891,0.12396694214876033,"7.31904243",16,-13.366880946206736,174,0.28760330578512394,237,0.39173553719008264
666139,"Lowe, Josh",446,0.9065040650406504,339,"72.132313139",0.2690582959641256,0.2890855457227139,0.21973094170403587,0.10029498525073746,0.07623318385650224,"7.293942377",7,-12.682986481859437,107,0.2399103139013453,144,0.32286995515695066
664023,"Happ, Ian",680,0.9030544488711819,518,"72.048779176",0.19117647058823534,0.31467181467181465,0.23970588235294119,0.15444015444015444,0.11764705882352941,"6.98893175",7,-22.178683327399966,162,0.23823529411764705,256,0.3764705882352941
663697,"India, Jonathan",617,0.9033674963396779,515,"72.015367974",0.22690437601296598,0.34368932038834954,0.28687196110210694,0.14951456310679612,0.12479740680713128,"7.289333728",17,-21.298012386061178,102,0.16531604538087522,279,0.4521880064829822
663656,"Tucker, Kyle",694,0.9048239895697523,576,"72.013082435",0.24063400576368882,0.3680555555555556,0.30547550432276654,0.1579861111111111,0.13112391930835735,"7.551267637",13,-8.986198492486334,118,0.17002881844380405,304,0.43804034582132567
701538,"Merrill, Jackson",515,0.9019264448336253,380,"72.00932633",0.20582524271844663,0.3026315789473684,0.22330097087378642,0.15789473684210525,0.11650485436893204,"7.370124971",10,-6.805497303374402,135,0.2621359223300971,186,0.3611650485436893
672580,"Garcia, Maikel",561,0.9063004846526656,489,"71.962302834",0.17825311942959005,0.41922290388548056,0.36541889483065954,0.2167689161554192,0.1889483065953654,"7.296083494",8,-6.08499939140108,72,0.12834224598930483,306,0.5454545454545454
672275,"Bailey, Patrick",457,0.9031620553359684,330,"71.95155674",0.1903719912472648,0.2909090909090909,0.2100656455142232,0.13333333333333333,0.0962800875273523,"7.35888372",7,-16.75129857763092,127,0.2778993435448578,157,0.3435448577680525
642715,"Adames, Willy",730,0.906832298136646,544,"71.951013068",0.20684931506849322,0.29963235294117646,0.2232876712328767,0.1323529411764706,0.09863013698630137,"8.152569192",9,-15.261249180478293,186,0.2547945205479452,250,0.3424657534246575
681351,"O'Hoppe, Logan",564,0.8995215311004785,382,"71.944649574",0.2074468085106383,0.36649214659685864,0.24822695035460993,0.2094240837696335,0.14184397163120568,"7.627556897",10,-6.069417217734759,182,0.32269503546099293,183,0.324468085106383
656811,"O'Hearn, Ryan",545,0.9098497495826378,435,"71.943731908",0.1889908256880734,0.36551724137931035,0.29174311926605506,0.1793103448275862,0.14311926605504588,"7.224949101",12,-4.879819997566285,110,0.2018348623853211,224,0.41100917431192663
693307,"Dingler, Dillon",461,0.90748031496063,346,"71.92164295",0.17570498915401303,0.3439306358381503,0.25813449023861174,0.16184971098265896,0.12147505422993492,"7.72642282",7,-7.415744368346471,115,0.24945770065075923,189,0.40997830802603036
681481,"Carpenter, Kerry",518,0.9055944055944056,411,"71.799916544",0.17181467181467192,0.35766423357664234,0.28378378378378377,0.145985401459854,0.11583011583011583,"7.406609151",15,3.5326845415788473,107,0.20656370656370657,195,0.3764478764478765
672640,"Lopez, Otto",526,0.9037800687285223,433,"71.769880152",0.23384030418250956,0.3672055427251732,0.30228136882129275,0.16166281755196305,0.13307984790874525,"6.799782548",12,-7.1888431656589855,93,0.17680608365019013,245,0.46577946768060835
593871,"Polanco, Jorge",476,0.8998109640831758,375,"71.751759727",0.18487394957983191,0.41333333333333333,0.32563025210084034,0.21333333333333335,0.16806722689075632,"7.276116681",13,-4.174726477285991,101,0.21218487394957983,220,0.46218487394957986
677950,"Thomas, Alek",478,0.8984962406015038,365,"71.740449477",0.16945606694560672,0.3424657534246575,0.2615062761506276,0.1643835616438356,0.12552301255230125,"7.022303808",19,-13.843178789808228,113,0.23640167364016737,181,0.3786610878661088
673237,"Diaz, Yainer",629,0.9011461318051576,501,"71.727744483",0.17647058823529416,0.36127744510978044,0.287758346581876,0.17764471057884232,0.14149443561208266,"7.351653148",23,-10.84773936184334,128,0.20349761526232116,271,0.43084260731319557
607043,"Nimmo, Brandon",679,0.9017264276228419,542,"71.727372091",0.2179675994108984,0.35977859778597787,0.28718703976435933,0.18265682656826568,0.14580265095729014,"7.185740913",14,-6.361181401454267,137,0.20176730486008837,267,0.39322533136966126
646240,"Devers, Rafael",850,0.9100642398286938,582,"71.656123965",0.2047058823529412,0.3178694158075601,0.21764705882352942,0.18041237113402062,0.12352941176470589,"7.569428765",20,-16.083293581981163,268,0.31529411764705884,250,0.29411764705882354
571448,"Arenado, Nolan",580,0.9006211180124224,495,"71.642365741",0.18103448275862077,0.34949494949494947,0.2982758620689655,0.12323232323232323,0.10517241379310345,"8.460460034",11,-14.76163111767417,85,0.14655172413793102,293,0.5051724137931034
664761,"Bohm, Alec",582,0.9037267080745341,497,"71.596723918",0.1666666666666667,0.3782696177062374,0.3230240549828179,0.16700201207243462,0.14261168384879724,"7.302999691",6,-13.606157631022734,85,0.14604810996563575,273,0.4690721649484536
669016,"Marsh, Brandon",418,0.9008620689655172,329,"71.540901938",0.15311004784688995,0.3221884498480243,0.2535885167464115,0.1458966565349544,0.11483253588516747,"7.105101196",6,-13.032082966393284,89,0.21291866028708134,153,0.3660287081339713
596146,"Kepler, Max",565,0.8968253968253969,458,"71.476939221",0.18584070796460175,0.35152838427947597,0.2849557522123894,0.16593886462882096,0.13451327433628318,"7.338348071",18,-19.81937635480427,107,0.18938053097345134,217,0.384070796460177
687263,"Neto, Zach",609,0.9022222222222223,455,"71.436466814",0.14285714285714288,0.3758241758241758,0.28078817733990147,0.17802197802197803,0.1330049261083744,"7.001290263",14,-4.2250693709903695,154,0.25287356321839083,231,0.3793103448275862
650489,"Castro, Willi",583,0.9010819165378671,429,"71.40465259",0.20240137221269294,0.27505827505827507,0.20240137221269297,0.13752913752913754,0.10120068610634649,"7.210136535",10,-2.48671039357832,154,0.2641509433962264,185,0.31732418524871353
467793,"Santana, Carlos",613,0.9054652880354506,470,"71.37709845",0.17455138662316483,0.29148936170212764,0.2234910277324633,0.1425531914893617,0.10929853181076672,"7.630840277",10,-19.86433188741424,143,0.233278955954323,224,0.36541598694942906
571970,"Muncy, Max",487,0.8968692449355433,371,"71.302108563",0.15400410677618076,0.3018867924528302,0.2299794661190965,0.15902964959568733,0.12114989733059549,"7.029642587",9,-12.320781641970276,116,0.23819301848049282,161,0.33059548254620125
663647,"Hayes, Ke'Bryan",546,0.9024793388429752,429,"71.224942253",0.12271062271062275,0.3986013986013986,0.3131868131868132,0.18414918414918416,0.1446886446886447,"6.75295196",7,-19.630884535291145,117,0.21428571428571427,246,0.45054945054945056
691026,"Winn, Masyn",634,0.9031339031339032,520,"71.190205678",0.17665615141955837,0.32884615384615384,0.2697160883280757,0.12884615384615383,0.1056782334384858,"7.496538249",8,-13.630205531562531,114,0.17981072555205047,258,0.4069400630914827
457705,"McCutchen, Andrew",620,0.9011627906976745,467,"71.178510129",0.1225806451612903,0.3169164882226981,0.23870967741935484,0.14346895074946467,0.10806451612903226,"7.678268548",14,-17.879897210897745,153,0.2467741935483871,217,0.35
608070,"Ramírez, José",660,0.9053497942386831,568,"71.106149439",0.1787878787878788,0.3626760563380282,0.31212121212121213,0.14612676056338028,0.12575757575757576,"7.240414106",13,8.587714319863897,92,0.1393939393939394,296,0.4484848484848485
656555,"Hoskins, Rhys",491,0.8992673992673993,368,"71.070805642",0.15682281059063144,0.33152173913043476,0.2484725050916497,0.1331521739130435,0.09979633401221996,"8.162492403",19,-10.805425553334167,123,0.2505091649694501,169,0.34419551934826886
656775,"Mullins, Cedric",601,0.9037593984962407,467,"71.064322562",0.10648918469217974,0.29764453961456105,0.23128119800332778,0.11991434689507495,0.09317803660565724,"7.576644942",14,-20.021678727583573,134,0.22296173044925124,193,0.3211314475873544
630105,"Cronenworth, Jake",472,0.9024856596558317,384,"71.05836911",0.14194915254237295,0.3151041666666667,0.2563559322033898,0.14322916666666666,0.11652542372881355,"7.058569449",4,-16.3879315795009,88,0.1864406779661017,176,0.3728813559322034
647304,"Naylor, Josh",594,0.8972809667673716,480,"71.043855236",0.1851851851851852,0.38958333333333334,0.3148148148148148,0.16666666666666666,0.13468013468013468,"7.513925017",16,-4.068319198801838,114,0.1919191919191919,282,0.47474747474747475
678882,"Rafaela, Ceddanne",698,0.9018087855297158,523,"71.042093381",0.12893982808022927,0.3690248565965583,0.27650429799426934,0.17208413001912046,0.12893982808022922,"7.478778166",14,-10.734530721223052,175,0.2507163323782235,256,0.3667621776504298
573262,"Yastrzemski, Mike",532,0.9001692047377327,429,"70.963722199",0.09210526315789476,0.3356643356643357,0.2706766917293233,0.1282051282051282,0.10338345864661654,"7.504092086",10,-17.171796647480384,103,0.19360902255639098,210,0.39473684210526316
668715,"Steer, Spencer",647,0.9036312849162011,489,"70.940870881",0.05873261205564142,0.2985685071574642,0.22565687789799072,0.09611451942740286,0.07264296754250386,"7.432952349",12,-12.431579058977837,158,0.24420401854714066,243,0.3755795981452859
643446,"McNeil, Jeff",439,0.9032921810699589,387,"70.938605194",0.0979498861047836,0.2868217054263566,0.2528473804100228,0.08527131782945736,0.07517084282460136,"7.369435809",8,-8.39536372818665,52,0.11845102505694761,174,0.39635535307517084
700932,"Manzardo, Kyle",505,0.9066427289048474,371,"70.892871921",0.09504950495049505,0.3504043126684636,0.25742574257425743,0.14555256064690028,0.10693069306930693,"7.43874495",11,-8.041717128060693,134,0.26534653465346536,183,0.36237623762376237
641487,"Crawford, J.P.",703,0.9059278350515464,578,"70.890867169",0.1806543385490754,0.3096885813148789,0.2546230440967283,0.10553633217993079,0.08677098150782361,"7.042560626",3,-15.047850888731165,125,0.17780938833570412,281,0.39971550497866287
663757,"Grisham, Trent",464,0.9027237354085603,387,"70.871595431",0.11853448275862073,0.39018087855297157,0.3254310344827586,0.17054263565891473,0.14224137931034483,"7.605433772",11,-0.09704481430993983,77,0.16594827586206898,201,0.4331896551724138
668901,"Vientos, Mark",471,0.9075144508670521,336,"70.863172399",0.11677282377919324,0.37202380952380953,0.2653927813163482,0.14583333333333334,0.1040339702760085,"7.511410594",15,-16.132793071969754,135,0.28662420382165604,167,0.35456475583864117
666971,"Gurriel Jr., Lourdes",679,0.9005305039787799,554,"70.855198616",0.10456553755522831,0.37725631768953066,0.3078055964653903,0.13537906137184116,0.11045655375552282,"7.509305464",13,-10.749075415631573,125,0.18409425625920472,304,0.4477172312223859
596115,"Story, Trevor",751,0.9070048309178744,527,"70.836237204",0.12516644474034624,0.3092979127134725,0.2170439414114514,0.15749525616698293,0.11051930758988016,"7.343817217",14,-17.85973225060212,224,0.2982689747003995,237,0.3155792276964048
621020,"Swanson, Dansby",709,0.9008894536213469,512,"70.797708604",0.056417489421720736,0.375,0.27080394922425954,0.1796875,0.12976022566995768,"7.395246714",19,-13.638462761374289,197,0.2778561354019746,260,0.36671368124118475
607208,"Turner, Trea",736,0.9019607843137255,564,"70.793481223",0.16032608695652178,0.3475177304964539,0.266304347826087,0.14716312056737588,0.11277173913043478,"7.555004769",14,-7.409564843611955,172,0.23369565217391305,293,0.39809782608695654
690993,"Keith, Colt",502,0.9077757685352622,398,"70.766972908",0.09960159362549806,0.3492462311557789,0.27689243027888444,0.16080402010050251,0.12749003984063745,"6.791983287",11,-11.550637686190067,104,0.20717131474103587,201,0.40039840637450197
664034,"France, Ty",646,0.8997214484679665,520,"70.760793251",0.1253869969040248,0.34423076923076923,0.2770897832817337,0.15,0.12074303405572756,"7.402961455",13,-17.509717578914323,126,0.19504643962848298,257,0.3978328173374613
596019,"Lindor, Francisco",764,0.9073634204275535,606,"70.738358102",0.15052356020942406,0.31518151815181517,0.25,0.12211221122112212,0.0968586387434555,"7.526188704",9,-18.93803561526297,158,0.20680628272251309,275,0.3599476439790576
678246,"Vargas, Miguel",700,0.9020618556701031,582,"70.721588671",0.12000000000000004,0.3470790378006873,0.2885714285714286,0.12199312714776632,0.10142857142857142,"7.638839786",13,-18.55044527235154,118,0.16857142857142857,273,0.39
686668,"Doyle, Brenton",547,0.899671052631579,409,"70.700578391",0.05118829981718465,0.3594132029339853,0.2687385740402194,0.15158924205378974,0.113345521023766,"7.299035941",16,-21.367969082143876,138,0.2522851919561243,213,0.38939670932358317
702616,"Holliday, Jackson",662,0.9019073569482289,498,"70.670238353",0.10271903323262842,0.357429718875502,0.2688821752265861,0.18072289156626506,0.13595166163141995,"6.874666465",17,-9.368266662148407,164,0.24773413897280966,258,0.38972809667673713
666018,"Aranda, Jonathan",662,0.9019073569482289,508,"70.589473338",0.14652567975830816,0.32086614173228345,0.24622356495468278,0.16929133858267717,0.1299093655589124,"7.291059018",8,0.4246228368233651,154,0.2326283987915408,217,0.32779456193353473
602104,"Urías, Ramón",447,0.9012096774193549,344,"70.43564519",0.087248322147651,0.33430232558139533,0.25727069351230425,0.11918604651162791,0.09172259507829977,"7.615875302",10,-14.116822488380752,103,0.23042505592841164,169,0.378076062639821
621438,"Taylor, Tyrone",450,0.9036144578313253,351,"70.393062133",0.10666666666666669,0.31339031339031337,0.24444444444444444,0.1225071225071225,0.09555555555555556,"7.543676089",3,-20.308452021171348,99,0.22,180,0.4
673962,"Jung, Josh",523,0.9017241379310345,398,"70.375422964",0.05353728489483747,0.314070351758794,0.2390057361376673,0.1507537688442211,0.1147227533460803,"7.005163461",14,-7.362106701028534,125,0.2390057361376673,195,0.372848948374761
592206,"Castellanos, Nick",781,0.9008073817762399,567,"70.329163649",0.1651728553137004,0.3403880070546737,0.2471190781049936,0.12874779541446207,0.09346991037131883,"7.640174584",13,-11.283256933349865,214,0.2740076824583867,271,0.34699103713188223
641355,"Bellinger, Cody",702,0.9105058365758755,575,"70.298518048",0.08689458689458689,0.3582608695652174,0.2934472934472934,0.1426086956521739,0.1168091168091168,"7.749946111",7,0.009494992936942559,127,0.18091168091168092,286,0.4074074074074074
650402,"Torres, Gleyber",575,0.9012539184952978,472,"70.206899217",0.11478260869565221,0.3792372881355932,0.31130434782608696,0.15677966101694915,0.12869565217391304,"7.171667426",10,-14.132640671982273,103,0.1791304347826087,249,0.4330434782608696
668930,"Turang, Brice",694,0.9001297016861219,559,"70.13184938",0.14265129682997119,0.3595706618962433,0.2896253602305475,0.12343470483005367,0.0994236311239193,"6.788628617",17,-13.12519730124259,135,0.19452449567723343,266,0.38328530259365995
682657,"Martínez, Angel",557,0.9027552674230146,443,"70.115361706",0.08797127468581688,0.33860045146726864,0.26929982046678635,0.09480812641083522,0.07540394973070018,"7.401659461",5,-11.24337278476505,114,0.20466786355475763,211,0.37881508078994613
650859,"Rengifo, Luis",603,0.904047976011994,470,"70.086216584",0.0945273631840796,0.3553191489361702,0.2769485903814262,0.11702127659574468,0.0912106135986733,"7.113450299",10,-19.666152782952306,133,0.22056384742951907,251,0.41625207296849087
669257,"Smith, Will",487,0.9018518518518519,389,"69.801142382",0.05749486652977414,0.3676092544987147,0.2936344969199179,0.16195372750642673,0.1293634496919918,"7.233527823",15,5.355114273809834,98,0.20123203285420946,197,0.40451745379876797
680574,"McLain, Matt",565,0.904,422,"69.751794142",0.0495575221238938,0.32701421800947866,0.24424778761061947,0.12796208530805686,0.09557522123893805,"6.867974885",14,-20.237436379895122,143,0.25309734513274335,209,0.36991150442477877
686797,"Lee, Brooks",516,0.900523560209424,411,"69.701157074",0.09689922480620158,0.36739659367396593,0.2926356589147287,0.1070559610705596,0.08527131782945736,"7.191119593",28,-16.652389627326134,105,0.20348837209302326,212,0.4108527131782946
810938,"Williamson, Ben",481,0.900749063670412,379,"69.680994137",0.079002079002079,0.3034300791556728,0.2390852390852391,0.1345646437994723,0.10602910602910603,"6.884838773",13,-15.631804107024259,102,0.21205821205821207,183,0.3804573804573805
669242,"Edman, Tommy",459,0.9035433070866141,379,"69.647417582",0.09368191721132897,0.3562005277044855,0.29411764705882354,0.1503957783641161,0.12418300653594772,"6.827603442",5,-7.168732986967781,80,0.17429193899782136,215,0.4684095860566449
683737,"Busch, Michael",588,0.901840490797546,446,"69.633617228",0.07993197278911567,0.3654708520179372,0.27721088435374147,0.14798206278026907,0.11224489795918367,"7.051354524",11,-0.9284389177388319,142,0.24149659863945577,206,0.35034013605442177
621493,"Ward, Taylor",599,0.9062027231467473,463,"69.51982616",0.07011686143572622,0.3801295896328294,0.2938230383973289,0.1490280777537797,0.11519198664440734,"7.131070551",18,-0.373628071714319,136,0.2270450751252087,237,0.39565943238731216
666158,"Lux, Gavin",530,0.9013605442176871,431,"69.513261509",0.05283018867924529,0.33874709976798145,0.27547169811320754,0.11832946635730858,0.09622641509433963,"7.442062491",22,-5.279140128395731,99,0.18679245283018867,206,0.3886792452830189
518692,"Freeman, Freddie",680,0.9042553191489362,505,"69.427147588",0.0661764705882353,0.35445544554455444,0.26323529411764707,0.1504950495049505,0.11176470588235295,"6.860680265",8,-2.0378828543684793,175,0.25735294117647056,238,0.35
681393,"Norby, Connor",480,0.900562851782364,351,"69.397606708",0.07083333333333333,0.28205128205128205,0.20625,0.1111111111111111,0.08125,"6.942329729",24,-11.305579505277006,129,0.26875,162,0.3375
649966,"Urías, Luis",405,0.9,356,"69.343052494",0.07654320987654321,0.3707865168539326,0.32592592592592595,0.10112359550561797,0.08888888888888889,"7.444502642",9,-8.852372273187658,49,0.12098765432098765,190,0.4691358024691358
670770,"Friedl, TJ",563,0.9036918138041734,472,"69.330249254",0.030195381882770864,0.375,0.31438721136767317,0.125,0.10479573712255773,"6.667181119",7,-16.611244235399134,91,0.16163410301953818,278,0.4937833037300178
514888,"Altuve, Jose",616,0.9019033674963397,504,"69.314321023",0.09740259740259744,0.3115079365079365,0.25487012987012986,0.09126984126984126,0.07467532467532467,"7.54396737",7,-5.038810696002004,112,0.18181818181818182,265,0.4301948051948052
681082,"Stott, Bryson",566,0.9056,486,"69.160007915",0.04593639575971731,0.3292181069958848,0.2826855123674912,0.09670781893004116,0.08303886925795052,"7.238804205",9,-20.448909939659455,80,0.1413427561837456,247,0.4363957597173145
669701,"Smith, Josh",597,0.9018126888217523,491,"69.156602663",0.04187604690117253,0.3360488798370672,0.27638190954773867,0.10590631364562118,0.08710217755443886,"6.741213132",10,-10.6940832380727,106,0.17755443886097153,232,0.38860971524288107
687363,"Scott II, Victor",502,0.899641577060932,361,"69.112681793",0.05776892430278884,0.3157894736842105,0.22709163346613545,0.07479224376731301,0.053784860557768925,"6.416597052",17,-24.470879407001583,141,0.28087649402390436,174,0.3466135458167331
666182,"Bichette, Bo",731,0.9002463054187192,594,"69.078283981",0.09439124487004105,0.3468013468013468,0.2818057455540356,0.15151515151515152,0.12311901504787962,"7.259230766",15,-15.186058548143233,137,0.18741450068399454,292,0.399452804377565
680977,"Donovan, Brendan",599,0.9007518796992481,525,"69.051656561",0.04340567612687814,0.4247619047619048,0.3722871452420701,0.1676190476190476,0.14691151919866444,"6.811776661",7,-9.111814119644997,74,0.12353923205342238,295,0.49248747913188645
643217,"Benintendi, Andrew",483,0.8994413407821229,373,"69.024410145",0.045548654244306416,0.39946380697050937,0.3084886128364389,0.128686327077748,0.09937888198757763,"7.122378054",10,-12.740659990819314,110,0.2277432712215321,200,0.4140786749482402
670623,"Paredes, Isaac",608,0.8980797636632201,515,"68.976178043",0.10032894736842107,0.31650485436893205,0.2680921052631579,0.09514563106796116,0.0805921052631579,"8.03174523",7,-7.220829861531097,93,0.15296052631578946,240,0.39473684210526316
641680,"Heim, Jonah",522,0.9,406,"68.879313295",0.04597701149425288,0.35960591133004927,0.2796934865900383,0.11083743842364532,0.08620689655172414,"7.477662184",13,-19.01837333874926,116,0.2222222222222222,190,0.36398467432950193
605141,"Betts, Mookie",546,0.8980263157894737,474,"68.827205769",0.06593406593406592,0.45569620253164556,0.3956043956043956,0.1308016877637131,0.11355311355311355,"7.053757967",22,-14.43355434278969,72,0.13186813186813187,293,0.5366300366300366
808982,"Lee, Jung Hoo",600,0.8995502248875562,526,"68.66552995",0.03833333333333334,0.4049429657794677,0.355,0.10266159695817491,0.09,"7.578302533",5,-16.63625811678677,74,0.12333333333333334,288,0.48
543760,"Semien, Marcus",708,0.8996188055908514,552,"68.653104096",0.057909604519774026,0.3641304347826087,0.2838983050847458,0.11956521739130435,0.09322033898305085,"7.717445282",17,-25.783928578168368,156,0.22033898305084745,271,0.3827683615819209
645277,"Albies, Ozzie",716,0.9006289308176101,573,"68.608016802",0.06145251396648045,0.3472949389179756,0.2779329608938548,0.08376963350785341,0.0670391061452514,"7.190609246",12,-26.327209901579167,143,0.19972067039106145,285,0.39804469273743015
676694,"Meyers, Jake",453,0.9005964214711729,372,"68.602350442",0.05298013245033112,0.3387096774193548,0.2781456953642384,0.11827956989247312,0.09713024282560706,"6.950966954",16,-5.3231439335816955,81,0.17880794701986755,193,0.4260485651214128
670764,"Walls, Taylor",435,0.9043659043659044,342,"68.48832108",0.01839080459770115,0.347953216374269,0.2735632183908046,0.06725146198830409,0.052873563218390804,"6.957853793",3,-24.10321822509995,93,0.21379310344827587,168,0.38620689655172413
663538,"Hoerner, Nico",598,0.9019607843137255,547,"68.451612609",0.03344481605351171,0.4040219378427788,0.3695652173913043,0.08592321755027423,0.07859531772575251,"7.165945769",8,-11.040971069968277,51,0.08528428093645485,318,0.5317725752508361
686217,"Frelick, Sal",549,0.8985270049099836,491,"68.441350492",0.06375227686703096,0.3258655804480652,0.29143897996357016,0.07128309572301425,0.06375227686703097,"7.091954663",6,-6.14816944738328,58,0.10564663023679417,255,0.4644808743169399
669289,"Espinal, Santiago",437,0.9047619047619048,382,"68.346297895",0.020594965675057218,0.36910994764397903,0.32265446224256294,0.07591623036649214,0.06636155606407322,"7.382069268",7,-22.5514362215508,55,0.12585812356979406,205,0.4691075514874142
672695,"Perdomo, Geraldo",629,0.8985714285714286,560,"68.049973291",0.044515103338632754,0.3875,0.3449920508744038,0.10714285714285714,0.09538950715421304,"6.850118362",14,-0.2029753178567415,69,0.10969793322734499,296,0.47058823529411764
805367,"Meidroth, Chase",449,0.903420523138833,403,"67.873724722",0.020044543429844103,0.45161290322580644,0.4053452115812918,0.13399503722084366,0.12026726057906459,"6.642886748",7,-12.640011470608291,46,0.10244988864142539,238,0.5300668151447662
694384,"Schanuel, Nolan",605,0.8989598811292719,518,"67.871280678",0.07107438016528927,0.3841698841698842,0.32892561983471075,0.10424710424710425,0.08925619834710743,"6.69819876",9,-16.231696887613058,87,0.14380165289256197,269,0.4446280991735537
656716,"McKinstry, Zach",566,0.9056,452,"67.603906678",0.010600706713780921,0.3252212389380531,0.2597173144876325,0.09513274336283185,0.07597173144876325,"6.782334912",5,-10.440662392467281,114,0.20141342756183744,218,0.38515901060070673
676391,"Clement, Ernie",544,0.9021558872305141,491,"67.265103107",0.02022058823529412,0.43380855397148677,0.3915441176470588,0.0814663951120163,0.07352941176470588,"7.025523272",20,-12.329276959618856,53,0.0974264705882353,293,0.5386029411764706
663968,"Mangum, Jake",436,0.8989690721649485,357,"67.221226193",0.038990825688073404,0.3165266106442577,0.2591743119266055,0.10644257703081232,0.0871559633027523,"6.571180619",6,-8.650784250409902,79,0.1811926605504587,168,0.3853211009174312
669364,"Edwards, Xavier",551,0.8988580750407831,491,"66.618313376",0.019963702359346643,0.3625254582484725,0.32304900181488205,0.054989816700611,0.04900181488203267,"6.389526987",3,-19.179650477493976,60,0.1088929219600726,248,0.4500907441016334
643396,"Kiner-Falefa, Isiah",463,0.8990291262135922,400,"66.272707192",0.00863930885529158,0.36,0.31101511879049676,0.0725,0.06263498920086392,"6.881322721",7,-8.985443748898685,63,0.13606911447084233,216,0.46652267818574517
527038,"Flores, Wilmer",611,0.8998527245949927,498,"65.755728756",0.011456628477905077,0.3313253012048193,0.2700490998363339,0.05823293172690763,0.04746317512274959,"6.874769525",13,-17.712153120870056,113,0.18494271685761046,218,0.3567921440261866
624428,"Frazier, Adam",463,0.8990291262135922,386,"65.67308946",0.01727861771058316,0.33678756476683935,0.28077753779697623,0.031088082901554404,0.02591792656587473,"6.879481879",8,-14.864383584579262,77,0.16630669546436286,180,0.38876889848812096
669397,"Allen, Nick",482,0.8992537313432836,392,"64.460886494",0.0020746887966804984,0.34438775510204084,0.2800829875518672,0.04336734693877551,0.035269709543568464,"6.281121598",18,-23.330623004445822,90,0.18672199170124482,184,0.3817427385892116
805779,"Wilson, Jacob",550,0.900163666121113,493,"63.652721055",0.0018181818181818186,0.4300202839756592,0.38545454545454544,0.038539553752535496,0.034545454545454546,"6.0616212",7,-7.060873761299579,57,0.10363636363636364,285,0.5181818181818182
680757,"Kwan, Steven",566,0.9012738853503185,520,"63.531298057",0.010600706713780921,0.41923076923076924,0.38515901060070673,0.04230769230769231,0.038869257950530034,"6.368362509",7,-12.178363948398957,46,0.0812720848056537,272,0.48056537102473496
650333,"Arraez, Luis",646,0.8984700973574409,617,"62.57529469",0.0030959752321981443,0.4619124797406807,0.4411764705882353,0.022690437601296597,0.021671826625386997,"5.884443003",6,-14.851770089162665,29,0.04489164086687306,337,0.521671826625387