"id","name","side","avg_bat_speed","swing_tilt","attack_angle","attack_direction","ideal_attack_angle_rate","avg_intercept_y_vs_plate","avg_intercept_y_vs_batter","avg_batter_y_position","avg_batter_x_position","competitive_swings"
665833,"Cruz, Oneil","L",78.47589905594417,33.5226338623617,9.386338172360718,-7.3200469907426235,"0.50699300699300699301",7.895261646585725,35.078165333594036,27.18290368700833,26.73940637944208,"572"
691406,"Caminero, Junior","R",78.1265076409495,26.381588868237547,7.3864458692168355,-4.508911013903989,"0.57418397626112759644",7.523688040843352,35.22716269808848,27.703474657245042,28.556188271149978,"674"
666176,"Adell, Jo","R",77.60085168224296,33.119875364661596,7.367295981420737,-5.284707523740992,"0.49532710280373831776",0.0268370009108026,25.73127553007053,25.70443852915975,28.011977319355207,"642"
656941,"Schwarber, Kyle","L",77.02711763081386,30.21184329610637,14.276992406353083,-5.543556446826842,"0.65261627906976744186",11.229886645085745,32.641367556403345,21.41148091131757,25.206322758592545,"688"
592450,"Judge, Aaron","R",76.92657130315503,38.53215304717139,14.621116725336531,-6.163417832271018,"0.52537722908093278464",4.275102189232902,30.601010049784442,26.325907860551514,32.91050544929696,"729"
665489,"Guerrero Jr., Vladimir","R",76.60166131229232,26.618290620210896,1.6651690702558728,-3.146209281910488,"0.34219269102990033223",6.789000106923951,33.87837316552559,27.089373058601662,29.426978672224706,"602"
575929,"Contreras, Willson","R",76.26008982456138,32.818485104429215,9.43979647352046,-1.666013201651646,"0.48830409356725146199",5.009001807608403,28.511593372695653,23.502591565087293,30.088401986549098,"684"
660271,"Ohtani, Shohei","L",76.1574409972677,36.95914095531248,15.599898310446264,-2.6677130378767098,"0.53278688524590163934",-0.759501335085238,28.152090202222475,28.911591537307732,31.8280305719054,"732"
624413,"Alonso, Pete","R",75.89855856,33.52265093280713,10.180491252122694,0.37110270530766576,"0.59600000000000000000",4.583514590879159,28.87921082170538,24.29569623082622,27.32643951772389,"750"
677594,"Rodríguez, Julio","R",75.89137833948335,31.77098878992875,7.2537453452853295,-1.493575244413064,"0.46617466174661746617",11.854739899832001,32.33705648006298,20.482316580230965,29.713661697853336,"813"
695578,"Wood, James","L",75.88412510606072,40.37235843436401,10.26456603121499,1.2689173079621097,"0.39696969696969696970",1.679807929338968,32.703403656324674,31.02359572698572,29.600770121224333,"660"
663586,"Riley, Austin","R",75.86789642954854,32.20494369841924,10.855521613716737,-4.704808539166882,"0.45690834473324213406",6.837208880908831,35.5903004239121,28.753091543003265,28.160365942565374,"731"
673357,"Robert Jr., Luis","R",75.7321342549372,36.531589232155014,12.404248829076268,-5.778361224386541,"0.53859964093357271095",-0.3966454418850705,31.067862805846847,31.464508247731978,26.51591835829769,"557"
680718,"Barger, Addison","L",75.67345561643842,28.403268529127242,10.04189051683203,-6.698519625130285,"0.53228962818003913894",-0.36266457821799136,32.4595437929894,32.82220837120738,25.683163921034186,"511"
660821,"Sánchez, Jesús","L",75.67334761992622,27.17738736830297,7.088705500308143,-1.7617584917809597,"0.50369003690036900369",9.245495827195418,35.34862263059873,26.103126803403317,28.768404387679162,"542"
686948,"Baldwin, Drake","L",75.43890067146285,31.174904398637743,10.156512109356637,2.772973995547193,"0.49640287769784172662",2.944381643254759,29.417128888008378,26.472747244753595,27.909067072143717,"417"
672356,"Arias, Gabriel","R",75.35911859550565,29.290708342147624,9.925416531201725,0.4630697986826643,"0.51123595505617977528",6.171941172963342,35.30564833356464,29.133707160601276,35.31708719441447,"534"
683002,"Henderson, Gunnar","L",75.3354661503068,29.372773346865284,8.528806216169455,1.7283947729910505,"0.49846625766871165644",6.72221088792693,32.78016422536052,26.057953337433595,26.444592410834062,"652"
682985,"Greene, Riley","L",75.17312022500003,44.81328552132927,13.468029835950915,2.655123035074671,"0.40625000000000000000",2.3770252173385638,31.664308944040954,29.287283726702373,25.03390660362643,"800"
683146,"Baty, Brett","L",75.15439960869563,35.19480118476552,8.300977513112747,3.646655671114595,"0.48478260869565217391",-4.130164963967315,26.154904575714422,30.28506953968173,30.05491437396567,"460"
663728,"Raleigh, Cal","R",75.14080455757573,33.90987357701988,17.97412788672488,-8.781916665277608,"0.45454545454545454545",7.708983977056414,36.106828132862056,28.397844155805586,24.24660338196766,"825"
669065,"Stowers, Kyle","L",75.1064678350515,33.855029335410414,11.537982469163014,0.26196456783674,"0.51693667157584683358",2.2257379431165516,31.665295644498105,29.439557701381563,29.3244874016445,"679"
621439,"Buxton, Byron","R",75.06239284779053,33.75625937472897,13.514370705954974,-5.897805627430915,"0.59247135842880523732",4.226438603038429,27.98645195460616,23.760013351567718,28.078301198255666,"611"
682663,"Ramírez, Agustín","R",74.92843421441775,24.99629140633347,7.567448113808037,-3.1424122579101166,"0.53234750462107208872",1.1398755512446286,30.22982156724938,29.0899460160048,30.34520736048989,"541"
656305,"Chapman, Matt","R",74.89064372549024,25.05702229058275,5.251621222266027,-3.224577935771976,"0.50980392156862745098",-1.269543845304225,27.57496072868299,28.844504573987184,30.143606225667078,"510"
669394,"Burger, Jake","R",74.76031471544711,24.993020614909444,7.776657499687192,-3.864653041282689,"0.54268292682926829268",8.065399295803982,31.506969645520716,23.441570349716756,31.851164481021264,"492"
606466,"Marte, Ketel","R",74.73856233261338,32.446279149297425,10.689476483853674,-8.148934731157759,"0.62419006479481641469",6.970360348830647,37.69774327360983,30.727382924779164,22.858791719293098,"463"
682998,"Carroll, Corbin","L",74.69009370426825,25.313646934140056,10.654116386156,-3.0155677131980436,"0.70579268292682926829",6.266424880508164,36.85701496973934,30.590590089231185,29.392352001113085,"656"
592518,"Machado, Manny","R",74.65201158584536,26.878342412754552,7.217082244364671,-0.4105635375526654,"0.53997378768020969856",6.9921065023570135,30.849806878220825,23.857700375863836,30.94737551077242,"763"
677951,"Witt Jr., Bobby","R",74.56012433470512,28.739103080352983,5.164865641389678,-0.6114111186675817,"0.46776406035665294925",0.6725748149299228,27.975001125659052,27.30242631072912,25.02151858885371,"729"
682829,"De La Cruz, Elly","R",74.55150033773864,34.115078565538646,8.489563811610607,0.35753825834835273,"0.51688693098384728341",8.11700813055572,37.06070177797472,28.943693647418975,30.220093240384355,"681"
657757,"Sheets, Gavin","L",74.54263406885761,27.623951457867904,8.786397017866106,-7.429213939620571,"0.54616588419405320814",4.937583854310874,34.133217091828094,29.195633237517185,29.324370423335807,"639"
680776,"Duran, Jarren","L",74.52006283602152,26.79413781646151,5.706185133851143,1.8091243888823623,"0.46774193548387096774",1.7080056156714014,30.429340948118284,28.72133533244685,30.97412311281236,"744"
547180,"Harper, Bryce","L",74.46649447863246,35.17915882249343,12.011451098638108,-3.1132041733177354,"0.48888888888888888889",9.890050305040107,33.38955430800048,23.499504002960364,29.308224084788332,"585"
701358,"Smith, Cam","R",74.38226625577808,37.84542663028356,6.4428621632153735,-0.5655581036776582,"0.39291217257318952234",3.3294844490710425,28.52029395551707,25.190809506446044,30.35242227325518,"649"
696100,"Goodman, Hunter","R",74.20803582840227,25.871982111934937,13.576741418049354,-7.006663639801067,"0.60946745562130177515",10.279850873707304,38.96046262063327,28.68061174692603,29.343359388148976,"676"
677800,"Abreu, Wilyer","L",74.16662989583334,31.133031894793696,9.237296035595342,-1.0574477669649636,"0.57465277777777777778",1.5912136488646627,31.227083450024647,29.63586980116001,26.441858544598503,"576"
663457,"Nootbaar, Lars","L",74.137858219697,28.304139542710566,10.175782701125033,-4.49417804923744,"0.57196969696969696970",6.960244594674459,35.854942397300725,28.89469780262624,27.138726563286358,"528"
691016,"Soderstrom, Tyler","L",74.10481354449472,31.032275408379828,10.211852169109148,0.631534711086423,"0.51282051282051282051",-0.5423397906023196,28.52980776071658,29.072147551318892,30.954323987085182,"663"
641857,"McMahon, Ryan","L",74.04139807525327,38.619215538794016,13.342164325110712,0.32213374904082065,"0.47033285094066570188",3.62969338207412,26.975356885183636,23.345663503109517,31.76242881193268,"691"
572233,"Walker, Christian","R",74.03896580080757,28.99148125362813,8.362307598910318,-3.5584246016494463,"0.52086137281292059219",2.433672548707656,31.01858301052513,28.5849104618175,26.216964571544736,"743"
694192,"Chourio, Jackson","R",74.02647905835548,26.058858680938716,6.891110050112328,1.0996509374250882,"0.57029177718832891247",3.1258555620185837,27.839166288568286,24.713310726549743,30.49661318314758,"754"
545361,"Trout, Mike","R",74.01225750483553,36.36878963126833,7.382337441347542,0.18004013728782223,"0.43133462282398452611",-6.120853924678869,24.1023705347086,30.22322445938748,25.85025023283707,"517"
624585,"Soler, Jorge","R",74.00300990347495,33.552820987043795,8.464001116273874,-7.828219749283392,"0.52509652509652509653",-0.36617581729071624,28.24125929845919,28.607435115749922,29.015816471492208,"518"
666160,"Moniak, Mickey","L",73.93913734513274,33.411984216266916,11.313409202127684,-3.353809154866503,"0.46238938053097345133",3.322424614964568,28.925298340691747,25.60287372572716,30.88420366077505,"452"
621043,"Correa, Carlos","R",73.93459838532107,31.789915473645195,8.448926646078124,-2.5969703093935452,"0.45688073394495412844",3.02021662124019,28.55505394135391,25.534837320113724,28.336040769419803,"545"
700250,"Rice, Ben","L",73.90254283057854,33.52266374905125,10.918309098975437,-5.5415520961559,"0.57851239669421487603",-1.7550492746404536,28.50245288265678,30.2575021572972,28.15834674000361,"484"
671218,"Ramos, Heliot","R",73.80172909214092,31.794416038760627,6.216393026492686,2.2311055291637163,"0.48238482384823848238",1.9265933277732596,27.35221708168566,25.425623753912408,27.770824475647213,"738"
691176,"Domínguez, Jasson","R",73.7981693760539,31.397840047425063,6.236813200805718,-2.9948395477070853,"0.46880269814502529511",1.800358554509061,30.06422651538956,28.263867960880425,24.083208262730878,"593"
671739,"Harris II, Michael","L",73.7626946676737,30.682305981324017,6.494832580264466,0.6658766076614324,"0.49848942598187311178",-1.3307792426552765,29.802163845223664,31.13294308787895,28.840484893937855,"662"
665487,"Tatis Jr., Fernando","R",73.75784712609968,30.670474688068214,8.340005295299845,1.1071004237757944,"0.54985337243401759531",3.1607418967809875,29.435891733148534,26.27514983636754,29.319971567488416,"682"
667670,"Rooker, Brent","R",73.73464388813102,35.76928089815303,12.693569137846794,-6.792742436697017,"0.44611186903137789905",1.9820692858283313,33.124446567500556,31.142377281672204,27.406703744508963,"733"
671732,"Butler, Lawrence","L",73.73340038620684,30.378331332168845,6.64242221531736,1.6260686999129832,"0.43310344827586206897",3.0114595377561635,28.98550601037148,25.974046472615246,31.382298242503488,"725"
650490,"Díaz, Yandy","R",73.72249065052948,24.27950924520565,3.506632259944135,5.802513058930058,"0.37972768532526475038",1.3651359457062282,30.685866915698455,29.320730969992166,28.517338677758747,"661"
700242,"Sweeney, Trey","L",73.709851745283,25.54036944358119,7.704822163325264,-3.146559404646728,"0.55188679245283018868",7.0695891964830615,34.153552573963125,27.083963377480075,27.490145263880798,"424"
687597,"Beck, Jordan","R",73.70696565143818,31.938730379918443,9.844985471928252,-3.3404569569151628,"0.53807106598984771574",9.889117252457227,27.71212359627009,17.82300634381282,29.384598521648936,"591"
621566,"Olson, Matt","L",73.68185534615378,33.9697841926483,8.459517179917595,1.4031795201304254,"0.49743589743589743590",1.0230406298562993,32.09605020678478,31.073009576928445,30.1625030177737,"780"
669224,"Wells, Austin","L",73.64285295254824,32.47843089131284,10.980997512316138,-5.612141066924945,"0.50439367311072056239",0.08359363330094298,30.98051960275505,30.896925969454134,23.582530926260063,"569"
542303,"Ozuna, Marcell","R",73.54062811447808,36.75334699349055,13.873766702136827,-1.0915478750298262,"0.55723905723905723906",-1.2056968128841483,32.750971434738936,33.95666824762302,25.959070782775754,"594"
665862,"Chisholm Jr., Jazz","L",73.48127897637791,33.91062191964653,15.702962105567108,-4.825941055754798,"0.59055118110236220472",0.8331084849483407,30.418460775581273,29.585352290632898,26.073893906119583,"508"
624424,"Conforto, Michael","L",73.480956073501,32.31122072661806,10.619090544050465,0.2356021520017685,"0.48936170212765957447",1.7370560310904273,28.27821975408788,26.541163722997428,28.288714664640192,"517"
673548,"Suzuki, Seiya","R",73.4441491540786,30.807571366838488,8.462412925257881,-3.0989825040597156,"0.51510574018126888218",7.173500509222445,34.74087628973862,27.5673757805162,27.85928997269391,"662"
595879,"Báez, Javier","R",73.43836826429977,30.235985682361225,10.464376406708885,-6.33968458366616,"0.52662721893491124260",10.54746568855813,30.204914860445992,19.657449171887816,28.80904739108139,"507"
543807,"Springer, George","R",73.35487532445929,35.04436873314439,12.601238122617017,0.49469501387359655,"0.58236272878535773710",-6.0015073425578205,21.413077240809134,27.414584583366953,27.158586909705193,"601"
665742,"Soto, Juan","L",73.34622194539244,28.058556074121963,10.909090344868082,4.7639757555802875,"0.65870307167235494881",-2.4312106911002025,22.909878489970037,25.34108918107022,30.27716449906038,"586"
664040,"Lowe, Brandon","L",73.28976346273298,33.66868044884101,14.797929835326302,-1.869714690977004,"0.49378881987577639752",6.397923117039737,33.60702553894799,27.209102421908298,26.52535491255456,"644"
592885,"Yelich, Christian","L",73.24769416296299,36.08586803526847,9.562861784114576,6.562717989629109,"0.43851851851851851852",-0.7096959266232985,27.161125513419716,27.870821440042967,29.31525289840698,"675"
694671,"Langford, Wyatt","R",73.21127656303972,34.3599533181431,16.657461921153708,-1.5712786418717752,"0.47841105354058721934",3.2227167562338597,31.592925813476167,28.370209057242306,27.667509753478353,"579"
664056,"Bader, Harrison","R",73.17721054736847,25.066402341490154,11.300113965316081,-5.171751539802792,"0.50105263157894736842",5.27199038357631,33.358964185823226,28.086973802246906,27.891212221894634,"475"
521692,"Perez, Salvador","R",73.13198670781895,34.03764535252304,12.74028123431231,-5.698036086852082,"0.57475994513031550069",0.8557825390386684,30.476706556643272,29.62092401760458,27.247674009692194,"729"
679529,"Torkelson, Spencer","R",73.09822987933637,38.647885728045644,13.049206162308288,-7.72160633615555,"0.49321266968325791855",-2.6436066365724606,30.312217888348904,32.95582452492136,28.033704837293932,"663"
606192,"Hernández, Teoscar","R",72.94248001751315,31.791682004767225,10.618080414084634,-0.6961189479983343,"0.53415061295971978984",0.4373770160000773,31.17722212153003,30.73984510552994,29.737134930756444,"571"
502671,"Goldschmidt, Paul","R",72.87023212732906,31.75282304617109,10.061903055738158,1.7795437404048082,"0.51552795031055900621",-4.638482413629309,21.392346313298077,26.030828726927357,33.73690454246766,"644"
661388,"Contreras, William","R",72.84626605067065,29.171702868880164,10.260590905333327,4.824834645170081,"0.66020864381520119225",1.030357407807649,30.004034464566153,28.973677056758486,27.831015927434763,"671"
686469,"Pasquantino, Vinnie","L",72.83274950364971,29.458705513003643,9.830012030219926,-9.369956386737043,"0.54744525547445255474",3.5840252773084815,32.55820275447911,28.974177477170638,31.50181395965758,"685"
687401,"Ortiz, Joey","R",72.81046411196915,27.731729937860884,2.260768300793337,-2.189087486570303,"0.35135135135135135135",-2.021045277351675,29.562700245721302,31.58374552307295,28.068303729776616,"518"
669127,"Langeliers, Shea","R",72.77578405241944,30.332074415697292,10.68051961746149,-0.8738797556909307,"0.59274193548387096774",5.4070556464915125,32.20455930582434,26.797503659332808,29.654342074144967,"496"
681624,"Pages, Andy","R",72.75318955678665,40.990376204393584,7.882727125386397,-3.8397780815059526,"0.49307479224376731302",-0.26812682701820173,31.168214585877767,31.436341412895874,30.067754045079276,"722"
608369,"Seager, Corey","L",72.69641496139,34.118192105325626,13.316499456147925,2.606802874320733,"0.53861003861003861004",5.628882379843385,32.46728410728623,26.838401727442847,29.35649587519929,"518"
669911,"Toglia, Michael","R",72.68607443840581,36.01053527416063,14.937852429798237,-2.4324199098564714,"0.43115942028985507246",2.6280105543511194,28.342354831897847,25.71434427754673,30.521766855109096,"552"
605137,"Bell, Josh","R",72.64639747311823,33.654055334889705,10.047232967910993,-2.829634931171786,"0.56989247311827956989",-2.9042824307419206,26.756018165182027,29.660300595923943,28.011508949078326,"558"
592663,"Realmuto, J.T.","R",72.61280327150081,34.05430007865291,12.750017817474719,1.653992506249741,"0.54806070826306913997",-2.4397858616436148,28.47953217934493,30.919318040988525,27.534561838965846,"593"
666134,"Jones, Nolan","L",72.59121675403227,35.63026396476319,8.71089374636231,0.07951706614380216,"0.45766129032258064516",5.5177148486145065,32.96279588320836,27.44508103459383,27.312610245761242,"496"
686780,"Pagés, Pedro","R",72.58424443231445,30.64296969395303,6.841927352836954,-2.062302051165708,"0.39956331877729257642",8.067607232642066,36.204173610802826,28.136566378160786,28.769867106279374,"458"
663993,"Lowe, Nathaniel","L",72.5625403883496,29.991976561529135,6.3887515545117886,7.852954037786518,"0.46463245492371705964",1.0993645330233999,27.365436417656657,26.266071884633256,30.565443181009293,"721"
676572,"Wagaman, Eric","R",72.55528841620625,27.916082398873336,6.406118167625949,-2.2585660465319193,"0.45856353591160220994",7.005980964537047,31.94906107999513,24.943080115458066,28.049948805695475,"543"
691718,"Crow-Armstrong, Pete","L",72.52312627013627,34.70910754577943,14.958620430856113,-3.25896913953517,"0.49070631970260223048",4.875830610661553,35.719671740211886,30.843841129550377,26.741826688396205,"807"
671277,"García Jr., Luis","L",72.47468864406773,29.057595766117785,10.708829319868704,-2.5514539571822596,"0.62203389830508474576",5.388610498498924,33.3803008407951,27.991690342296177,28.50514621879177,"590"
666969,"García, Adolis","R",72.47388377358486,28.14757151142089,8.996871608348913,-0.6016395805759236,"0.63477088948787061995",2.5820987433605684,31.24569240296181,28.66359365960123,25.410690847786597,"742"
669221,"Murphy, Sean","R",72.44566115124151,30.436652223314056,11.824766046296347,-3.690269484811948,"0.49209932279909706546",0.44376374525628903,30.395479058559488,29.951715313303165,30.835964457664094,"443"
553993,"Suárez, Eugenio","R",72.4344052631579,38.498495822790034,18.718650593559353,-5.367535930937284,"0.43589743589743589744",16.819942973189285,35.60048594576254,18.78054297257331,23.046291364502007,"741"
665161,"Peña, Jeremy","R",72.427318754717,29.77081009048342,10.266313149499426,-7.684952514603619,"0.61698113207547169811",1.6071316028612288,31.654940566163166,30.047808963301932,26.160334487309985,"530"
666310,"Naylor, Bo","L",72.4077028017241,31.713280954160904,14.253461764131096,-8.770924498509796,"0.52801724137931034483",8.833333236566956,36.06039988517756,27.22706664861059,31.543531947983244,"464"
672386,"Kirk, Alejandro","R",72.39790728395066,23.912659657274197,7.997896140686999,2.3935091789409078,"0.57319223985890652557",9.380552130186805,30.97076099594043,21.590208865753656,31.523820092138997,"567"
676475,"Burleson, Alec","L",72.39623417582415,30.741248108400242,10.280437643717896,-0.5136242758833773,"0.59523809523809523810",-2.1456417408686113,31.667608441392844,33.81325018226144,23.37509907092457,"546"
657656,"Laureano, Ramón","R",72.37507120267264,35.97983581702913,16.921248244356917,0.07337914657944446,"0.48329621380846325167",1.439089450225642,32.52565964734519,31.08657019711953,30.99391556012987,"449"
683011,"Volpe, Anthony","R",72.355762276923,31.094558520851553,10.262132627268794,5.839958171466034,"0.63384615384615384615",-4.11041977748645,24.60998273828324,28.720402515769685,29.196994490218934,"650"
682928,"Abrams, CJ","L",72.3486317219589,26.87313970706622,9.878433855223358,-3.160799139839145,"0.61453396524486571880",3.9549083175409394,31.251668022333405,27.296759704792507,29.89451657670938,"633"
668804,"Reynolds, Bryan","R",72.33813470108699,37.949330803128866,13.10139873991842,1.3889738254172639,"0.47961956521739130435",1.0922097921833396,28.12898113055082,27.036771338367483,27.178599229650384,"736"
593428,"Bogaerts, Xander","R",72.33272468518514,30.851932456994653,9.54548026237222,-6.263002864441677,"0.52037037037037037037",16.193294563645832,34.51663217347617,18.323337609830336,29.08448682085179,"540"
668227,"Arozarena, Randy","R",72.32236978540773,25.341654789363094,9.39979083525555,-1.0857225655655665,"0.64806866952789699571",11.593290362967128,32.08839556443195,20.49510520146481,24.72532496122182,"699"
672820,"Sosa, Lenyn","R",72.32148858168756,32.72101932734666,10.842460586214878,1.218389565904168,"0.55655296229802513465",2.1524967922672307,32.382625472141115,30.230128679873875,27.931283147083914,"557"
680777,"Jeffers, Ryan","R",72.25712706018523,28.78744465189082,9.782660343843206,-2.7061649652346036,"0.54861111111111111111",0.7168992113114333,28.61648282154115,27.89958361022969,27.93056525491262,"432"
665966,"Narváez, Carlos","R",72.23327633027523,29.44132579262935,9.434279859047706,1.6937660857414656,"0.53211009174311926606",5.979031744070923,30.53753467375981,24.558502929688874,29.08680548166918,"545"
656976,"Smith, Pavin","L",72.16473767326735,32.97546829300628,13.49498330424547,0.7747245277869896,"0.51980198019801980198",-0.3964564690121393,28.509035414485393,28.90549188349755,28.769133054308462,"404"
663616,"Larnach, Trevor","L",72.14162485950413,34.92106226168403,8.541369407410079,-10.743341240457484,"0.40826446280991735537",5.670176467465598,33.99166547550847,28.321489008042835,27.15636305307673,"605"
666139,"Lowe, Josh","L",72.13231313901345,35.15187482362858,6.146517520440672,-0.6108983960115114,"0.44170403587443946188",5.639443203916569,29.329939129031256,23.69049592511466,31.302394958469247,"446"
664023,"Happ, Ian","R",72.04877917647056,32.32493581175016,10.491320538780833,-6.730119422920319,"0.48823529411764705882",3.402080753286463,34.487524026096914,31.08544327281048,26.947460362244854,"680"
663697,"India, Jonathan","R",72.015367974068,27.912633703588313,8.848856046455422,-3.9692873969288764,"0.61750405186385737439",2.130668842486911,30.05844070267424,27.927771860187324,27.92677032241567,"617"
663656,"Tucker, Kyle","L",72.0130824351586,33.65604578419498,11.592556896554601,-8.094494866855284,"0.49567723342939481268",0.4594705062162594,28.411487947266707,27.95201744105046,30.283087683776756,"694"
701538,"Merrill, Jackson","L",72.00932633009704,37.06454250564592,8.73487838449115,2.3230588565036907,"0.44271844660194174757",3.4976738135452456,26.689780480956788,23.19210666741155,29.173613389083517,"515"
672580,"Garcia, Maikel","R",71.96230283422447,26.78593766011675,4.732948360391691,1.250109728040091,"0.45632798573975044563",3.034729949353524,33.721105522529946,30.68637557317647,26.038427380618582,"561"
672275,"Bailey, Patrick","R",71.9515567396061,33.06426388104489,9.525472840307769,-3.8444017185745443,"0.48358862144420131291",2.136604223844009,30.89587310162541,28.759268877781363,28.752475650532705,"457"
642715,"Adames, Willy","R",71.95101306849314,34.996864059678394,18.419970404728943,-3.942017386093804,"0.49726027397260273973",2.2555451204162797,31.43736876994177,29.181823649525462,29.21837090713503,"730"
681351,"O'Hoppe, Logan","R",71.94464957446813,33.379583517936766,16.589473706082867,-3.5741017294589823,"0.51595744680851063830",6.067560738375045,33.65268358466193,27.58512284628686,29.197892120484035,"564"
656811,"O'Hearn, Ryan","L",71.94373190825696,32.995070771516424,11.883878404398422,-0.7671118184514776,"0.42935779816513761468",1.5018229743233398,27.36149476618093,25.859671791857583,29.273706773884612,"545"
693307,"Dingler, Dillon","R",71.92164295010846,39.07590762195104,11.349721543775095,-0.8572552356623049,"0.50759219088937093275",2.639754454695024,28.215503018334967,25.575748563640005,28.243434520524012,"461"
681481,"Carpenter, Kerry","L",71.79991654440165,33.73959282445594,15.604662182707157,0.5336944491740085,"0.53088803088803088803",-7.69018653844865,25.11412399594115,32.80431053438981,29.369074360438365,"518"
672640,"Lopez, Otto","R",71.76988015209128,30.211743519271714,8.067128331275955,-2.7907727361044126,"0.49809885931558935361",1.3045472226619075,30.64689023015191,29.342343007490058,28.248717016660816,"526"
593871,"Polanco, Jorge","R",71.75175972689078,30.346933032299454,9.54780243035963,-10.932479210534124,"0.59033613445378151261",6.463428905734115,32.50091416521765,26.037485259483535,27.93730839303548,"476"
677950,"Thomas, Alek","L",71.74044947698744,27.264163839859695,9.844970195962937,1.3365356787999854,"0.61506276150627615063",12.100013524984636,32.88427712145798,20.784263596473366,27.319385825470107,"478"
673237,"Diaz, Yainer","R",71.72774448330684,27.888108472909845,10.74950879095652,0.22529353856223036,"0.60890302066772655008",3.3021385468243745,32.632147784875826,29.33000923805147,28.339630983144502,"629"
607043,"Nimmo, Brandon","L",71.72737209131078,29.165674894510257,6.762514776632819,1.638883227426379,"0.49337260677466863034",-1.3788385773845087,26.896064222840202,28.274902800224726,31.573260388741723,"679"
646240,"Devers, Rafael","L",71.6561239647059,29.399516454880324,9.550260911943939,4.961451855987606,"0.59882352941176470588",6.047440148528245,28.21186313137071,22.164422982842527,26.16549580273123,"850"
571448,"Arenado, Nolan","R",71.64236574137931,33.098981456146625,10.56645592010145,-9.203795252417446,"0.55517241379310344828",3.0889888309606253,35.03758479024735,31.948595959286706,29.49087869141779,"580"
664761,"Bohm, Alec","R",71.59672391752578,29.84817500027324,5.302578527016255,4.813180731645145,"0.46907216494845360825",0.44004570233368195,26.26062556273104,25.820579860397384,29.5525129185076,"582"
669016,"Marsh, Brandon","L",71.54090193779902,38.47113962458467,9.061409319872386,0.418048093416457,"0.42105263157894736842",-1.2066694921151668,26.904027082944335,28.110696575059514,29.531706073619947,"418"
596146,"Kepler, Max","L",71.47693922123891,31.35240320391455,7.386430941443945,-6.322496853149077,"0.46371681415929203540",-0.7172961262671146,31.874527048894283,32.59182317516136,30.366180514392624,"565"
687263,"Neto, Zach","R",71.4364668144499,37.85800887688902,16.432030623879715,-5.645198951145239,"0.52873563218390804598",17.234730303057198,35.886885923747066,18.652155620689893,21.58793830860481,"609"
650489,"Castro, Willi","R",71.40465259005143,37.29059984291045,7.9105243320150755,-4.249791051400076,"0.43053173241852487136",-1.5505280091435028,30.423529035113724,31.97405704425725,23.96928692816275,"583"
467793,"Santana, Carlos","R",71.37709845024469,26.558630486924617,12.69128768187595,-5.42083341675507,"0.65742251223491027732",6.865323168807584,34.01600695102219,27.150683782214603,26.955098311902095,"613"
571970,"Muncy, Max","L",71.30210856262832,34.56146459488927,17.856058354627326,-5.005930999822643,"0.48665297741273100616",10.818246093878042,37.598741570436005,26.780495476557928,28.32995173514091,"487"
663647,"Hayes, Ke'Bryan","R",71.22494225274723,26.71671433810592,4.80538495472522,1.3822181372745892,"0.45238095238095238095",1.662898676357113,34.54414268688627,32.881244010529194,25.74183027591894,"546"
691026,"Winn, Masyn","R",71.19020567823344,29.314056843195125,5.7318953654312335,-4.423907439166468,"0.43217665615141955836",0.8839501456165589,34.24815029122081,33.364200145604265,22.894232157368457,"634"
457705,"McCutchen, Andrew","R",71.17851012903228,34.38143187982315,14.809690749338866,-1.3361920664676576,"0.51935483870967741935",-4.48857726616779,25.423918234690152,29.912495500857943,28.80185900061927,"620"
608070,"Ramírez, José","R",71.10614943939389,29.846515314546057,9.332113178350996,-9.477486964546248,"0.62878787878787878788",2.376357655835892,32.47792605276809,30.10156839693218,22.78948871414622,"660"
656555,"Hoskins, Rhys","R",71.07080564154785,33.726903118748474,16.833311320301945,-7.0886359228066205,"0.47454175152749490835",1.4650332649304056,32.60199372705813,31.136960462127696,28.586708313922994,"491"
656775,"Mullins, Cedric","L",71.064322562396,29.358251884379396,11.943618408240775,-6.437366850621856,"0.64891846921797004992",-2.369484267367899,29.16191536106585,31.531399628433782,24.238487813565865,"601"
630105,"Cronenworth, Jake","L",71.05836911016955,31.142349981464285,7.932184567338008,-2.282743877929082,"0.36652542372881355932",-2.1161320107252033,31.2712176865179,33.38734969724312,27.847010256528787,"472"
647304,"Naylor, Josh","L",71.04385523569017,30.980057470568493,6.901886330172705,-8.036263989431024,"0.45791245791245791246",0.37098143678803713,25.35418410220761,24.983202665419597,27.064899990071126,"594"
678882,"Rafaela, Ceddanne","R",71.04209338108889,33.2817136118192,11.883301979829305,-0.6825104409505638,"0.58022922636103151862",3.0877113581528772,32.95894458967879,29.87123323152592,27.02082505572113,"698"
573262,"Yastrzemski, Mike","L",70.96372219924815,30.036568253554357,10.94614871405962,-2.7757879293310266,"0.68045112781954887218",1.1144609595939428,29.630163442882978,28.51570248328905,24.9084078375888,"532"
668715,"Steer, Spencer","R",70.9408708809893,28.787812715099417,13.039501266973682,-4.212919234639006,"0.57032457496136012365",3.8422058609610996,32.659105979530416,28.816900118569347,25.498954420614375,"647"
643446,"McNeil, Jeff","L",70.93860519362187,33.18110270295212,8.884251061706932,-5.1488018093806,"0.46697038724373576310",-0.7280123414255205,30.36949376686125,31.097506108286773,25.614763070282038,"439"
700932,"Manzardo, Kyle","L",70.89287192079202,36.34625793036481,17.75378164025374,-1.1839034864006361,"0.52277227722772277228",11.142114383443047,33.60548180325677,22.463367419813743,31.627188482323184,"505"
641487,"Crawford, J.P.","L",70.89086716927459,36.226834258601635,4.041334708563325,1.671662078561806,"0.35419630156472261735",1.4514924601549948,36.49550404284052,35.044011582685556,27.243632104552347,"703"
663757,"Grisham, Trent","L",70.87159543103448,29.91736830136272,16.33434963642527,2.448640103913897,"0.59913793103448275862",-9.226199091801055,23.894193203818098,33.12039229561914,30.876536460333657,"464"
668901,"Vientos, Mark","R",70.86317239915073,32.213039265285396,14.14764158044556,2.751859674067823,"0.64968152866242038217",0.8675499167147993,27.144409071986843,26.276859155272014,29.353228084312498,"471"
666971,"Gurriel Jr., Lourdes","R",70.85519861561113,36.45803032826875,10.708088727190903,-6.501537880465806,"0.51104565537555228277",2.678367980328799,31.283490004049952,28.605122023721098,25.8349637792833,"679"
596115,"Story, Trevor","R",70.83623720372837,29.79737738757312,10.825858836777963,-4.8992792939187275,"0.47669773635153129161",10.358844620500024,35.55747829859286,25.19863367809284,29.832243306710044,"751"
621020,"Swanson, Dansby","R",70.79770860366706,34.4069539607153,15.389407193520508,-1.342728724421199,"0.61071932299012693935",1.7771084416163045,32.235604812455286,30.458496370838958,27.669875801162895,"709"
607208,"Turner, Trea","R",70.79348122282616,27.969732813523184,8.305233229574709,-3.1033175192230877,"0.60326086956521739130",0.41674586426152627,29.317045767908173,28.900299903646623,28.645657313676356,"736"
690993,"Keith, Colt","L",70.76697290836653,33.27284537330112,10.964906239832215,-0.7107902024940325,"0.48207171314741035857",7.137409231190407,30.56424941219711,23.42684018100672,29.29339496460801,"502"
664034,"France, Ty","R",70.76079325077403,34.61744266706985,10.337490605708336,5.814352994182676,"0.47987616099071207430",-1.1769659209299348,27.28110989638097,28.45807581731086,26.918453541098398,"646"
596019,"Lindor, Francisco","R",70.73835810209422,33.99285033597068,10.983771557805625,-1.3373425183032195,"0.50000000000000000000",2.2718280453316786,29.196864265141937,26.92503621981023,26.15846277521635,"764"
678246,"Vargas, Miguel","R",70.72158867142858,35.480438374575904,12.414752951960928,-3.890689821219651,"0.67285714285714285714",5.293893043208583,35.493597218744256,30.199704175535622,28.14016109321485,"700"
686668,"Doyle, Brenton","R",70.70057839122488,30.560328838043173,11.826448190889067,0.3327925889815433,"0.66910420475319926874",1.999147040214711,26.221759085859816,24.222612045645114,28.693529011651318,"547"
702616,"Holliday, Jackson","L",70.67023835347439,32.13374886810816,8.271958323356767,7.415828656654691,"0.53625377643504531722",-0.09339860478291147,25.43758910746314,25.53098771224609,28.312060664223196,"662"
666018,"Aranda, Jonathan","L",70.58947333836853,35.75840748256966,10.204902097001623,3.63123110901492,"0.57401812688821752266",0.14444737697890045,27.3830590593024,27.23861168232351,29.434704016542156,"662"
602104,"Urías, Ramón","R",70.43564519015655,27.386982947904563,13.329920332056696,2.5642637423367356,"0.72930648769574944072",-1.7489124651023011,28.346384769803592,30.09529723490592,28.607173399513037,"447"
621438,"Taylor, Tyrone","R",70.39306213333332,32.118033768818215,8.05073357310739,-8.527024051033449,"0.53111111111111111111",4.409182642390164,31.06092546700387,26.65174282461371,25.35373005999039,"450"
673962,"Jung, Josh","R",70.37542296367108,37.78250416378127,11.704835752222689,2.563118750106922,"0.54684512428298279159",8.0436390947939,32.451021476530606,24.407382381736703,25.326158013756338,"523"
592206,"Castellanos, Nick","R",70.32916364916764,39.50130683250076,14.79129701385099,-3.802425527505808,"0.49167733674775928297",1.3310155146789142,30.788362802586576,29.45734728790765,29.352370016387315,"781"
641355,"Bellinger, Cody","L",70.2985180484331,32.36260948384447,12.95780201006164,-3.2563760218182036,"0.58262108262108262108",-2.942574786539428,29.932888285371597,32.875463071911035,20.913077931948546,"702"
650402,"Torres, Gleyber","R",70.2068992173913,33.87499427204822,9.414113985492682,3.473565586965151,"0.56521739130434782609",-2.027615894100558,30.587965937174328,32.61558183127489,26.39085947058949,"575"
668930,"Turang, Brice","L",70.13184938040344,30.438285956585702,6.202549059990454,8.746696498425168,"0.43083573487031700288",0.9657718084537512,31.543402241796766,30.57763043334303,27.07756094355196,"694"
682657,"Martínez, Angel","R",70.11536170556553,33.64235723454684,12.329442516435028,-6.584540530139169,"0.56732495511669658887",6.280537540814853,37.3243549427588,31.04381740194392,25.147427641316696,"557"
650859,"Rengifo, Luis","R",70.08621658374796,33.61541504021144,7.553052351299812,3.572463278729079,"0.50414593698175787728",7.668209444370433,26.430860641850458,18.762651197480057,26.796400099464698,"603"
669257,"Smith, Will","R",69.80114238193016,33.71289495984196,11.622275069072707,0.8920079317985649,"0.61806981519507186858",-1.3033376959672722,31.322792865451053,32.62613056141828,28.96467057492748,"487"
680574,"McLain, Matt","R",69.75179414159294,31.923014326080917,11.599177654519343,-0.7458896315829753,"0.58584070796460176991",4.320465691105142,32.08715904672452,27.766693355619395,26.733784317333498,"565"
686797,"Lee, Brooks","R",69.70115707364344,30.647454158609754,10.27627653911467,-4.949170369692856,"0.56782945736434108527",3.6581267112539155,29.934106178251927,26.275979466998013,28.21547259763356,"516"
810938,"Williamson, Ben","R",69.68099413721424,32.8746420079068,2.4219102973636,5.974794724559253,"0.31808731808731808732",-2.5818569432984106,25.256237204345727,27.83809414764414,28.622774876311574,"481"
669242,"Edman, Tommy","R",69.64741758169937,26.492228088873393,9.612903095988134,-0.41204585236895225,"0.59041394335511982571",0.7881228409604338,29.364920174705095,28.576797333744658,27.008158989701737,"459"
683737,"Busch, Michael","L",69.63361722789121,36.68246281709114,16.998791787651783,-0.9664575469132106,"0.49319727891156462585",0.9485304081215306,32.40909476708719,31.460564358965662,26.208945550088917,"588"
621493,"Ward, Taylor","R",69.51982616026716,32.03499447464249,10.010670442063972,-3.2961019398774734,"0.57595993322203672788",2.4660499447875357,33.83226904494584,31.366219100158254,25.615612676391603,"599"
666158,"Lux, Gavin","L",69.51326150943397,33.46241492110461,11.483007536714654,2.552610594783501,"0.44528301886792452830",-1.3056727732973583,32.390561373823914,33.696234147121274,26.530565371904242,"530"
518692,"Freeman, Freddie","L",69.42714758823521,42.893300966665585,10.734687921191945,1.5927207637980754,"0.46911764705882352941",-2.6015432300327492,26.457800425647378,29.059343655680088,30.087494293018874,"680"
681393,"Norby, Connor","R",69.39760670833338,41.27765943286694,19.422075705957244,4.661539808481161,"0.38125000000000000000",5.194741509758198,31.94561057049416,26.75086906073594,26.03231949620981,"480"
649966,"Urías, Luis","R",69.34305249382714,28.28435729361267,11.28501032353684,-1.082061842587628,"0.72098765432098765432",-0.5120209107906324,29.08232014651553,29.594341057306146,26.18739726012935,"405"
670770,"Friedl, TJ","L",69.3302492539965,28.29171791586994,9.28627701832937,-7.032076258340305,"0.59680284191829484902",7.567177895922806,40.10500818183453,32.5378302859117,24.70400637888776,"563"
514888,"Altuve, Jose","R",69.31432102272728,28.65888976233077,14.906246340338768,-4.937782156019308,"0.55844155844155844156",16.599063172085867,29.41833099096389,12.819267818878025,29.971098177299343,"616"
681082,"Stott, Bryson","L",69.16000791519431,33.32011970264478,7.171274845537338,3.1163400914600476,"0.50000000000000000000",0.8372521755163833,26.870952601737862,26.033700426221426,23.674136907769824,"566"
669701,"Smith, Josh","L",69.15660266331662,36.13632080130167,8.085544506994975,-2.01676641679538,"0.44221105527638190955",-0.6144174279901061,30.78755289361128,31.40197032160144,27.54311078793953,"597"
687363,"Scott II, Victor","L",69.1126817928287,32.339470448396476,10.776977003697072,-1.762591209007693,"0.56175298804780876494",8.77827453794063,32.21037186837127,23.432097330430658,24.12485354536937,"502"
666182,"Bichette, Bo","R",69.07828398084808,37.51219389986107,5.47035255650998,0.4806736102405278,"0.35704514363885088919",-2.5859138164665625,25.11932116509312,27.7052349815597,25.324370411392714,"731"
680977,"Donovan, Brendan","L",69.05165656093486,30.30693663554751,8.185304017795753,1.5395194206888012,"0.49582637729549248748",-1.3095809301056562,25.042497045771388,26.35207797587701,28.560291709636264,"599"
643217,"Benintendi, Andrew","L",69.02441014492751,32.21383866288878,16.541292247050027,-6.268219702592179,"0.55486542443064182195",5.290062966771182,35.90966157861574,30.619598611844587,22.007817369129597,"483"
670623,"Paredes, Isaac","R",68.9761780427632,32.48303462414706,15.45627668017496,-15.019652922908492,"0.54605263157894736842",6.86033916003888,37.754283883739475,30.893944723700614,25.910086447533963,"608"
641680,"Heim, Jonah","R",68.87931329501919,28.74910736464372,11.04217978360675,0.9989628565761204,"0.62835249042145593870",-1.5811710168567583,28.007862374288933,29.589033391145666,30.99387341342959,"522"
605141,"Betts, Mookie","R",68.82720576923073,34.379878970953804,9.876661181023522,-6.248552106884235,"0.58608058608058608059",8.158451708487195,33.47645130947996,25.317999600992817,28.26412903713792,"546"
808982,"Lee, Jung Hoo","L",68.66552994999992,39.334009863851065,6.400219971645194,-5.783325666816798,"0.46000000000000000000",4.503159608551883,31.22179289431515,26.718633285763246,21.131104660312264,"600"
543760,"Semien, Marcus","R",68.65310409604523,34.58346659644898,15.894078130115483,-4.287638511822018,"0.55790960451977401130",2.696564803507437,30.566728206516753,27.87016340300932,23.963363143377688,"708"
645277,"Albies, Ozzie","R",68.608016801676,34.82288642927994,12.425460950749367,-5.4235299406894075,"0.59357541899441340782",1.927403995440305,36.512010503674034,34.584606508233755,21.568599565613987,"716"
676694,"Meyers, Jake","R",68.60235044150109,32.49287453124901,6.46017515397644,-2.22744769537587,"0.43487858719646799117",-1.1905979168096672,29.6545434930056,30.845141409815245,30.696099016193124,"453"
670764,"Walls, Taylor","R",68.48832108045978,34.12809748091657,9.891083557277794,4.306244391002598,"0.56781609195402298851",-3.2747442439139114,25.656588015013604,28.93133225892752,26.286765836711783,"435"
663538,"Hoerner, Nico","R",68.45161260869564,33.54751598042825,5.572812153868366,-1.9868947096821414,"0.47658862876254180602",-2.307503217191777,27.206528461883767,29.514031679075533,26.57023331948204,"598"
686217,"Frelick, Sal","L",68.44135049180328,28.043646817291577,8.27950399091742,-2.1115273632069664,"0.53734061930783242259",-2.504602870623217,28.032098653014643,30.536701523637877,27.469809344570198,"549"
669289,"Espinal, Santiago","R",68.34629789473685,34.55512872062116,6.310362305899314,-1.4982565802861747,"0.50114416475972540046",-5.170773861076912,31.464097934317394,36.63487179539429,25.679574693124678,"437"
672695,"Perdomo, Geraldo","R",68.0499732909381,35.07397413225357,7.042802531385143,-1.837441648447879,"0.48648648648648648649",6.981688413527723,25.266097495056506,18.284409081528775,25.383912032339136,"629"
805367,"Meidroth, Chase","R",67.87372472160354,28.649747638034754,5.929934283886533,2.8138192731308047,"0.48106904231625835189",-2.596973436555232,28.965348066724623,31.562321503279875,28.612092406601167,"449"
694384,"Schanuel, Nolan","L",67.87128067768595,38.12955365249341,8.576753121465366,-1.217829039262496,"0.46115702479338842975",0.7164190063544328,30.73112895797182,30.014709951617387,23.694574721581986,"605"
656716,"McKinstry, Zach","L",67.60390667844517,37.41322878509893,9.506327303559269,2.349291679838719,"0.43462897526501766784",-1.075843804481943,26.55516974738814,27.631013551870083,26.52817512592108,"566"
676391,"Clement, Ernie","R",67.2651031066176,31.95336728870322,11.514153700137642,-2.702655774902638,"0.59742647058823529412",7.841057247491397,30.521278345861734,22.68022109837031,28.337419663521104,"544"
663968,"Mangum, Jake","R",67.22122619266055,29.24630835396777,2.5246697539792957,11.494082366827763,"0.31422018348623853211",-4.544670875748142,21.312148258608794,25.85681913435695,28.88736160382493,"436"
669364,"Edwards, Xavier","R",66.61831337568056,30.97445665647277,2.5345316249151746,2.2431040724930584,"0.33393829401088929220",7.722725926476273,28.447506303989137,20.724780377512875,24.60104413367198,"551"
643396,"Kiner-Falefa, Isiah","R",66.27270719222459,32.82124189604313,5.001173392693444,3.056248882850125,"0.38876889848812095032",-0.5609576076180723,29.042169285035357,29.60312689265341,27.604620282500363,"463"
527038,"Flores, Wilmer","R",65.75572875613757,32.00922487384407,10.893268361497563,-5.968383644599435,"0.50572831423895253682",3.2831457539560973,30.907077384333764,27.623931630377648,25.413883283740457,"611"
624428,"Frazier, Adam","L",65.67308946004326,38.62511207825876,9.66654257094995,3.6127172295786014,"0.45788336933045356371",2.3144136647710694,23.16685282237202,20.852439157600966,22.364595710381163,"463"
669397,"Allen, Nick","R",64.46088649377589,30.2501758161861,6.811985537393486,0.08103726513124757,"0.48755186721991701245",4.983226390474979,31.923253847319092,26.940027456844124,27.160387949134968,"482"
805779,"Wilson, Jacob","R",63.65272105454542,35.21489249673349,2.525842176112608,-0.7918088464398332,"0.36000000000000000000",1.9183453480768797,30.410383170674752,28.492037822597847,26.012773597115793,"550"
680757,"Kwan, Steven","L",63.53129805653713,35.73377863452144,3.3074160443242384,-3.056901530868083,"0.36042402826855123675",7.895710931947818,30.02385298542774,22.12814205347992,22.769749920431764,"566"
650333,"Arraez, Luis","L",62.575294690402444,37.31155993635406,5.73124720022802,4.580518051122098,"0.40402476780185758514",-2.0903111229584557,31.687684794418583,33.777995917377055,25.799372311664804,"646"