"id","name","bbe","gb_rate","air_rate","fb_rate","ld_rate","pu_rate","pull_rate","straight_rate","oppo_rate","pull_gb_rate","straight_gb_rate","oppo_gb_rate","pull_air_rate","straight_air_rate","oppo_air_rate"
663656,"Tucker, Kyle",316,0.310126582278481,0.6898734177215189,0.33860759493670883,0.2721518987341772,0.07911392405063292,0.43037974683544306,0.3449367088607595,0.22468354430379747,0.17721518987341772,0.10126582278481013,0.03164556962025317,0.25316455696202533,0.2436708860759494,0.1930379746835443
621020,"Swanson, Dansby",281,0.43416370106761565,0.5658362989323844,0.2704626334519573,0.2313167259786477,0.06405693950177936,0.4092526690391459,0.40213523131672596,0.18861209964412812,0.24555160142348753,0.16725978647686832,0.021352313167259787,0.1637010676156584,0.23487544483985764,0.16725978647686834
807713,"Shaw, Matt",183,0.4371584699453552,0.5628415300546448,0.22404371584699453,0.25136612021857924,0.08743169398907104,0.33879781420765026,0.32786885245901637,0.3333333333333333,0.17486338797814208,0.17486338797814208,0.08743169398907104,0.16393442622950818,0.1530054644808743,0.2459016393442623
663538,"Hoerner, Nico",350,0.44571428571428573,0.5542857142857143,0.25142857142857145,0.24,0.06285714285714286,0.38285714285714284,0.36,0.2571428571428571,0.21142857142857144,0.15714285714285714,0.07714285714285714,0.1714285714285714,0.20285714285714285,0.18
683737,"Busch, Michael",236,0.3728813559322034,0.6271186440677966,0.3728813559322034,0.22033898305084745,0.03389830508474576,0.4322033898305085,0.3220338983050847,0.2457627118644068,0.21610169491525424,0.1228813559322034,0.03389830508474576,0.21610169491525424,0.19915254237288132,0.21186440677966104
608348,"Kelly, Carson",181,0.40331491712707185,0.5966850828729281,0.3259668508287293,0.2154696132596685,0.055248618784530384,0.46408839779005523,0.292817679558011,0.2430939226519337,0.22099447513812154,0.13812154696132597,0.04419889502762431,0.2430939226519337,0.15469613259668505,0.19889502762430938
691718,"Crow-Armstrong, Pete",304,0.3190789473684211,0.680921052631579,0.3717105263157895,0.20394736842105263,0.10526315789473684,0.45394736842105265,0.3223684210526316,0.2236842105263158,0.17105263157894737,0.12171052631578948,0.02631578947368421,0.2828947368421053,0.2006578947368421,0.19736842105263158
673548,"Suzuki, Seiya",284,0.2852112676056338,0.7147887323943662,0.352112676056338,0.28169014084507044,0.08098591549295775,0.426056338028169,0.352112676056338,0.22183098591549297,0.16549295774647887,0.09154929577464789,0.028169014084507043,0.2605633802816901,0.2605633802816901,0.19366197183098594
664023,"Happ, Ian",279,0.36917562724014336,0.6308243727598567,0.2974910394265233,0.25806451612903225,0.07526881720430108,0.4050179211469534,0.3225806451612903,0.2724014336917563,0.20430107526881722,0.13978494623655913,0.025089605734767026,0.20071684587813618,0.1827956989247312,0.24731182795698925
677594,"Rodríguez, Julio",323,0.5015479876160991,0.49845201238390097,0.25696594427244585,0.17956656346749225,0.06191950464396285,0.3746130030959752,0.4148606811145511,0.21052631578947367,0.2476780185758514,0.20743034055727555,0.04643962848297214,0.12693498452012383,0.20743034055727555,0.16408668730650153
663728,"Raleigh, Cal",266,0.2556390977443609,0.744360902255639,0.42857142857142855,0.18796992481203006,0.12781954887218044,0.5526315789473685,0.2631578947368421,0.18421052631578946,0.17293233082706766,0.05639097744360902,0.02631578947368421,0.3796992481203008,0.20676691729323307,0.15789473684210525
641487,"Crawford, J.P.",307,0.43973941368078173,0.5602605863192183,0.24104234527687296,0.2768729641693811,0.04234527687296417,0.30944625407166126,0.34527687296416937,0.34527687296416937,0.1758957654723127,0.16938110749185667,0.09446254071661238,0.13355048859934857,0.1758957654723127,0.250814332247557
668227,"Arozarena, Randy",259,0.40540540540540543,0.5945945945945945,0.28957528957528955,0.22393822393822393,0.08108108108108109,0.38996138996138996,0.39768339768339767,0.21235521235521235,0.16988416988416988,0.1969111969111969,0.03861003861003861,0.22007722007722008,0.20077220077220076,0.17374517374517373
593871,"Polanco, Jorge",250,0.404,0.596,0.268,0.22,0.108,0.484,0.32,0.196,0.24,0.128,0.036,0.244,0.192,0.16
605141,"Betts, Mookie",328,0.3353658536585366,0.6646341463414633,0.3475609756097561,0.24085365853658536,0.07621951219512195,0.39939024390243905,0.3628048780487805,0.23780487804878048,0.18292682926829268,0.10365853658536585,0.04878048780487805,0.21646341463414637,0.25914634146341464,0.18902439024390244
669257,"Smith, Will",218,0.3302752293577982,0.6697247706422019,0.3761467889908257,0.24311926605504589,0.05045871559633028,0.3165137614678899,0.39908256880733944,0.28440366972477066,0.15137614678899083,0.12844036697247707,0.05045871559633028,0.16513761467889906,0.2706422018348624,0.23394495412844038
681624,"Pages, Andy",294,0.36054421768707484,0.6394557823129252,0.3197278911564626,0.282312925170068,0.03741496598639456,0.4013605442176871,0.35714285714285715,0.24149659863945577,0.2108843537414966,0.10884353741496598,0.04081632653061224,0.19047619047619047,0.24829931972789115,0.20068027210884354
624424,"Conforto, Michael",205,0.424390243902439,0.575609756097561,0.2975609756097561,0.22439024390243903,0.05365853658536585,0.3951219512195122,0.36097560975609755,0.24390243902439024,0.21951219512195122,0.17073170731707318,0.03414634146341464,0.175609756097561,0.19024390243902436,0.2097560975609756
669242,"Edman, Tommy",238,0.4579831932773109,0.5420168067226891,0.23949579831932774,0.23949579831932774,0.06302521008403361,0.41596638655462187,0.3487394957983193,0.23529411764705882,0.23109243697478993,0.1722689075630252,0.0546218487394958,0.18487394957983194,0.1764705882352941,0.18067226890756302
606192,"Hernández, Teoscar",237,0.45147679324894513,0.5485232067510548,0.2616033755274262,0.2489451476793249,0.0379746835443038,0.3670886075949367,0.35864978902953587,0.2742616033755274,0.22362869198312235,0.16033755274261605,0.06751054852320675,0.14345991561181437,0.19831223628691982,0.20675105485232065
571970,"Muncy, Max",192,0.3177083333333333,0.6822916666666667,0.4010416666666667,0.234375,0.046875,0.5,0.3385416666666667,0.16145833333333334,0.19270833333333334,0.11979166666666667,0.005208333333333333,0.30729166666666663,0.21875,0.15625
701538,"Merrill, Jackson",210,0.42857142857142855,0.5714285714285714,0.28095238095238095,0.24285714285714285,0.047619047619047616,0.34285714285714286,0.36666666666666664,0.2904761904761905,0.22380952380952382,0.17142857142857143,0.03333333333333333,0.11904761904761904,0.1952380952380952,0.2571428571428572
657757,"Sheets, Gavin",276,0.36594202898550726,0.6340579710144927,0.2427536231884058,0.30434782608695654,0.08695652173913043,0.427536231884058,0.34057971014492755,0.2318840579710145,0.17391304347826086,0.13768115942028986,0.05434782608695652,0.2536231884057971,0.2028985507246377,0.17753623188405798
650333,"Arraez, Luis",394,0.43908629441624364,0.5609137055837563,0.233502538071066,0.28426395939086296,0.04314720812182741,0.30456852791878175,0.3248730964467005,0.37055837563451777,0.17766497461928935,0.16751269035532995,0.09390862944162437,0.1269035532994924,0.15736040609137053,0.2766497461928934
665487,"Tatis Jr., Fernando",307,0.49185667752442996,0.50814332247557,0.23127035830618892,0.22149837133550487,0.05537459283387622,0.3713355048859935,0.4006514657980456,0.2280130293159609,0.250814332247557,0.18241042345276873,0.05863192182410423,0.12052117263843648,0.2182410423452769,0.16938110749185667
592518,"Machado, Manny",328,0.38109756097560976,0.6189024390243902,0.27439024390243905,0.25914634146341464,0.08536585365853659,0.35060975609756095,0.39939024390243905,0.25,0.18902439024390244,0.15853658536585366,0.03353658536585366,0.1615853658536585,0.24085365853658539,0.21646341463414634
593428,"Bogaerts, Xander",305,0.4262295081967213,0.5737704918032787,0.22950819672131148,0.2819672131147541,0.06229508196721312,0.40327868852459015,0.3737704918032787,0.22295081967213115,0.2262295081967213,0.15737704918032788,0.04262295081967213,0.17704918032786884,0.21639344262295082,0.18032786885245902
578428,"Iglesias, Jose",168,0.6369047619047619,0.3630952380952381,0.13690476190476192,0.19047619047619047,0.03571428571428571,0.27380952380952384,0.39285714285714285,0.3333333333333333,0.17857142857142858,0.2619047619047619,0.19642857142857142,0.09523809523809526,0.13095238095238093,0.1369047619047619
630105,"Cronenworth, Jake",197,0.4213197969543147,0.5786802030456852,0.3147208121827411,0.19796954314720813,0.06598984771573604,0.38578680203045684,0.3553299492385787,0.25888324873096447,0.19796954314720813,0.14213197969543148,0.08121827411167512,0.1878172588832487,0.2131979695431472,0.17766497461928935
680776,"Duran, Jarren",307,0.41368078175895767,0.5863192182410424,0.254071661237785,0.25732899022801303,0.0749185667752443,0.3322475570032573,0.3778501628664495,0.2899022801302932,0.18566775244299674,0.1758957654723127,0.05211726384364821,0.14657980456026057,0.20195439739413681,0.23778501628664497
608324,"Bregman, Alex",185,0.3837837837837838,0.6162162162162161,0.31351351351351353,0.21081081081081082,0.0918918918918919,0.5621621621621622,0.3081081081081081,0.12972972972972974,0.25405405405405407,0.0972972972972973,0.032432432432432434,0.3081081081081081,0.21081081081081082,0.0972972972972973
677800,"Abreu, Wilyer",210,0.319047619047619,0.680952380952381,0.3904761904761905,0.1761904761904762,0.11428571428571428,0.43333333333333335,0.3142857142857143,0.2523809523809524,0.1761904761904762,0.11904761904761904,0.023809523809523808,0.2571428571428571,0.19523809523809524,0.22857142857142856
692225,"Campbell, Kristian",158,0.5443037974683544,0.44936708860759494,0.18354430379746836,0.23417721518987342,0.03164556962025317,0.27848101265822783,0.3924050632911392,0.3227848101265823,0.17721518987341772,0.24050632911392406,0.12658227848101267,0.10126582278481011,0.15189873417721517,0.1962025316455696
678882,"Rafaela, Ceddanne",279,0.4551971326164875,0.5448028673835126,0.2724014336917563,0.2007168458781362,0.07168458781362007,0.36917562724014336,0.41935483870967744,0.2114695340501792,0.2222222222222222,0.1827956989247312,0.05017921146953405,0.14695340501792115,0.23655913978494625,0.16129032258064516
596115,"Story, Trevor",275,0.4509090909090909,0.5490909090909091,0.2690909090909091,0.19272727272727272,0.08727272727272728,0.3709090909090909,0.38545454545454544,0.24363636363636362,0.23272727272727273,0.17454545454545456,0.04363636363636364,0.13818181818181818,0.21090909090909088,0.19999999999999998
666182,"Bichette, Bo",357,0.4677871148459384,0.5322128851540616,0.20168067226890757,0.28851540616246496,0.04201680672268908,0.28291316526610644,0.42296918767507,0.29411764705882354,0.14565826330532214,0.2184873949579832,0.10364145658263306,0.1372549019607843,0.20448179271708683,0.19047619047619047
665926,"Giménez, Andrés",174,0.4482758620689655,0.5517241379310345,0.21839080459770116,0.28160919540229884,0.05172413793103448,0.3448275862068966,0.40804597701149425,0.2471264367816092,0.1724137931034483,0.19540229885057472,0.08045977011494253,0.1724137931034483,0.21264367816091953,0.16666666666666669
543807,"Springer, George",262,0.38549618320610685,0.6145038167938931,0.2862595419847328,0.2595419847328244,0.06870229007633588,0.38549618320610685,0.37404580152671757,0.24045801526717558,0.22137404580152673,0.12595419847328243,0.03816793893129771,0.16412213740458012,0.24809160305343514,0.20229007633587787
665489,"Guerrero Jr., Vladimir",320,0.46875,0.53125,0.196875,0.28125,0.053125,0.359375,0.378125,0.2625,0.209375,0.203125,0.05625,0.15,0.175,0.20625000000000002
676391,"Clement, Ernie",321,0.3644859813084112,0.6355140186915887,0.27414330218068533,0.27414330218068533,0.08722741433021806,0.40186915887850466,0.3613707165109034,0.2367601246105919,0.18691588785046728,0.14330218068535824,0.03426791277258567,0.21495327102803738,0.21806853582554517,0.20249221183800623
664770,"Lukes, Nathan",185,0.518918918918919,0.4810810810810811,0.1945945945945946,0.23243243243243245,0.05405405405405406,0.32972972972972975,0.42162162162162165,0.24864864864864866,0.2,0.21621621621621623,0.10270270270270271,0.12972972972972974,0.20540540540540542,0.14594594594594595
672386,"Kirk, Alejandro",281,0.4306049822064057,0.5693950177935944,0.24199288256227758,0.2704626334519573,0.05693950177935943,0.3096085409252669,0.398576512455516,0.2918149466192171,0.18149466192170818,0.17437722419928825,0.07473309608540925,0.12811387900355872,0.22419928825622776,0.21708185053380785
668939,"Rutschman, Adley",198,0.40404040404040403,0.5959595959595959,0.29292929292929293,0.23737373737373738,0.06565656565656566,0.41414141414141414,0.3282828282828283,0.25757575757575757,0.23737373737373738,0.12121212121212122,0.045454545454545456,0.17676767676767677,0.20707070707070707,0.2121212121212121
702616,"Holliday, Jackson",285,0.4842105263157895,0.5157894736842106,0.24912280701754386,0.23508771929824562,0.031578947368421054,0.32280701754385965,0.4245614035087719,0.25263157894736843,0.22105263157894736,0.21403508771929824,0.04912280701754386,0.10175438596491229,0.21052631578947367,0.20350877192982458
602104,"Urías, Ramón",196,0.4336734693877551,0.5663265306122449,0.23469387755102042,0.25,0.08163265306122448,0.4387755102040816,0.35714285714285715,0.20408163265306123,0.22959183673469388,0.1683673469387755,0.03571428571428571,0.20918367346938774,0.18877551020408165,0.16836734693877553
657656,"Laureano, Ramón",176,0.3977272727272727,0.6022727272727272,0.26704545454545453,0.2784090909090909,0.056818181818181816,0.45454545454545453,0.3806818181818182,0.16477272727272727,0.21022727272727273,0.14772727272727273,0.03977272727272727,0.2443181818181818,0.23295454545454544,0.125
656775,"Mullins, Cedric",218,0.3119266055045872,0.6880733944954129,0.3073394495412844,0.24311926605504589,0.13761467889908258,0.463302752293578,0.3073394495412844,0.22935779816513763,0.1559633027522936,0.11009174311926606,0.045871559633027525,0.3073394495412844,0.19724770642201833,0.1834862385321101
543760,"Semien, Marcus",303,0.33003300330033003,0.66996699669967,0.33663366336633666,0.23102310231023102,0.10231023102310231,0.44554455445544555,0.35973597359735976,0.19471947194719472,0.20132013201320131,0.10561056105610561,0.0231023102310231,0.24422442244224424,0.25412541254125415,0.1716171617161716
694671,"Langford, Wyatt",218,0.3853211009174312,0.6146788990825688,0.2889908256880734,0.23394495412844038,0.09174311926605505,0.4541284403669725,0.3302752293577982,0.21559633027522937,0.23853211009174313,0.11926605504587157,0.027522935779816515,0.21559633027522934,0.21100917431192662,0.18807339449541285
669394,"Burger, Jake",201,0.39800995024875624,0.6019900497512438,0.27860696517412936,0.23383084577114427,0.08955223880597014,0.3681592039800995,0.36318407960199006,0.26865671641791045,0.21890547263681592,0.14925373134328357,0.029850746268656716,0.14925373134328357,0.2139303482587065,0.23880597014925373
666969,"García, Adolis",271,0.3284132841328413,0.6715867158671587,0.36531365313653136,0.22878228782287824,0.07749077490774908,0.36900369003690037,0.3505535055350554,0.28044280442804426,0.17712177121771217,0.12177121771217712,0.02952029520295203,0.1918819188191882,0.22878228782287824,0.25092250922509224
608369,"Seager, Corey",207,0.46859903381642515,0.5314009661835749,0.30434782608695654,0.2028985507246377,0.024154589371980676,0.36231884057971014,0.41545893719806765,0.2222222222222222,0.2318840579710145,0.21256038647342995,0.024154589371980676,0.13043478260869565,0.2028985507246377,0.19806763285024154
641680,"Heim, Jonah",211,0.3886255924170616,0.6113744075829385,0.2890995260663507,0.23222748815165878,0.09004739336492891,0.4075829383886256,0.36018957345971564,0.23222748815165878,0.22274881516587677,0.12322274881516587,0.04265402843601896,0.1848341232227488,0.23696682464454977,0.18957345971563982
673962,"Jung, Josh",213,0.4272300469483568,0.5727699530516432,0.2300469483568075,0.27699530516431925,0.06572769953051644,0.38497652582159625,0.36619718309859156,0.24882629107981222,0.24413145539906103,0.15492957746478872,0.028169014084507043,0.14084507042253522,0.21126760563380284,0.22065727699530518
669701,"Smith, Josh",263,0.4296577946768061,0.5703422053231939,0.23193916349809887,0.25475285171102663,0.08365019011406843,0.3574144486692015,0.3650190114068441,0.27756653992395436,0.21292775665399238,0.1634980988593156,0.053231939163498096,0.14448669201520914,0.20152091254752852,0.22433460076045625
668709,"Bleday, JJ",148,0.3310810810810811,0.668918918918919,0.31756756756756754,0.1891891891891892,0.16216216216216217,0.4527027027027027,0.3918918918918919,0.1554054054054054,0.19594594594594594,0.11486486486486487,0.02027027027027027,0.25675675675675674,0.27702702702702703,0.13513513513513514
671732,"Butler, Lawrence",270,0.46296296296296297,0.537037037037037,0.2222222222222222,0.27037037037037037,0.044444444444444446,0.35555555555555557,0.36666666666666664,0.2777777777777778,0.24444444444444444,0.16666666666666666,0.05185185185185185,0.11111111111111113,0.19999999999999998,0.22592592592592595
805779,"Wilson, Jacob",340,0.5352941176470588,0.4647058823529412,0.17058823529411765,0.24705882352941178,0.047058823529411764,0.3382352941176471,0.42058823529411765,0.2411764705882353,0.19705882352941176,0.26176470588235295,0.07647058823529412,0.14117647058823532,0.1588235294117647,0.16470588235294117
667670,"Rooker, Brent",306,0.39869281045751637,0.6013071895424836,0.28431372549019607,0.25163398692810457,0.06535947712418301,0.42483660130718953,0.3562091503267974,0.21895424836601307,0.21895424836601307,0.1437908496732026,0.03594771241830065,0.20588235294117646,0.2124183006535948,0.18300653594771243
691016,"Soderstrom, Tyler",284,0.45422535211267606,0.545774647887324,0.2676056338028169,0.2323943661971831,0.045774647887323945,0.3485915492957746,0.38028169014084506,0.2711267605633803,0.22183098591549297,0.17253521126760563,0.05985915492957746,0.12676056338028166,0.20774647887323944,0.21126760563380284
669127,"Langeliers, Shea",218,0.41743119266055045,0.5825688073394495,0.27522935779816515,0.24311926605504589,0.06422018348623854,0.3532110091743119,0.41284403669724773,0.23394495412844038,0.17889908256880735,0.2018348623853211,0.03669724770642202,0.17431192660550457,0.21100917431192662,0.19724770642201836
672695,"Perdomo, Geraldo",340,0.4,0.6,0.24705882352941178,0.27058823529411763,0.08235294117647059,0.38235294117647056,0.3411764705882353,0.27647058823529413,0.2088235294117647,0.15,0.041176470588235294,0.17352941176470585,0.1911764705882353,0.23529411764705885
666971,"Gurriel Jr., Lourdes",326,0.37116564417177916,0.6288343558282208,0.27607361963190186,0.2668711656441718,0.08588957055214724,0.3834355828220859,0.3619631901840491,0.254601226993865,0.18711656441717792,0.13190184049079753,0.05214723926380368,0.19631901840490798,0.23006134969325157,0.20245398773006132
682998,"Carroll, Corbin",256,0.3671875,0.6328125,0.33203125,0.21484375,0.0859375,0.4140625,0.38671875,0.19921875,0.18359375,0.16015625,0.0234375,0.23046875,0.2265625,0.17578125
677950,"Thomas, Alek",196,0.5612244897959183,0.4387755102040816,0.1989795918367347,0.20408163265306123,0.03571428571428571,0.37244897959183676,0.42346938775510207,0.20408163265306123,0.2602040816326531,0.2602040816326531,0.04081632653061224,0.11224489795918369,0.163265306122449,0.163265306122449
606466,"Marte, Ketel",219,0.3972602739726027,0.6027397260273972,0.2785388127853881,0.2191780821917808,0.1050228310502283,0.4794520547945205,0.3378995433789954,0.182648401826484,0.2420091324200913,0.1324200913242009,0.0228310502283105,0.2374429223744292,0.2054794520547945,0.1598173515981735
553993,"Suárez, Eugenio",268,0.30223880597014924,0.6977611940298507,0.40671641791044777,0.19402985074626866,0.09701492537313433,0.47388059701492535,0.35447761194029853,0.17164179104477612,0.1828358208955224,0.11567164179104478,0.0037313432835820895,0.29104477611940294,0.23880597014925375,0.16791044776119401
647304,"Naylor, Josh",306,0.4477124183006536,0.5522875816993463,0.2777777777777778,0.23202614379084968,0.042483660130718956,0.4215686274509804,0.39215686274509803,0.18627450980392157,0.21895424836601307,0.17647058823529413,0.05228758169934641,0.20261437908496732,0.2156862745098039,0.13398692810457516
656976,"Smith, Pavin",140,0.44285714285714284,0.557142857142857,0.25,0.2642857142857143,0.04285714285714286,0.40714285714285714,0.34285714285714286,0.25,0.22142857142857142,0.17142857142857143,0.05,0.18571428571428572,0.17142857142857143,0.2
660271,"Ohtani, Shohei",280,0.42142857142857143,0.5785714285714286,0.3678571428571429,0.18571428571428572,0.025,0.4642857142857143,0.3392857142857143,0.19642857142857142,0.26785714285714285,0.12857142857142856,0.025,0.19642857142857145,0.21071428571428574,0.17142857142857143
656305,"Chapman, Matt",206,0.39805825242718446,0.6019417475728155,0.27184466019417475,0.18932038834951456,0.1407766990291262,0.4029126213592233,0.32038834951456313,0.2766990291262136,0.21359223300970873,0.1262135922330097,0.05825242718446602,0.18932038834951456,0.19417475728155342,0.21844660194174756
664774,"Wade Jr., LaMonte",152,0.3026315789473684,0.6973684210526315,0.34868421052631576,0.2565789473684211,0.09210526315789473,0.3618421052631579,0.3881578947368421,0.25,0.14473684210526316,0.09868421052631579,0.05921052631578947,0.21710526315789475,0.2894736842105263,0.19078947368421054
527038,"Flores, Wilmer",263,0.3688212927756654,0.6311787072243346,0.2509505703422053,0.24714828897338403,0.13307984790874525,0.3612167300380228,0.38022813688212925,0.2585551330798479,0.1520912547528517,0.1634980988593156,0.053231939163498096,0.2091254752851711,0.21673003802281365,0.2053231939163498
808982,"Lee, Jung Hoo",329,0.44072948328267475,0.5592705167173252,0.2826747720364742,0.23708206686930092,0.03951367781155015,0.40425531914893614,0.364741641337386,0.23100303951367782,0.23100303951367782,0.15501519756838905,0.0547112462006079,0.17325227963525833,0.20972644376899696,0.1762917933130699
671218,"Ramos, Heliot",294,0.45918367346938777,0.5408163265306123,0.2585034013605442,0.23469387755102042,0.047619047619047616,0.3231292517006803,0.4421768707482993,0.23469387755102042,0.19727891156462585,0.23129251700680273,0.030612244897959183,0.12585034013605445,0.21088435374149658,0.20408163265306123
666149,"Fitzgerald, Tyler",143,0.40559440559440557,0.5944055944055944,0.2937062937062937,0.22377622377622378,0.07692307692307693,0.40559440559440557,0.32167832167832167,0.2727272727272727,0.23776223776223776,0.14685314685314685,0.02097902097902098,0.1678321678321678,0.17482517482517482,0.2517482517482517
573262,"Yastrzemski, Mike",230,0.3826086956521739,0.6173913043478261,0.2956521739130435,0.23478260869565218,0.08695652173913043,0.3782608695652174,0.3695652173913043,0.25217391304347825,0.15217391304347827,0.1782608695652174,0.05217391304347826,0.2260869565217391,0.19130434782608693,0.19999999999999998
642715,"Adames, Willy",273,0.336996336996337,0.663003663003663,0.358974358974359,0.20146520146520147,0.10256410256410256,0.42857142857142855,0.326007326007326,0.2454212454212454,0.2271062271062271,0.07326007326007326,0.03663003663003663,0.20146520146520144,0.25274725274725274,0.20879120879120877
672275,"Bailey, Patrick",169,0.3905325443786982,0.6094674556213018,0.30177514792899407,0.22485207100591717,0.08284023668639054,0.3254437869822485,0.4437869822485207,0.23076923076923078,0.15976331360946747,0.1834319526627219,0.047337278106508875,0.16568047337278105,0.2603550295857988,0.18343195266272191
521692,"Perez, Salvador",304,0.3190789473684211,0.680921052631579,0.3256578947368421,0.26973684210526316,0.08552631578947369,0.46710526315789475,0.34868421052631576,0.18421052631578946,0.18421052631578946,0.12171052631578948,0.013157894736842105,0.2828947368421053,0.22697368421052627,0.17105263157894735
663697,"India, Jonathan",298,0.37919463087248323,0.6208053691275167,0.2684563758389262,0.25838926174496646,0.09395973154362416,0.4865771812080537,0.28523489932885904,0.22818791946308725,0.2651006711409396,0.1040268456375839,0.010067114093959731,0.2214765100671141,0.18120805369127513,0.21812080536912754
677951,"Witt Jr., Bobby",325,0.3569230769230769,0.6430769230769231,0.2676923076923077,0.2923076923076923,0.08307692307692308,0.31384615384615383,0.38153846153846155,0.3046153846153846,0.15384615384615385,0.14461538461538462,0.05846153846153846,0.15999999999999998,0.23692307692307693,0.24615384615384617
664728,"Isbel, Kyle",207,0.4927536231884058,0.5072463768115942,0.15942028985507245,0.22705314009661837,0.12077294685990338,0.3864734299516908,0.3864734299516908,0.22705314009661837,0.20772946859903382,0.21256038647342995,0.07246376811594203,0.178743961352657,0.17391304347826086,0.15458937198067635
672580,"Garcia, Maikel",327,0.44036697247706424,0.5596330275229358,0.21712538226299694,0.27522935779816515,0.0672782874617737,0.3425076452599388,0.40672782874617736,0.25076452599388377,0.18042813455657492,0.21100917431192662,0.04892966360856269,0.1620795107033639,0.19571865443425074,0.20183486238532108
686469,"Pasquantino, Vinnie",321,0.40498442367601245,0.5950155763239875,0.2772585669781931,0.22741433021806853,0.09034267912772585,0.4454828660436137,0.34579439252336447,0.2087227414330218,0.2087227414330218,0.14953271028037382,0.04672897196261682,0.2367601246105919,0.19626168224299065,0.16199376947040497
681082,"Stott, Bryson",272,0.41544117647058826,0.5845588235294118,0.2977941176470588,0.22794117647058823,0.058823529411764705,0.28308823529411764,0.40808823529411764,0.3088235294117647,0.14705882352941177,0.1875,0.08088235294117647,0.13602941176470587,0.22058823529411764,0.22794117647058826
592206,"Castellanos, Nick",311,0.3890675241157556,0.6109324758842444,0.3086816720257235,0.2733118971061093,0.028938906752411574,0.3954983922829582,0.3665594855305466,0.2379421221864952,0.21543408360128619,0.14469453376205788,0.028938906752411574,0.180064308681672,0.22186495176848875,0.20900321543408362
596146,"Kepler, Max",230,0.3739130434782609,0.6260869565217392,0.34347826086956523,0.21304347826086956,0.06956521739130435,0.4391304347826087,0.34347826086956523,0.21739130434782608,0.24347826086956523,0.08695652173913043,0.043478260869565216,0.1956521739130435,0.2565217391304348,0.17391304347826086
547180,"Harper, Bryce",215,0.39069767441860465,0.6093023255813954,0.3023255813953488,0.2837209302325581,0.023255813953488372,0.37209302325581395,0.3209302325581395,0.30697674418604654,0.20465116279069767,0.11627906976744186,0.06976744186046512,0.16744186046511628,0.20465116279069767,0.2372093023255814
664761,"Bohm, Alec",295,0.5084745762711864,0.4915254237288136,0.2033898305084746,0.26440677966101694,0.023728813559322035,0.25084745762711863,0.49491525423728816,0.2542372881355932,0.17288135593220338,0.2711864406779661,0.06440677966101695,0.07796610169491525,0.22372881355932206,0.18983050847457628
669016,"Marsh, Brandon",162,0.4506172839506173,0.5493827160493827,0.25925925925925924,0.24691358024691357,0.043209876543209874,0.36419753086419754,0.3333333333333333,0.30246913580246915,0.22839506172839505,0.16049382716049382,0.06172839506172839,0.1358024691358025,0.1728395061728395,0.24074074074074076
656941,"Schwarber, Kyle",260,0.35384615384615387,0.6461538461538462,0.35384615384615387,0.22692307692307692,0.06538461538461539,0.5423076923076923,0.27692307692307694,0.18076923076923077,0.24615384615384617,0.1,0.007692307692307693,0.2961538461538461,0.17692307692307693,0.17307692307692307
592663,"Realmuto, J.T.",241,0.4730290456431535,0.5269709543568465,0.21991701244813278,0.26141078838174275,0.04564315352697095,0.3817427385892116,0.3817427385892116,0.23651452282157676,0.25311203319502074,0.17842323651452283,0.04149377593360996,0.12863070539419086,0.20331950207468877,0.1950207468879668
650490,"Díaz, Yandy",337,0.5341246290801187,0.4658753709198813,0.19584569732937684,0.2314540059347181,0.03857566765578635,0.26706231454005935,0.4332344213649852,0.2997032640949555,0.21068249258160238,0.24925816023738873,0.07418397626112759,0.05637982195845698,0.18397626112759646,0.2255192878338279
666018,"Aranda, Jonathan",245,0.37142857142857144,0.6285714285714286,0.2693877551020408,0.30612244897959184,0.053061224489795916,0.40408163265306124,0.363265306122449,0.23265306122448978,0.1673469387755102,0.1510204081632653,0.053061224489795916,0.23673469387755103,0.2122448979591837,0.17959183673469387
670764,"Walls, Taylor",196,0.41836734693877553,0.5816326530612246,0.30612244897959184,0.22448979591836735,0.05102040816326531,0.336734693877551,0.3622448979591837,0.3010204081632653,0.18877551020408162,0.17857142857142858,0.05102040816326531,0.14795918367346939,0.1836734693877551,0.25
663968,"Mangum, Jake",201,0.6019900497512438,0.39800995024875624,0.14427860696517414,0.21890547263681592,0.03482587064676617,0.21890547263681592,0.39800995024875624,0.38308457711442784,0.1691542288557214,0.26865671641791045,0.16417910447761194,0.04975124378109452,0.1293532338308458,0.2189054726368159
676609,"Caballero, José",152,0.34210526315789475,0.6578947368421052,0.23684210526315788,0.3157894736842105,0.10526315789473684,0.35526315789473684,0.4144736842105263,0.23026315789473684,0.14473684210526316,0.14473684210526316,0.05263157894736842,0.21052631578947367,0.26973684210526316,0.17763157894736842
664040,"Lowe, Brandon",236,0.3855932203389831,0.6144067796610171,0.2838983050847458,0.2669491525423729,0.0635593220338983,0.4576271186440678,0.326271186440678,0.21610169491525424,0.2245762711864407,0.13135593220338984,0.029661016949152543,0.2330508474576271,0.19491525423728814,0.1864406779661017
691406,"Caminero, Junior",308,0.474025974025974,0.525974025974026,0.2435064935064935,0.2012987012987013,0.08116883116883117,0.44155844155844154,0.3538961038961039,0.20454545454545456,0.23376623376623376,0.18506493506493507,0.05519480519480519,0.20779220779220778,0.1688311688311688,0.14935064935064937
643376,"Jansen, Danny",154,0.2662337662337662,0.7337662337662337,0.3116883116883117,0.22077922077922077,0.2012987012987013,0.487012987012987,0.37662337662337664,0.13636363636363635,0.14935064935064934,0.07792207792207792,0.03896103896103896,0.33766233766233766,0.2987012987012987,0.0974025974025974
666139,"Lowe, Josh",163,0.4601226993865031,0.5398773006134969,0.1901840490797546,0.3006134969325153,0.049079754601226995,0.3558282208588957,0.3619631901840491,0.2822085889570552,0.1901840490797546,0.20245398773006135,0.06748466257668712,0.1656441717791411,0.15950920245398775,0.21472392638036808
650489,"Castro, Willi",204,0.37745098039215685,0.6225490196078431,0.27941176470588236,0.27450980392156865,0.06862745098039216,0.39215686274509803,0.3627450980392157,0.24509803921568626,0.18627450980392157,0.12745098039215685,0.06372549019607843,0.20588235294117646,0.23529411764705882,0.18137254901960784
664056,"Bader, Harrison",183,0.4972677595628415,0.5027322404371585,0.24043715846994534,0.18032786885245902,0.08196721311475409,0.453551912568306,0.3551912568306011,0.1912568306010929,0.2459016393442623,0.19672131147540983,0.0546448087431694,0.20765027322404372,0.15846994535519127,0.13661202185792348
621043,"Correa, Carlos",257,0.490272373540856,0.5097276264591439,0.19844357976653695,0.2490272373540856,0.0622568093385214,0.3540856031128405,0.40077821011673154,0.245136186770428,0.19844357976653695,0.2178988326848249,0.07392996108949416,0.15564202334630353,0.18287937743190663,0.17120622568093385
664034,"France, Ty",279,0.4551971326164875,0.5448028673835126,0.25448028673835127,0.25806451612903225,0.03225806451612903,0.31899641577060933,0.4014336917562724,0.27956989247311825,0.17921146953405018,0.2114695340501792,0.06451612903225806,0.13978494623655915,0.1899641577060932,0.2150537634408602
680777,"Jeffers, Ryan",220,0.36818181818181817,0.6318181818181818,0.2772727272727273,0.2727272727272727,0.08181818181818182,0.36818181818181817,0.3409090909090909,0.2909090909090909,0.17272727272727273,0.15,0.045454545454545456,0.19545454545454544,0.1909090909090909,0.24545454545454543
621439,"Buxton, Byron",231,0.3939393939393939,0.6060606060606061,0.3116883116883117,0.21645021645021645,0.07792207792207792,0.5238095238095238,0.3116883116883117,0.1645021645021645,0.2597402597402597,0.1038961038961039,0.030303030303030304,0.2640692640692641,0.20779220779220778,0.1341991341991342
621493,"Ward, Taylor",278,0.35251798561151076,0.6474820143884892,0.3489208633093525,0.20863309352517986,0.08992805755395683,0.381294964028777,0.3345323741007194,0.2841726618705036,0.19424460431654678,0.12589928057553956,0.03237410071942446,0.18705035971223022,0.20863309352517984,0.2517985611510791
694384,"Schanuel, Nolan",325,0.4338461538461538,0.5661538461538461,0.24923076923076923,0.26461538461538464,0.052307692307692305,0.3476923076923077,0.4,0.2523076923076923,0.19692307692307692,0.1753846153846154,0.06153846153846154,0.15076923076923077,0.22461538461538463,0.19076923076923075
650859,"Rengifo, Luis",281,0.5266903914590747,0.47330960854092524,0.1708185053380783,0.26334519572953735,0.03914590747330961,0.3202846975088968,0.4199288256227758,0.2597864768683274,0.19217081850533807,0.26334519572953735,0.0711743772241993,0.12811387900355875,0.15658362989323843,0.18861209964412812
545361,"Trout, Mike",186,0.3387096774193548,0.6612903225806451,0.3064516129032258,0.27956989247311825,0.07526881720430108,0.3548387096774194,0.3387096774193548,0.3064516129032258,0.1774193548387097,0.11827956989247312,0.043010752688172046,0.1774193548387097,0.2204301075268817,0.26344086021505375
624585,"Soler, Jorge",188,0.43617021276595747,0.5638297872340425,0.22340425531914893,0.2393617021276596,0.10106382978723404,0.4787234042553192,0.35106382978723405,0.1702127659574468,0.2978723404255319,0.11702127659574468,0.02127659574468085,0.18085106382978727,0.23404255319148937,0.14893617021276595
666176,"Adell, Jo",236,0.3983050847457627,0.6016949152542372,0.2627118644067797,0.24152542372881355,0.09745762711864407,0.3728813559322034,0.3898305084745763,0.23728813559322035,0.1864406779661017,0.1694915254237288,0.0423728813559322,0.1864406779661017,0.22033898305084748,0.19491525423728814
681351,"O'Hoppe, Logan",201,0.3681592039800995,0.6318407960199005,0.31840796019900497,0.24378109452736318,0.06965174129353234,0.4577114427860697,0.31343283582089554,0.22885572139303484,0.20398009950248755,0.11442786069651742,0.04975124378109453,0.25373134328358216,0.19900497512437812,0.17910447761194032
518692,"Freeman, Freddie",257,0.4046692607003891,0.5953307392996109,0.2840466926070039,0.2723735408560311,0.038910505836575876,0.42023346303501946,0.3151750972762646,0.26459143968871596,0.22957198443579765,0.12062256809338522,0.054474708171206226,0.1906614785992218,0.19455252918287935,0.21011673151750973
683146,"Baty, Brett",180,0.48333333333333334,0.5166666666666667,0.2222222222222222,0.24444444444444444,0.05,0.35555555555555557,0.4,0.24444444444444444,0.2,0.2111111111111111,0.07222222222222222,0.15555555555555556,0.1888888888888889,0.17222222222222222
621438,"Taylor, Tyrone",200,0.32,0.68,0.25,0.3,0.13,0.445,0.32,0.235,0.195,0.115,0.01,0.25,0.20500000000000002,0.22499999999999998
607043,"Nimmo, Brandon",295,0.4440677966101695,0.5559322033898304,0.2542372881355932,0.22033898305084745,0.08135593220338982,0.3288135593220339,0.3694915254237288,0.3016949152542373,0.19661016949152543,0.17966101694915254,0.06779661016949153,0.13220338983050844,0.18983050847457628,0.2338983050847458
596019,"Lindor, Francisco",334,0.40119760479041916,0.5988023952095809,0.281437125748503,0.23353293413173654,0.08383233532934131,0.4281437125748503,0.36227544910179643,0.20958083832335328,0.20658682634730538,0.15269461077844312,0.041916167664670656,0.2215568862275449,0.2095808383233533,0.16766467065868262
668901,"Vientos, Mark",190,0.41578947368421054,0.5842105263157895,0.2578947368421053,0.2631578947368421,0.06315789473684211,0.3368421052631579,0.42105263157894735,0.24210526315789474,0.19473684210526315,0.2,0.021052631578947368,0.14210526315789473,0.22105263157894733,0.22105263157894736
624413,"Alonso, Pete",286,0.3531468531468531,0.6468531468531469,0.3041958041958042,0.2692307692307692,0.07342657342657342,0.4090909090909091,0.3076923076923077,0.28321678321678323,0.17482517482517482,0.13286713286713286,0.045454545454545456,0.2342657342657343,0.17482517482517484,0.23776223776223776
665742,"Soto, Juan",285,0.45614035087719296,0.5438596491228069,0.2596491228070175,0.22456140350877193,0.05964912280701754,0.3684210526315789,0.4,0.23157894736842105,0.21754385964912282,0.20350877192982456,0.03508771929824561,0.1508771929824561,0.19649122807017547,0.19649122807017544
687401,"Ortiz, Joey",264,0.42803030303030304,0.571969696969697,0.20833333333333334,0.23106060606060605,0.13257575757575757,0.29545454545454547,0.38636363636363635,0.3181818181818182,0.16666666666666666,0.16666666666666666,0.0946969696969697,0.1287878787878788,0.2196969696969697,0.22348484848484848
686217,"Frelick, Sal",300,0.47333333333333333,0.5266666666666666,0.19333333333333333,0.23,0.10333333333333333,0.42333333333333334,0.3433333333333333,0.23333333333333334,0.25333333333333335,0.17333333333333334,0.04666666666666667,0.16999999999999998,0.16999999999999998,0.18666666666666668
668930,"Turang, Brice",288,0.4826388888888889,0.517361111111111,0.22569444444444445,0.2777777777777778,0.013888888888888888,0.2465277777777778,0.4131944444444444,0.3402777777777778,0.19444444444444445,0.20833333333333334,0.0798611111111111,0.05208333333333334,0.20486111111111108,0.2604166666666667
694192,"Chourio, Jackson",341,0.41055718475073316,0.5894428152492669,0.24633431085043989,0.25219941348973607,0.09090909090909091,0.3343108504398827,0.375366568914956,0.2903225806451613,0.17888563049853373,0.17595307917888564,0.05571847507331378,0.15542521994134895,0.19941348973607037,0.23460410557184752
686555,"Collins, Isaac",164,0.4451219512195122,0.5548780487804877,0.21341463414634146,0.2682926829268293,0.07317073170731707,0.42073170731707316,0.35365853658536583,0.22560975609756098,0.20121951219512196,0.17073170731707318,0.07317073170731707,0.2195121951219512,0.18292682926829265,0.15243902439024393
656555,"Hoskins, Rhys",190,0.29473684210526313,0.7052631578947369,0.34210526315789475,0.2578947368421053,0.10526315789473684,0.5210526315789473,0.33157894736842103,0.14736842105263157,0.16842105263157894,0.1,0.02631578947368421,0.3526315789473684,0.23157894736842102,0.12105263157894736
592885,"Yelich, Christian",257,0.603112840466926,0.39688715953307396,0.16342412451361868,0.20233463035019456,0.0311284046692607,0.3657587548638132,0.3540856031128405,0.2801556420233463,0.2801556420233463,0.22568093385214008,0.09727626459143969,0.0856031128404669,0.1284046692607004,0.18287937743190663
661388,"Contreras, William",284,0.528169014084507,0.47183098591549294,0.19718309859154928,0.23591549295774647,0.03873239436619718,0.3485915492957746,0.39436619718309857,0.25704225352112675,0.24295774647887325,0.20422535211267606,0.08098591549295775,0.10563380281690138,0.1901408450704225,0.176056338028169
700932,"Manzardo, Kyle",207,0.2946859903381642,0.7053140096618358,0.3719806763285024,0.20772946859903382,0.12560386473429952,0.3864734299516908,0.34782608695652173,0.26570048309178745,0.14009661835748793,0.13043478260869565,0.024154589371980676,0.24637681159420288,0.21739130434782608,0.24154589371980678
467793,"Santana, Carlos",264,0.4128787878787879,0.5871212121212122,0.24621212121212122,0.21212121212121213,0.12878787878787878,0.49242424242424243,0.3409090909090909,0.16666666666666666,0.24242424242424243,0.14393939393939395,0.026515151515151516,0.25,0.19696969696969693,0.14015151515151514
672356,"Arias, Gabriel",170,0.5294117647058824,0.47058823529411764,0.22941176470588234,0.20588235294117646,0.03529411764705882,0.38823529411764707,0.3941176470588235,0.21764705882352942,0.27058823529411763,0.2,0.058823529411764705,0.11764705882352944,0.1941176470588235,0.1588235294117647
680757,"Kwan, Steven",348,0.4109195402298851,0.589080459770115,0.27586206896551724,0.28160919540229884,0.031609195402298854,0.3132183908045977,0.39655172413793105,0.29022988505747127,0.15229885057471265,0.16379310344827586,0.09482758620689655,0.16091954022988503,0.2327586206896552,0.19540229885057472
682177,"Schneemann, Daniel",167,0.5089820359281437,0.49101796407185627,0.23353293413173654,0.19760479041916168,0.059880239520958084,0.4431137724550898,0.3652694610778443,0.19161676646706588,0.2994011976047904,0.17365269461077845,0.03592814371257485,0.14371257485029942,0.19161676646706585,0.15568862275449102
666310,"Naylor, Bo",160,0.30625,0.69375,0.33125,0.20625,0.15625,0.39375,0.35625,0.25,0.18125,0.08125,0.04375,0.2125,0.275,0.20625
666134,"Jones, Nolan",177,0.4124293785310734,0.5875706214689266,0.2655367231638418,0.2711864406779661,0.05084745762711865,0.3389830508474576,0.4011299435028249,0.2598870056497175,0.1807909604519774,0.1694915254237288,0.062146892655367235,0.1581920903954802,0.23163841807909608,0.19774011299435026
608070,"Ramírez, José",329,0.3130699088145897,0.6869300911854103,0.3221884498480243,0.23708206686930092,0.1276595744680851,0.5015197568389058,0.3161094224924012,0.182370820668693,0.1945288753799392,0.09422492401215805,0.0243161094224924,0.3069908814589666,0.22188449848024316,0.1580547112462006
691026,"Winn, Masyn",293,0.378839590443686,0.6211604095563139,0.25597269624573377,0.2593856655290102,0.10580204778156997,0.378839590443686,0.3412969283276451,0.27986348122866894,0.16382252559726962,0.14675767918088736,0.06825938566552901,0.21501706484641636,0.19453924914675771,0.21160409556313992
691023,"Walker, Jordan",135,0.4666666666666667,0.5333333333333333,0.21481481481481482,0.2222222222222222,0.0962962962962963,0.34814814814814815,0.4222222222222222,0.22962962962962963,0.24444444444444444,0.16296296296296298,0.05925925925925926,0.10370370370370371,0.25925925925925924,0.17037037037037037
575929,"Contreras, Willson",264,0.4015151515151515,0.5984848484848485,0.26515151515151514,0.29924242424242425,0.03409090909090909,0.38257575757575757,0.375,0.24242424242424243,0.17803030303030304,0.17045454545454544,0.05303030303030303,0.20454545454545453,0.20454545454545456,0.1893939393939394
686780,"Pagés, Pedro",182,0.4340659340659341,0.5659340659340659,0.25824175824175827,0.21978021978021978,0.08791208791208792,0.32967032967032966,0.34065934065934067,0.32967032967032966,0.17032967032967034,0.16483516483516483,0.0989010989010989,0.15934065934065933,0.17582417582417584,0.23076923076923078
680977,"Donovan, Brendan",325,0.4430769230769231,0.556923076923077,0.20307692307692307,0.28923076923076924,0.06461538461538462,0.3384615384615385,0.40615384615384614,0.2553846153846154,0.19692307692307692,0.20615384615384616,0.04,0.14153846153846156,0.19999999999999998,0.21538461538461537
571448,"Arenado, Nolan",313,0.36741214057507987,0.63258785942492,0.2971246006389776,0.2108626198083067,0.12460063897763578,0.4281150159744409,0.34185303514376997,0.23003194888178913,0.1757188498402556,0.12460063897763578,0.0670926517571885,0.2523961661341853,0.21725239616613418,0.16293929712460065
663457,"Nootbaar, Lars",250,0.356,0.644,0.276,0.256,0.112,0.372,0.376,0.252,0.204,0.112,0.04,0.168,0.264,0.212
687363,"Scott II, Victor",222,0.44594594594594594,0.5540540540540541,0.25225225225225223,0.24774774774774774,0.05405405405405406,0.3783783783783784,0.36486486486486486,0.25675675675675674,0.22522522522522523,0.17567567567567569,0.04504504504504504,0.15315315315315317,0.18918918918918917,0.21171171171171171
676475,"Burleson, Alec",279,0.3978494623655914,0.6021505376344086,0.2867383512544803,0.23297491039426524,0.08243727598566308,0.3655913978494624,0.3978494623655914,0.23655913978494625,0.2078853046594982,0.12903225806451613,0.06093189964157706,0.15770609318996417,0.26881720430107525,0.1756272401433692
673357,"Robert Jr., Luis",194,0.39690721649484534,0.6030927835051546,0.28350515463917525,0.20103092783505155,0.11855670103092783,0.4484536082474227,0.29381443298969073,0.25773195876288657,0.24742268041237114,0.10309278350515463,0.04639175257731959,0.20103092783505155,0.1907216494845361,0.21134020618556698
678246,"Vargas, Miguel",299,0.26421404682274247,0.7357859531772576,0.35785953177257523,0.26421404682274247,0.11371237458193979,0.411371237458194,0.3612040133779264,0.22742474916387959,0.16722408026755853,0.07692307692307693,0.020066889632107024,0.24414715719063546,0.2842809364548495,0.20735785953177255
643217,"Benintendi, Andrew",219,0.3013698630136986,0.6986301369863013,0.3424657534246575,0.2328767123287671,0.1232876712328767,0.4748858447488584,0.3059360730593607,0.2191780821917808,0.1872146118721461,0.0958904109589041,0.0182648401826484,0.2876712328767123,0.2100456621004566,0.2009132420091324
683734,"Vaughn, Andrew",173,0.41040462427745666,0.5895953757225434,0.2832369942196532,0.24277456647398843,0.06358381502890173,0.3872832369942196,0.3468208092485549,0.2658959537572254,0.1791907514450867,0.1907514450867052,0.04046242774566474,0.20809248554913293,0.15606936416184972,0.22543352601156066
672820,"Sosa, Lenyn",238,0.28991596638655465,0.7100840336134454,0.2857142857142857,0.3277310924369748,0.09663865546218488,0.35294117647058826,0.36554621848739494,0.2815126050420168,0.15126050420168066,0.1134453781512605,0.025210084033613446,0.2016806722689076,0.25210084033613445,0.25630252100840334
686948,"Baldwin, Drake",178,0.4943820224719101,0.5056179775280899,0.24157303370786518,0.2247191011235955,0.03932584269662921,0.33146067415730335,0.4157303370786517,0.25280898876404495,0.17415730337078653,0.24719101123595505,0.07303370786516854,0.15730337078651682,0.16853932584269665,0.1797752808988764
621566,"Olson, Matt",282,0.3971631205673759,0.6028368794326242,0.2872340425531915,0.24113475177304963,0.07446808510638298,0.375886524822695,0.32269503546099293,0.30141843971631205,0.2198581560283688,0.1347517730496454,0.0425531914893617,0.15602836879432622,0.18794326241134754,0.25886524822695034
671739,"Harris II, Michael",301,0.5282392026578073,0.4717607973421927,0.19933554817275748,0.2159468438538206,0.05647840531561462,0.36212624584717606,0.3953488372093023,0.2425249169435216,0.23255813953488372,0.23588039867109634,0.059800664451827246,0.12956810631229235,0.15946843853820597,0.18272425249169436
542303,"Ozuna, Marcell",238,0.42436974789915966,0.5756302521008404,0.3067226890756303,0.2184873949579832,0.05042016806722689,0.42436974789915966,0.3403361344537815,0.23529411764705882,0.24369747899159663,0.12605042016806722,0.0546218487394958,0.18067226890756302,0.2142857142857143,0.18067226890756302
663586,"Riley, Austin",270,0.34814814814814815,0.6518518518518519,0.31851851851851853,0.27037037037037037,0.06296296296296296,0.4222222222222222,0.37037037037037035,0.2074074074074074,0.1814814814814815,0.13703703703703704,0.02962962962962963,0.24074074074074073,0.2333333333333333,0.17777777777777776
645277,"Albies, Ozzie",322,0.34782608695652173,0.6521739130434783,0.30124223602484473,0.2360248447204969,0.11490683229813664,0.46273291925465837,0.35714285714285715,0.18012422360248448,0.1956521739130435,0.11801242236024845,0.034161490683229816,0.26708074534161486,0.2391304347826087,0.14596273291925466
656716,"McKinstry, Zach",242,0.38016528925619836,0.6198347107438017,0.2190082644628099,0.3305785123966942,0.07024793388429752,0.4214876033057851,0.32231404958677684,0.256198347107438,0.2231404958677686,0.1115702479338843,0.045454545454545456,0.1983471074380165,0.21074380165289253,0.21074380165289253
700242,"Sweeney, Trey",167,0.48502994011976047,0.5149700598802395,0.24550898203592814,0.19760479041916168,0.0718562874251497,0.4311377245508982,0.38922155688622756,0.17964071856287425,0.23353293413173654,0.20958083832335328,0.041916167664670656,0.19760479041916168,0.17964071856287428,0.1377245508982036
682985,"Greene, Riley",258,0.3992248062015504,0.6007751937984496,0.3062015503875969,0.2441860465116279,0.050387596899224806,0.3798449612403101,0.32558139534883723,0.29457364341085274,0.20930232558139536,0.13178294573643412,0.05813953488372093,0.17054263565891473,0.1937984496124031,0.23643410852713181
681481,"Carpenter, Kerry",206,0.33495145631067963,0.6650485436893203,0.33980582524271846,0.20388349514563106,0.12135922330097088,0.44660194174757284,0.35436893203883496,0.19902912621359223,0.1941747572815534,0.10679611650485436,0.03398058252427184,0.2524271844660194,0.24757281553398058,0.16504854368932037
690993,"Keith, Colt",217,0.39631336405529954,0.6036866359447004,0.2857142857142857,0.271889400921659,0.04608294930875576,0.3317972350230415,0.37327188940092165,0.29493087557603687,0.17972350230414746,0.16129032258064516,0.055299539170506916,0.15207373271889402,0.2119815668202765,0.23963133640552994
679529,"Torkelson, Spencer",261,0.28735632183908044,0.7126436781609196,0.37547892720306514,0.21839080459770116,0.11877394636015326,0.47126436781609193,0.2988505747126437,0.22988505747126436,0.16091954022988506,0.10727969348659004,0.019157088122605363,0.31034482758620685,0.19157088122605365,0.210727969348659
693307,"Dingler, Dillon",202,0.3465346534653465,0.6534653465346534,0.2871287128712871,0.28217821782178215,0.08415841584158416,0.3811881188118812,0.35148514851485146,0.26732673267326734,0.18316831683168316,0.13861386138613863,0.024752475247524754,0.19801980198019803,0.21287128712871284,0.2425742574257426
595879,"Báez, Javier",219,0.4611872146118721,0.5388127853881278,0.273972602739726,0.2054794520547945,0.0593607305936073,0.4155251141552511,0.3287671232876712,0.2557077625570776,0.2374429223744292,0.1735159817351598,0.0502283105022831,0.1780821917808219,0.1552511415525114,0.2054794520547945
650402,"Torres, Gleyber",283,0.37809187279151946,0.6219081272084807,0.31095406360424027,0.26148409893992935,0.04946996466431095,0.3321554770318021,0.38515901060070673,0.2826855123674912,0.17314487632508835,0.15547703180212014,0.04946996466431095,0.15901060070671375,0.2296819787985866,0.23321554770318023
643396,"Kiner-Falefa, Isiah",248,0.5604838709677419,0.43951612903225806,0.12096774193548387,0.2620967741935484,0.056451612903225805,0.3870967741935484,0.36693548387096775,0.24596774193548387,0.25806451612903225,0.23387096774193547,0.06854838709677419,0.12903225806451613,0.13306451612903228,0.1774193548387097
668804,"Reynolds, Bryan",274,0.4635036496350365,0.5364963503649636,0.24817518248175183,0.2846715328467153,0.0036496350364963502,0.41605839416058393,0.34306569343065696,0.24087591240875914,0.26277372262773724,0.13138686131386862,0.06934306569343066,0.1532846715328467,0.21167883211678834,0.17153284671532848
457705,"McCutchen, Andrew",251,0.4342629482071713,0.5657370517928287,0.2549800796812749,0.22310756972111553,0.08764940239043825,0.4701195219123506,0.33067729083665337,0.199203187250996,0.2589641434262948,0.13545816733067728,0.0398406374501992,0.2111553784860558,0.1952191235059761,0.1593625498007968
624428,"Frazier, Adam",203,0.39901477832512317,0.6009852216748769,0.2660098522167488,0.28078817733990147,0.054187192118226604,0.33497536945812806,0.35467980295566504,0.3103448275862069,0.16748768472906403,0.1477832512315271,0.08374384236453201,0.16748768472906403,0.20689655172413793,0.22660098522167488
502054,"Pham, Tommy",175,0.52,0.48,0.18857142857142858,0.21714285714285714,0.07428571428571429,0.3942857142857143,0.29714285714285715,0.30857142857142855,0.3028571428571429,0.15428571428571428,0.06285714285714286,0.09142857142857141,0.14285714285714288,0.2457142857142857
663698,"Bart, Joey",136,0.5367647058823529,0.463235294117647,0.21323529411764705,0.23529411764705882,0.014705882352941176,0.4264705882352941,0.4117647058823529,0.16176470588235295,0.2647058823529412,0.22058823529411764,0.051470588235294115,0.16176470588235292,0.19117647058823528,0.11029411764705883
663647,"Hayes, Ke'Bryan",276,0.4963768115942029,0.5036231884057971,0.17391304347826086,0.2463768115942029,0.08333333333333333,0.30434782608695654,0.38768115942028986,0.3079710144927536,0.213768115942029,0.19927536231884058,0.08333333333333333,0.09057971014492755,0.18840579710144928,0.2246376811594203
665833,"Cruz, Oneil",213,0.45539906103286387,0.544600938967136,0.2676056338028169,0.2347417840375587,0.04225352112676056,0.3755868544600939,0.41784037558685444,0.20657276995305165,0.22065727699530516,0.17370892018779344,0.06103286384976526,0.15492957746478872,0.244131455399061,0.1455399061032864
700250,"Rice, Ben",216,0.41203703703703703,0.5879629629629629,0.2777777777777778,0.2361111111111111,0.07407407407407407,0.46296296296296297,0.32407407407407407,0.21296296296296297,0.20833333333333334,0.14814814814814814,0.05555555555555555,0.25462962962962965,0.17592592592592593,0.1574074074074074
641355,"Bellinger, Cody",316,0.3291139240506329,0.670886075949367,0.3639240506329114,0.25,0.056962025316455694,0.4272151898734177,0.3227848101265823,0.25,0.17088607594936708,0.12658227848101267,0.03164556962025317,0.25632911392405067,0.1962025316455696,0.21835443037974683
669224,"Wells, Austin",210,0.3380952380952381,0.6619047619047619,0.3380952380952381,0.22380952380952382,0.1,0.4095238095238095,0.29523809523809524,0.29523809523809524,0.18095238095238095,0.11428571428571428,0.04285714285714286,0.22857142857142856,0.18095238095238098,0.2523809523809524
683011,"Volpe, Anthony",276,0.43478260869565216,0.5652173913043479,0.3115942028985507,0.1956521739130435,0.057971014492753624,0.30434782608695654,0.42028985507246375,0.2753623188405797,0.1956521739130435,0.18478260869565216,0.05434782608695652,0.10869565217391305,0.23550724637681159,0.2210144927536232
665862,"Chisholm Jr., Jazz",182,0.3901098901098901,0.6098901098901099,0.37362637362637363,0.15384615384615385,0.08241758241758242,0.42857142857142855,0.3901098901098901,0.1813186813186813,0.21428571428571427,0.13736263736263737,0.038461538461538464,0.21428571428571427,0.25274725274725274,0.14285714285714285
592450,"Judge, Aaron",262,0.3549618320610687,0.6450381679389312,0.38549618320610685,0.21374045801526717,0.04580152671755725,0.3969465648854962,0.3549618320610687,0.2480916030534351,0.22900763358778625,0.10305343511450382,0.022900763358778626,0.16793893129770993,0.25190839694656486,0.22519083969465647
502671,"Goldschmidt, Paul",286,0.3951048951048951,0.6048951048951049,0.2867132867132867,0.25874125874125875,0.05944055944055944,0.38461538461538464,0.35664335664335667,0.25874125874125875,0.2062937062937063,0.13636363636363635,0.05244755244755245,0.17832167832167833,0.22027972027972031,0.2062937062937063
691176,"Domínguez, Jasson",198,0.4444444444444444,0.5555555555555556,0.23232323232323232,0.23737373737373738,0.08585858585858586,0.3686868686868687,0.37373737373737376,0.25757575757575757,0.23232323232323232,0.18181818181818182,0.030303030303030304,0.13636363636363635,0.19191919191919193,0.22727272727272727
663757,"Grisham, Trent",219,0.3744292237442922,0.6255707762557077,0.3333333333333333,0.2146118721461187,0.0776255707762557,0.4657534246575342,0.3515981735159817,0.182648401826484,0.2328767123287671,0.1141552511415525,0.0273972602739726,0.2328767123287671,0.2374429223744292,0.1552511415525114
669357,"Gorman, Nolan",131,0.2595419847328244,0.7404580152671757,0.37404580152671757,0.2748091603053435,0.0916030534351145,0.3969465648854962,0.3435114503816794,0.2595419847328244,0.1450381679389313,0.0916030534351145,0.022900763358778626,0.25190839694656486,0.2519083969465649,0.23664122137404578
672640,"Lopez, Otto",274,0.4744525547445255,0.5255474452554745,0.22992700729927007,0.24452554744525548,0.051094890510948905,0.33941605839416056,0.4051094890510949,0.25547445255474455,0.23722627737226276,0.1897810218978102,0.04744525547445255,0.1021897810218978,0.21532846715328469,0.208029197080292
667472,"Myers, Dane",170,0.4588235294117647,0.5411764705882353,0.23529411764705882,0.2529411764705882,0.052941176470588235,0.3352941176470588,0.4411764705882353,0.2235294117647059,0.2,0.21176470588235294,0.047058823529411764,0.1352941176470588,0.22941176470588234,0.17647058823529413
676572,"Wagaman, Eric",273,0.45787545787545786,0.5421245421245422,0.23076923076923078,0.2490842490842491,0.06227106227106227,0.36996336996337,0.3956043956043956,0.23443223443223443,0.21611721611721613,0.1794871794871795,0.06227106227106227,0.15384615384615385,0.2161172161172161,0.17216117216117216
669364,"Edwards, Xavier",295,0.47796610169491527,0.5220338983050847,0.21016949152542372,0.2745762711864407,0.03728813559322034,0.2711864406779661,0.3728813559322034,0.3559322033898305,0.16271186440677965,0.20677966101694914,0.10847457627118644,0.10847457627118645,0.16610169491525426,0.24745762711864405
665161,"Peña, Jeremy",265,0.4981132075471698,0.5018867924528302,0.21509433962264152,0.23773584905660378,0.04905660377358491,0.43018867924528303,0.3584905660377358,0.21132075471698114,0.2339622641509434,0.20754716981132076,0.05660377358490566,0.19622641509433963,0.15094339622641506,0.1547169811320755
572233,"Walker, Christian",266,0.39473684210526316,0.6052631578947368,0.2857142857142857,0.24060150375939848,0.07894736842105263,0.40601503759398494,0.37218045112781956,0.22180451127819548,0.21052631578947367,0.15037593984962405,0.03383458646616541,0.19548872180451127,0.2218045112781955,0.18796992481203006
673237,"Diaz, Yainer",289,0.4290657439446367,0.5709342560553633,0.2422145328719723,0.2629757785467128,0.0657439446366782,0.3494809688581315,0.41522491349480967,0.23529411764705882,0.19377162629757785,0.18685121107266436,0.04844290657439446,0.15570934256055366,0.2283737024221453,0.18685121107266436
514888,"Altuve, Jose",319,0.46394984326018807,0.5360501567398119,0.2476489028213166,0.18181818181818182,0.10658307210031348,0.5235109717868338,0.29780564263322884,0.1786833855799373,0.2946708463949843,0.13793103448275862,0.03134796238244514,0.2288401253918495,0.15987460815047022,0.14733542319749215
670623,"Paredes, Isaac",286,0.3111888111888112,0.6888111888111887,0.32517482517482516,0.25524475524475526,0.10839160839160839,0.5629370629370629,0.2692307692307692,0.16783216783216784,0.1888111888111888,0.08041958041958042,0.04195804195804196,0.3741258741258741,0.1888111888111888,0.1258741258741259
701358,"Smith, Cam",224,0.4642857142857143,0.5357142857142857,0.20535714285714285,0.30357142857142855,0.026785714285714284,0.36160714285714285,0.35714285714285715,0.28125,0.24107142857142858,0.15625,0.06696428571428571,0.12053571428571427,0.20089285714285715,0.2142857142857143
605170,"Caratini, Victor",204,0.3872549019607843,0.6127450980392157,0.29901960784313725,0.23529411764705882,0.0784313725490196,0.3480392156862745,0.39705882352941174,0.2549019607843137,0.19117647058823528,0.1568627450980392,0.0392156862745098,0.1568627450980392,0.24019607843137253,0.2156862745098039
643289,"Dubón, Mauricio",203,0.4433497536945813,0.5566502463054187,0.27586206896551724,0.18719211822660098,0.09359605911330049,0.3103448275862069,0.35960591133004927,0.33004926108374383,0.1477832512315271,0.2019704433497537,0.09359605911330049,0.1625615763546798,0.15763546798029557,0.23645320197044334
676694,"Meyers, Jake",235,0.4851063829787234,0.5148936170212766,0.19574468085106383,0.28085106382978725,0.03829787234042553,0.33617021276595743,0.43829787234042555,0.225531914893617,0.225531914893617,0.20851063829787234,0.05106382978723404,0.11063829787234042,0.22978723404255322,0.17446808510638298
641857,"McMahon, Ryan",224,0.39732142857142855,0.6026785714285714,0.33482142857142855,0.23214285714285715,0.03571428571428571,0.40625,0.38839285714285715,0.20535714285714285,0.21875,0.14285714285714285,0.03571428571428571,0.1875,0.2455357142857143,0.16964285714285715
686668,"Doyle, Brenton",233,0.44635193133047213,0.5536480686695279,0.2832618025751073,0.22746781115879827,0.04291845493562232,0.40772532188841204,0.3648068669527897,0.22746781115879827,0.2532188841201717,0.1630901287553648,0.030042918454935622,0.15450643776824036,0.2017167381974249,0.19742489270386265
687597,"Beck, Jordan",238,0.42016806722689076,0.5798319327731092,0.2605042016806723,0.25630252100840334,0.06302521008403361,0.4327731092436975,0.3445378151260504,0.22268907563025211,0.23109243697478993,0.13445378151260504,0.0546218487394958,0.20168067226890757,0.21008403361344538,0.16806722689075632
571657,"Farmer, Kyle",164,0.4329268292682927,0.5670731707317074,0.23170731707317074,0.27439024390243905,0.06097560975609756,0.38414634146341464,0.39634146341463417,0.21951219512195122,0.25609756097560976,0.1524390243902439,0.024390243902439025,0.12804878048780488,0.24390243902439027,0.1951219512195122
669911,"Toglia, Michael",172,0.37209302325581395,0.627906976744186,0.27906976744186046,0.29069767441860467,0.05813953488372093,0.436046511627907,0.32558139534883723,0.23837209302325582,0.22674418604651161,0.12209302325581395,0.023255813953488372,0.20930232558139536,0.20348837209302328,0.21511627906976744
696100,"Goodman, Hunter",246,0.3902439024390244,0.6097560975609756,0.2967479674796748,0.22764227642276422,0.08536585365853659,0.44715447154471544,0.3780487804878049,0.17479674796747968,0.23170731707317074,0.13821138211382114,0.02032520325203252,0.2154471544715447,0.23983739837398374,0.15447154471544716
696285,"Young, Jacob",196,0.6122448979591837,0.3877551020408163,0.12244897959183673,0.21428571428571427,0.05102040816326531,0.28061224489795916,0.41836734693877553,0.3010204081632653,0.23469387755102042,0.25,0.12755102040816327,0.04591836734693874,0.16836734693877553,0.17346938775510204
605137,"Bell, Josh",249,0.4859437751004016,0.5140562248995985,0.26907630522088355,0.18875502008032127,0.05622489959839357,0.44176706827309237,0.321285140562249,0.23694779116465864,0.26104417670682734,0.1646586345381526,0.060240963855421686,0.18072289156626503,0.1566265060240964,0.17670682730923695
660688,"Ruiz, Keibert",230,0.48695652173913045,0.5130434782608696,0.20434782608695654,0.23478260869565218,0.07391304347826087,0.4391304347826087,0.3826086956521739,0.1782608695652174,0.27391304347826084,0.1826086956521739,0.030434782608695653,0.16521739130434787,0.2,0.14782608695652175
671277,"García Jr., Luis",277,0.4548736462093863,0.5451263537906137,0.23465703971119134,0.259927797833935,0.05054151624548736,0.34296028880866425,0.45126353790613716,0.20577617328519857,0.20216606498194944,0.20577617328519857,0.04693140794223827,0.1407942238267148,0.2454873646209386,0.1588447653429603
663993,"Lowe, Nathaniel",272,0.4375,0.5625,0.2426470588235294,0.26838235294117646,0.051470588235294115,0.3161764705882353,0.35661764705882354,0.3272058823529412,0.18382352941176472,0.1875,0.0661764705882353,0.13235294117647056,0.16911764705882354,0.2610294117647059
695578,"Wood, James",259,0.5135135135135135,0.4864864864864865,0.22007722007722008,0.2471042471042471,0.019305019305019305,0.305019305019305,0.43243243243243246,0.2625482625482625,0.2084942084942085,0.23938223938223938,0.06563706563706563,0.09652509652509653,0.19305019305019308,0.1969111969111969
682928,"Abrams, CJ",292,0.4143835616438356,0.5856164383561644,0.2568493150684932,0.2465753424657534,0.0821917808219178,0.4349315068493151,0.3527397260273973,0.21232876712328766,0.21575342465753425,0.1541095890410959,0.04452054794520548,0.21917808219178084,0.1986301369863014,0.1678082191780822
669065,"Stowers, Kyle",227,0.3876651982378855,0.6123348017621145,0.30837004405286345,0.2511013215859031,0.05286343612334802,0.43612334801762115,0.32158590308370044,0.2422907488986784,0.1894273127753304,0.16299559471365638,0.03524229074889868,0.24669603524229075,0.15859030837004406,0.20704845814977973
669397,"Allen, Nick",208,0.5048076923076923,0.4951923076923077,0.1778846153846154,0.2403846153846154,0.07692307692307693,0.3125,0.3942307692307692,0.2932692307692308,0.21153846153846154,0.21153846153846154,0.08173076923076923,0.10096153846153846,0.18269230769230768,0.21153846153846156
649966,"Urías, Luis",205,0.43414634146341463,0.5658536585365853,0.25365853658536586,0.2048780487804878,0.1073170731707317,0.3902439024390244,0.3902439024390244,0.21951219512195122,0.2048780487804878,0.16097560975609757,0.06829268292682927,0.1853658536585366,0.22926829268292684,0.15121951219512195
680574,"McLain, Matt",241,0.3900414937759336,0.6099585062240664,0.29045643153526973,0.22406639004149378,0.0954356846473029,0.3070539419087137,0.4107883817427386,0.2821576763485477,0.1825726141078838,0.15352697095435686,0.05394190871369295,0.1244813278008299,0.2572614107883817,0.22821576763485477
668715,"Steer, Spencer",260,0.36538461538461536,0.6346153846153846,0.24615384615384617,0.28076923076923077,0.1076923076923077,0.45,0.33076923076923076,0.21923076923076923,0.19615384615384615,0.1423076923076923,0.026923076923076925,0.25384615384615383,0.18846153846153846,0.1923076923076923
666158,"Lux, Gavin",215,0.4790697674418605,0.5209302325581395,0.24186046511627907,0.26046511627906976,0.018604651162790697,0.3581395348837209,0.4558139534883721,0.18604651162790697,0.19534883720930232,0.2372093023255814,0.046511627906976744,0.1627906976744186,0.2186046511627907,0.13953488372093023
682829,"De La Cruz, Elly",289,0.5294117647058824,0.47058823529411764,0.22837370242214533,0.20069204152249134,0.04152249134948097,0.39792387543252594,0.3460207612456747,0.2560553633217993,0.29411764705882354,0.18685121107266436,0.04844290657439446,0.1038062283737024,0.15916955017301035,0.20761245674740483
669289,"Espinal, Santiago",234,0.44017094017094016,0.5598290598290598,0.23504273504273504,0.24358974358974358,0.0811965811965812,0.37606837606837606,0.3504273504273504,0.27350427350427353,0.2222222222222222,0.1452991452991453,0.07264957264957266,0.15384615384615385,0.2051282051282051,0.20085470085470086
670770,"Friedl, TJ",316,0.4430379746835443,0.5569620253164557,0.2120253164556962,0.2468354430379747,0.0981012658227848,0.47468354430379744,0.3575949367088608,0.16772151898734178,0.25949367088607594,0.14240506329113925,0.04113924050632911,0.2151898734177215,0.21518987341772153,0.12658227848101267
670242,"Wallner, Matt",129,0.35658914728682173,0.6434108527131783,0.31007751937984496,0.1937984496124031,0.13953488372093023,0.5116279069767442,0.29457364341085274,0.1937984496124031,0.2248062015503876,0.10077519379844961,0.031007751937984496,0.2868217054263566,0.1937984496124031,0.16279069767441862
663616,"Larnach, Trevor",260,0.4423076923076923,0.5576923076923076,0.26153846153846155,0.25384615384615383,0.04230769230769231,0.3923076923076923,0.36153846153846153,0.24615384615384617,0.25,0.1576923076923077,0.03461538461538462,0.1423076923076923,0.20384615384615384,0.21153846153846156
666160,"Moniak, Mickey",192,0.359375,0.640625,0.3541666666666667,0.2552083333333333,0.03125,0.453125,0.3072916666666667,0.23958333333333334,0.21354166666666666,0.13020833333333334,0.015625,0.23958333333333334,0.17708333333333334,0.22395833333333334
646240,"Devers, Rafael",275,0.43272727272727274,0.5672727272727273,0.28363636363636363,0.23272727272727273,0.05090909090909091,0.33090909090909093,0.4109090909090909,0.2581818181818182,0.1709090909090909,0.2109090909090909,0.05090909090909091,0.16000000000000003,0.19999999999999998,0.20727272727272728
665966,"Narváez, Carlos",198,0.4444444444444444,0.5555555555555556,0.2777777777777778,0.20202020202020202,0.07575757575757576,0.40404040404040403,0.31313131313131315,0.2828282828282828,0.21212121212121213,0.15656565656565657,0.07575757575757576,0.1919191919191919,0.15656565656565657,0.20707070707070707
656811,"O'Hearn, Ryan",239,0.4560669456066946,0.5439330543933054,0.24686192468619247,0.24267782426778242,0.05439330543933055,0.4100418410041841,0.3514644351464435,0.2384937238493724,0.24686192468619247,0.16736401673640167,0.04184100418410042,0.16317991631799164,0.18410041841004182,0.19665271966527198
607208,"Turner, Trea",343,0.4606413994169096,0.5393586005830904,0.25072886297376096,0.239067055393586,0.04956268221574344,0.36443148688046645,0.3965014577259475,0.239067055393586,0.20408163265306123,0.1924198250728863,0.0641399416909621,0.16034985422740522,0.20408163265306123,0.1749271137026239
681393,"Norby, Connor",182,0.4010989010989011,0.5989010989010989,0.3076923076923077,0.24725274725274726,0.04395604395604396,0.4230769230769231,0.32967032967032966,0.24725274725274726,0.21428571428571427,0.15384615384615385,0.03296703296703297,0.2087912087912088,0.1758241758241758,0.2142857142857143
660821,"Sánchez, Jesús",226,0.4911504424778761,0.5088495575221239,0.21238938053097345,0.2345132743362832,0.061946902654867256,0.39823008849557523,0.3584070796460177,0.24336283185840707,0.22566371681415928,0.19469026548672566,0.07079646017699115,0.17256637168141595,0.16371681415929204,0.17256637168141592
683002,"Henderson, Gunnar",270,0.4925925925925926,0.5074074074074074,0.1814814814814815,0.26666666666666666,0.05925925925925926,0.3888888888888889,0.35185185185185186,0.25925925925925924,0.23333333333333334,0.17777777777777778,0.08148148148148149,0.15555555555555556,0.17407407407407408,0.17777777777777776
669743,"Call, Alex",160,0.45,0.55,0.275,0.23125,0.04375,0.2875,0.375,0.3375,0.19375,0.20625,0.05,0.09374999999999997,0.16875,0.28750000000000003
669720,"Hays, Austin",151,0.40397350993377484,0.5960264900662251,0.271523178807947,0.24503311258278146,0.07947019867549669,0.45695364238410596,0.3509933774834437,0.19205298013245034,0.2185430463576159,0.16556291390728478,0.019867549668874173,0.23841059602649006,0.18543046357615894,0.17218543046357618
682657,"Martínez, Angel",237,0.3755274261603376,0.6244725738396625,0.28270042194092826,0.25316455696202533,0.08860759493670886,0.47257383966244726,0.35864978902953587,0.16877637130801687,0.1940928270042194,0.1518987341772152,0.029535864978902954,0.2784810126582279,0.20675105485232068,0.13924050632911392
700337,"Quero, Edgar",164,0.5182926829268293,0.4817073170731708,0.17073170731707318,0.2804878048780488,0.03048780487804878,0.2865853658536585,0.3597560975609756,0.35365853658536583,0.2073170731707317,0.21341463414634146,0.0975609756097561,0.07926829268292682,0.14634146341463414,0.25609756097560976
805367,"Meidroth, Chase",252,0.503968253968254,0.49603174603174605,0.20634920634920634,0.23015873015873015,0.05952380952380952,0.30952380952380953,0.38095238095238093,0.30952380952380953,0.18253968253968253,0.23412698412698413,0.0873015873015873,0.126984126984127,0.1468253968253968,0.22222222222222224
682663,"Ramírez, Agustín",248,0.4596774193548387,0.5403225806451613,0.2217741935483871,0.25,0.06854838709677419,0.36693548387096775,0.3911290322580645,0.24193548387096775,0.20967741935483872,0.18951612903225806,0.06048387096774194,0.15725806451612903,0.20161290322580644,0.1814516129032258
810938,"Williamson, Ben",204,0.5882352941176471,0.4117647058823529,0.19117647058823528,0.19607843137254902,0.024509803921568627,0.2647058823529412,0.3284313725490196,0.4068627450980392,0.20588235294117646,0.2549019607843137,0.12745098039215685,0.05882352941176472,0.0735294117647059,0.27941176470588236
671221,"Waters, Drew",146,0.4726027397260274,0.5273972602739726,0.2534246575342466,0.23972602739726026,0.03424657534246575,0.3904109589041096,0.3835616438356164,0.22602739726027396,0.2465753424657534,0.2054794520547945,0.02054794520547945,0.14383561643835618,0.1780821917808219,0.2054794520547945
686797,"Lee, Brooks",235,0.43829787234042555,0.5617021276595744,0.2936170212765957,0.20425531914893616,0.06382978723404255,0.4085106382978723,0.3574468085106383,0.23404255319148937,0.225531914893617,0.15319148936170213,0.059574468085106386,0.1829787234042553,0.2042553191489362,0.17446808510638298
702332,"Durbin, Caleb",230,0.4260869565217391,0.5739130434782609,0.24782608695652175,0.20869565217391303,0.11739130434782609,0.4260869565217391,0.3869565217391304,0.18695652173913044,0.21739130434782608,0.15217391304347827,0.05652173913043478,0.20869565217391303,0.23478260869565215,0.13043478260869565
680718,"Barger, Addison",204,0.4019607843137255,0.5980392156862745,0.24509803921568626,0.2647058823529412,0.08823529411764706,0.44607843137254904,0.3382352941176471,0.21568627450980393,0.2107843137254902,0.14705882352941177,0.04411764705882353,0.23529411764705885,0.1911764705882353,0.1715686274509804
687263,"Neto, Zach",250,0.408,0.5920000000000001,0.276,0.248,0.068,0.452,0.328,0.22,0.252,0.124,0.032,0.2,0.20400000000000001,0.188
669221,"Murphy, Sean",144,0.4236111111111111,0.5763888888888888,0.3125,0.22916666666666666,0.034722222222222224,0.4861111111111111,0.3125,0.2013888888888889,0.20833333333333334,0.1597222222222222,0.05555555555555555,0.2777777777777778,0.1527777777777778,0.14583333333333334
802415,"Simpson, Chandler",197,0.5685279187817259,0.43147208121827413,0.07614213197969544,0.3147208121827411,0.04060913705583756,0.29949238578680204,0.4416243654822335,0.25888324873096447,0.20304568527918782,0.233502538071066,0.1319796954314721,0.09644670050761422,0.2081218274111675,0.12690355329949238
701762,"Kurtz, Nick",158,0.34810126582278483,0.6518987341772152,0.379746835443038,0.23417721518987342,0.0379746835443038,0.31645569620253167,0.37341772151898733,0.310126582278481,0.16455696202531644,0.12658227848101267,0.056962025316455694,0.15189873417721522,0.24683544303797467,0.25316455696202533
643446,"McNeil, Jeff",191,0.35602094240837695,0.643979057591623,0.31413612565445026,0.25654450261780104,0.07329842931937172,0.44502617801047123,0.31413612565445026,0.24083769633507854,0.18324607329842932,0.1256544502617801,0.04712041884816754,0.26178010471204194,0.18848167539267016,0.193717277486911
660670,"Acuña Jr., Ronald",120,0.43333333333333335,0.5666666666666667,0.31666666666666665,0.21666666666666667,0.03333333333333333,0.36666666666666664,0.45,0.18333333333333332,0.20833333333333334,0.2,0.025,0.1583333333333333,0.25,0.15833333333333333
663886,"Stephenson, Tyler",130,0.3384615384615385,0.6615384615384615,0.36153846153846153,0.26153846153846155,0.038461538461538464,0.4076923076923077,0.3076923076923077,0.2846153846153846,0.2076923076923077,0.1076923076923077,0.023076923076923078,0.19999999999999998,0.2,0.2615384615384615