"player_id","player_name","year","team_id","run_value","run_value_fielding","run_value_fielding","run_value_range","run_value_arm","run_value_catching","run_value_framing","run_value_stealing","run_value_blocks","outs","outs_2","outs_3","outs_4","outs_5","outs_6","outs_7","outs_8","outs_9"
691718,"Crow-Armstrong, Pete",2025,112,16.840270892134114,16.840270892134114,16.840270892134114,14.879899284317684,1.9603716078164322,0,,,,2699,0,0,0,0,0,0,2699,0
672386,"Kirk, Alejandro",2025,141,15.454087058547682,,,,,15.454087058547682,9.96157319252483,2.029452598485497,3.4630612675373547,1932,1932,0,0,0,0,0,0,0
669397,"Allen, Nick",2025,144,13.687861721122086,13.687861721122086,13.687861721122086,13.830866900086722,-0.14300517896463472,0,,,,2326,0,0,0,0,2326,0,0,0
678882,"Rafaela, Ceddanne",2025,111,13.46290557437618,13.46290557437618,13.46290557437618,11.870787661952603,1.5921179124235758,0,,,,2543,0,0,117,0,0,0,2426,0
672275,"Bailey, Patrick",2025,137,13.139313720003493,,,,,13.139313720003493,9.775466277139758,2.71979902243581,0.6440484204279251,1895,1895,0,0,0,0,0,0,0
691026,"Winn, Masyn",2025,138,12.596618658441308,12.596618658441308,12.596618658441308,12.620800649211303,-0.02418199076999379,0,,,,2372,0,0,0,0,2372,0,0,0
643289,"Dubón, Mauricio",2025,117,12.221514016541047,12.221514016541047,12.221514016541047,10.304262187457672,1.9172518290833755,0,,,,1792,0,9,735,288,388,243,78,51
677951,"Witt Jr., Bobby",2025,118,11.707928922140647,11.707928922140647,11.707928922140647,11.72429030675679,-0.016361384616142498,0,,,,2599,0,0,0,0,2599,0,0,0
665966,"Narváez, Carlos",2025,111,11.70621051150265,,,,,11.70621051150265,5.0067360212283045,4.918533800578787,1.7809406896955593,1952,1952,0,0,0,0,0,0,0
663647,"Hayes, Ke'Bryan",2025,134,10.831076156368171,10.831076156368171,10.831076156368171,10.831076156368171,,0,,,,2477,0,0,0,2477,0,0,0,0
693307,"Dingler, Dillon",2025,116,9.682699848587408,,,,,9.682699848587408,6.4053484987208265,1.0703084884316572,2.2070428614349247,1907,1907,0,0,0,0,0,0,0
607208,"Turner, Trea",2025,143,9.280525353602643,9.280525353602643,9.280525353602643,9.01597655658554,0.2645487970171027,0,,,,2665,0,0,0,0,2665,0,0,0
665487,"Tatis Jr., Fernando",2025,135,9.251375070602656,9.251375070602656,9.251375070602656,7.519836811094664,1.731538259507992,0,,,,2553,0,0,0,0,0,0,0,2553
687363,"Scott II, Victor",2025,138,9.008123633968177,9.008123633968177,9.008123633968177,11.585806387383156,-2.577682753414979,0,,,,2468,0,0,0,0,0,63,2377,28
696285,"Young, Jacob",2025,120,8.703240247626956,8.703240247626956,8.703240247626956,7.495282727061116,1.2079575205658404,0,,,,1822,0,0,0,0,0,0,1822,0
681624,"Pages, Andy",2025,119,8.012797267383384,8.012797267383384,8.012797267383384,6.078404086198241,1.9343931811851431,0,,,,2632,0,0,0,0,0,327,1638,667
676391,"Clement, Ernie",2025,141,7.614116422011328,7.614116422011328,7.614116422011328,7.610092266866424,0.00402415514490444,0,,,,2406,0,186,715,1268,237,0,0,0
676694,"Meyers, Jake",2025,117,7.496971262240671,7.496971262240671,7.496971262240671,8.43746021191928,-0.9404889496786092,0,,,,2141,0,0,0,0,0,0,2141,0
671739,"Harris II, Michael",2025,144,7.464125128241537,7.464125128241537,7.464125128241537,6.576611085411053,0.8875140428304836,0,,,,2588,0,0,0,0,0,0,2588,0
672640,"Lopez, Otto",2025,146,7.356361067787402,7.356361067787402,7.356361067787402,6.600863500828123,0.7554975669592783,0,,,,2204,0,0,796,0,1408,0,0,0
663538,"Hoerner, Nico",2025,112,7.250889737960424,7.250889737960424,7.250889737960424,7.295806287773196,-0.04491654981277223,0,,,,2597,0,0,2558,0,39,0,0,0
669224,"Wells, Austin",2025,147,6.906903140875208,,,,,6.906903140875208,7.020885135671954,-0.9601253222062096,0.8461433274094637,1968,1968,0,0,0,0,0,0,0
621438,"Taylor, Tyrone",2025,121,6.894309113470839,6.894309113470839,6.894309113470839,3.227476436590816,3.6668326768800226,0,,,,2052,0,0,0,0,0,9,2040,3
664728,"Isbel, Kyle",2025,118,6.627106319793334,6.627106319793334,6.627106319793334,6.160775202620683,0.46633111717265135,0,,,,2065,0,0,0,0,0,0,2065,0
593428,"Bogaerts, Xander",2025,135,6.173561186186028,6.173561186186028,6.173561186186028,5.914747239723051,0.2588139464629765,0,,,,2455,0,0,0,0,2455,0,0,0
677594,"Rodríguez, Julio",2025,136,6.1691021634292,6.1691021634292,6.1691021634292,5.255148309856215,0.913953853572985,0,,,,2731,0,0,0,0,0,0,2731,0
467793,"Santana, Carlos",2025,114,5.943042730923707,5.943042730923707,5.943042730923707,5.943042730923707,,0,,,,2043,0,2043,0,0,0,0,0,0
682998,"Carroll, Corbin",2025,109,5.8404189266998925,5.8404189266998925,5.8404189266998925,5.471883574480719,0.36853535221917366,0,,,,2214,0,0,0,0,0,0,75,2139
664056,"Bader, Harrison",2025,142,5.7432443814587195,5.7432443814587195,5.7432443814587195,5.6075056388700215,0.1357387425886979,0,,,,2033,0,0,0,0,0,1470,440,123
621566,"Olson, Matt",2025,144,5.577642664466485,5.577642664466485,5.577642664466485,5.812853115674663,-0.23521045120817752,0,,,,2708,0,2708,0,0,0,0,0,0
665926,"Giménez, Andrés",2025,141,5.574270671467283,5.574270671467283,5.574270671467283,5.574270671467283,,0,,,,1534,0,0,1516,0,18,0,0,0
694671,"Langford, Wyatt",2025,140,5.554947118809989,5.554947118809989,5.554947118809989,5.39200777398298,0.16293934482700823,0,,,,2177,0,0,0,0,0,1762,415,0
677800,"Abreu, Wilyer",2025,111,5.5249752364097064,5.5249752364097064,5.5249752364097064,5.626452006086469,-0.10147676967676231,0,,,,1941,0,0,0,0,0,0,0,1941
663728,"Raleigh, Cal",2025,136,5.3708834020199445,,,,,5.3708834020199445,3.8372765657684353,2.4437473158372782,-0.9101404795857697,2073,2073,0,0,0,0,0,0,0
596019,"Lindor, Francisco",2025,121,5.360095667995512,5.360095667995512,5.360095667995512,5.254770236160794,0.10532543183471751,0,,,,2614,0,0,0,0,2614,0,0,0
669242,"Edman, Tommy",2025,119,5.334698843070958,5.334698843070958,5.334698843070958,3.6895612172719208,1.645137625799038,0,,,,2053,0,0,1429,228,0,0,396,0
680757,"Kwan, Steven",2025,114,5.260972076877252,5.260972076877252,5.260972076877252,-0.19777887489028995,5.458750951767541,0,,,,2458,0,0,0,0,0,2455,3,0
686555,"Collins, Isaac",2025,158,5.130298528238335,5.130298528238335,5.130298528238335,6.7715963451535455,-1.641297816915211,0,,,,1578,0,0,6,1,0,1504,0,67
670224,"Misner, Kameron",2025,139,4.928283586359617,4.928283586359617,4.928283586359617,3.250239930373932,1.678043655985685,0,,,,1511,0,0,0,0,0,87,1094,330
687401,"Ortiz, Joey",2025,158,4.7499218080419805,4.7499218080419805,4.7499218080419805,4.6862971527952135,0.06362465524676668,0,,,,2503,0,0,0,0,2503,0,0,0
543760,"Semien, Marcus",2025,140,4.5306797304995,4.5306797304995,4.5306797304995,4.5259114544637455,0.004768276035754361,0,,,,2710,0,0,2710,0,0,0,0,0
592450,"Judge, Aaron",2025,147,4.358868640754199,4.358868640754199,4.358868640754199,1.7527384287964787,2.6061302119577205,0,,,,2077,0,0,0,0,0,0,0,2077
641355,"Bellinger, Cody",2025,147,4.335446672230821,4.335446672230821,4.335446672230821,4.148497612055556,0.18694906017526533,0,,,,2414,0,58,0,0,0,1010,760,586
701538,"Merrill, Jackson",2025,135,4.333166983201991,4.333166983201991,4.333166983201991,3.0300443429161903,1.3031226402858014,0,,,,1876,0,0,0,0,0,0,1876,0
680574,"McLain, Matt",2025,113,4.288200198585077,4.288200198585077,4.288200198585077,3.498238708284749,0.7899614903003285,0,,,,2320,0,0,2236,0,84,0,0,0
686217,"Frelick, Sal",2025,158,4.265306644535663,4.265306644535663,4.265306644535663,4.4274876416040705,-0.16218099706840725,0,,,,2354,0,3,0,3,0,0,189,2159
664034,"France, Ty",2025,142,4.190932149188539,4.190932149188539,4.190932149188539,4.190932149188539,,0,,,,2356,0,2356,0,0,0,0,0,0
575929,"Contreras, Willson",2025,138,4.091181031658723,4.091181031658723,4.091181031658723,4.091181031658723,,0,,,,2188,0,2188,0,0,0,0,0,0
661388,"Contreras, William",2025,158,4.076764806255792,,,,,4.076764806255792,2.1356672603928786,1.3377590037077407,0.603338542155172,2245,2242,0,0,0,0,3,0,0
656305,"Chapman, Matt",2025,137,3.7590546221554373,3.7590546221554373,3.7590546221554373,3.7590546221554373,,0,,,,2106,0,0,0,2106,0,0,0,0
665161,"Peña, Jeremy",2025,117,3.691608834244963,3.691608834244963,3.691608834244963,3.389560149930683,0.3020486843142801,0,,,,2075,0,0,0,0,2075,0,0,0
641857,"McMahon, Ryan",2025,115,3.577573618905946,3.577573618905946,3.577573618905946,3.0599569567485365,0.5176166621574094,0,,,,2472,0,0,0,2472,0,0,0,0
667472,"Myers, Dane",2025,146,3.387532643820463,3.387532643820463,3.387532643820463,3.356054739561491,0.031477904258972095,0,,,,1669,0,0,0,0,0,36,1438,195
673357,"Robert Jr., Luis",2025,145,3.3701653943139123,3.3701653943139123,3.3701653943139123,2.168523138737495,1.2016422555764172,0,,,,1968,0,0,0,0,0,0,1968,0
805367,"Meidroth, Chase",2025,145,3.3149588404302444,3.3149588404302444,3.3149588404302444,3.3025028885935748,0.012455951836669777,0,,,,1942,0,0,484,0,1458,0,0,0
666969,"García, Adolis",2025,140,3.254821259154209,3.254821259154209,3.254821259154209,1.854759261176287,1.4000619979779219,0,,,,2535,0,0,0,0,0,0,0,2535
681082,"Stott, Bryson",2025,143,3.137130023090489,3.137130023090489,3.137130023090489,2.830156265924428,0.30697375716606096,0,,,,2265,0,0,2265,0,0,0,0,0
677950,"Thomas, Alek",2025,109,2.9625621532607505,2.9625621532607505,2.9625621532607505,2.1062925634418574,0.856269589818893,0,,,,2028,0,0,0,0,0,0,2028,0
665833,"Cruz, Oneil",2025,134,2.9283913214715547,2.9283913214715547,2.9283913214715547,1.8289054645155682,1.0994858569559862,0,,,,2271,0,0,0,0,0,0,2271,0
608070,"Ramírez, José",2025,114,2.845094833233598,2.845094833233598,2.845094833233598,2.845094833233598,,0,,,,2154,0,0,0,2154,0,0,0,0
686668,"Doyle, Brenton",2025,115,2.7381352005674016,2.7381352005674016,2.7381352005674016,1.61144721269041,1.1266879878769915,0,,,,2029,0,0,0,0,0,0,2029,0
666310,"Naylor, Bo",2025,114,2.667896734312279,,,,,2.667896734312279,2.1831216604705745,0.5224331409451101,-0.037658067103405884,1799,1799,0,0,0,0,0,0,0
682177,"Schneemann, Daniel",2025,114,2.6592524693482558,2.6592524693482558,2.6592524693482558,2.925288828993674,-0.26603635964541805,0,,,,1770,0,0,1249,160,162,81,67,51
595879,"Báez, Javier",2025,116,2.5227237830819766,2.5227237830819766,2.5227237830819766,2.3385879159530667,0.18413586712891014,0,,,,2083,0,0,75,436,787,0,785,0
571448,"Arenado, Nolan",2025,138,2.3923207748493462,2.3923207748493462,2.3923207748493462,2.3923207748493462,,0,,,,2276,0,0,0,2276,0,0,0,0
672580,"Garcia, Maikel",2025,118,2.379370624633606,2.379370624633606,2.379370624633606,2.293921786435624,0.08544883819798205,0,,,,2491,0,0,198,2040,141,0,88,24
694192,"Chourio, Jackson",2025,158,2.3248855935780597,2.3248855935780597,2.3248855935780597,3.444269194356179,-1.1193836007781195,0,,,,2683,0,0,0,0,0,479,1874,330
608369,"Seager, Corey",2025,140,2.282627438269912,2.282627438269912,2.282627438269912,2.267041877608334,0.015585560661578263,0,,,,1725,0,0,0,0,1725,0,0,0
602104,"Urías, Ramón",2025,110,2.257961731989701,2.257961731989701,2.257961731989701,2.257961731989701,,0,,,,1744,0,39,27,1678,0,0,0,0
676609,"Caballero, José",2025,139,2.1819776326998688,2.1819776326998688,2.1819776326998688,2.7624186645229662,-0.5804410318230974,0,,,,1799,0,0,253,222,714,75,45,490
621439,"Buxton, Byron",2025,142,2.1090651406818655,2.1090651406818655,2.1090651406818655,3.2977534114513665,-1.188688270769501,0,,,,2037,0,0,0,0,0,0,2037,0
670764,"Walls, Taylor",2025,139,1.983603794781787,1.983603794781787,1.983603794781787,1.7927190044666732,0.1908847903151138,0,,,,1976,0,0,87,3,1886,0,0,0
668715,"Steer, Spencer",2025,113,1.9084969241249148,1.9084969241249148,1.9084969241249148,1.3893243854636026,0.5191725386613121,0,,,,1975,0,1783,0,0,0,186,0,6
669289,"Espinal, Santiago",2025,113,1.7244924369643968,1.7244924369643968,1.7244924369643968,1.9405850234328557,-0.2160925864684589,0,,,,1849,0,21,246,1354,18,111,0,99
672356,"Arias, Gabriel",2025,114,1.6931809334622723,1.6931809334622723,1.6931809334622723,1.1126822925657298,0.5804986408965424,0,,,,1902,0,0,514,108,1280,0,0,0
665862,"Chisholm Jr., Jazz",2025,147,1.6806723275850106,1.6806723275850106,1.6806723275850106,1.680860319537702,-0.00018799195269152613,0,,,,1812,0,0,1098,714,0,0,0,0
680718,"Barger, Addison",2025,141,1.560699806467503,1.560699806467503,1.560699806467503,-2.127128952824405,3.687828759291908,0,,,,1849,0,0,0,1063,0,0,0,786
642715,"Adames, Willy",2025,137,1.3597522589955906,1.3597522589955906,1.3597522589955906,1.031579475625952,0.32817278336963857,0,,,,2687,0,0,0,0,2687,0,0,0
686780,"Pagés, Pedro",2025,138,1.313958558310264,0.07801341295478201,0.07801341295478201,0.07801341295478201,,1.235945145355482,2.118263360298397,-0.30087976348340056,-0.5814384514595146,1856,1835,9,12,0,0,0,0,0
673962,"Jung, Josh",2025,140,1.3072706718023541,1.3072706718023541,1.3072706718023541,1.3072706718023541,,0,,,,2019,0,0,0,2019,0,0,0,0
669127,"Langeliers, Shea",2025,133,1.297780431877106,,,,,1.297780431877106,1.1041165157619113,0.0305254031049109,0.16313851301028387,1726,1726,0,0,0,0,0,0,0
645277,"Albies, Ozzie",2025,144,1.1409820738061094,1.1409820738061094,1.1409820738061094,0.8985556096929381,0.24242646411317134,0,,,,2708,0,0,2708,0,0,0,0,0
663656,"Tucker, Kyle",2025,112,1.1097594542992197,1.1097594542992197,1.1097594542992197,-1.4054506723459699,2.5152101266451896,0,,,,2261,0,0,0,0,0,0,0,2261
572191,"Taylor, Michael A.",2025,145,1.0638819160908917,1.0638819160908917,1.0638819160908917,2.0605866086187454,-0.9967046925278538,0,,,,1530,0,0,0,0,0,524,507,499
808982,"Lee, Jung Hoo",2025,137,1.0634346378755521,1.0634346378755521,1.0634346378755521,-0.7063161967762854,1.7697508346518376,0,,,,2480,0,0,0,0,0,0,2480,0
683146,"Baty, Brett",2025,121,1.041260542944277,1.041260542944277,1.041260542944277,1.0920157767492529,-0.050755233804975916,0,,,,1780,0,0,682,1098,0,0,0,0
671732,"Butler, Lawrence",2025,133,1.037776808126602,1.037776808126602,1.037776808126602,2.816144939632558,-1.778368131505956,0,,,,2517,0,0,0,0,0,0,174,2343
605141,"Betts, Mookie",2025,119,1.0186937962080183,1.0186937962080183,1.0186937962080183,1.0186937962080183,,0,,,,2398,0,0,0,0,2398,0,0,0
573262,"Yastrzemski, Mike",2025,137,0.9196146876951174,0.9196146876951174,0.9196146876951174,-2.252903866092457,3.1725185537875746,0,,,,2206,0,0,0,0,0,0,0,2206
664761,"Bohm, Alec",2025,143,0.8728859155499993,0.8728859155499993,0.8728859155499993,0.8728859155499993,,0,,,,2425,0,344,0,2081,0,0,0,0
666149,"Fitzgerald, Tyler",2025,137,0.7906368604199243,0.7906368604199243,0.7906368604199243,0.7909408345619069,-0.0003039741419826182,0,,,,1599,0,0,1599,0,0,0,0,0
572233,"Walker, Christian",2025,117,0.7881175259449917,0.7881175259449917,0.7881175259449917,0.7881175259449917,,0,,,,2535,0,2535,0,0,0,0,0,0
656555,"Hoskins, Rhys",2025,158,0.7514128336587125,0.7514128336587125,0.7514128336587125,0.7514128336587125,,0,,,,2003,0,2003,0,0,0,0,0,0
664770,"Lukes, Nathan",2025,141,0.6257607830602485,0.6257607830602485,0.6257607830602485,-0.2400915113326163,0.8658522943928648,0,,,,1587,0,0,0,0,0,462,543,582
608348,"Kelly, Carson",2025,112,0.6126736251585609,,,,,0.6126736251585609,-2.367322005850232,2.240112920660667,0.7398827103481258,1542,1542,0,0,0,0,0,0,0
621020,"Swanson, Dansby",2025,112,0.4850038933585101,0.4850038933585101,0.4850038933585101,0.4225338929428749,0.062470000415635156,0,,,,2681,0,0,0,0,2681,0,0,0
701358,"Smith, Cam",2025,117,0.45207015440459397,0.45207015440459397,0.45207015440459397,2.2979281365052397,-1.8458579821006458,0,,,,2320,0,0,0,0,0,0,0,2320
606466,"Marte, Ketel",2025,109,0.33237349512615477,0.33237349512615477,0.33237349512615477,0.33237349512615477,,0,,,,1545,0,0,1545,0,0,0,0,0
624428,"Frazier, Adam",2025,118,0.28508978284030745,0.28508978284030745,0.28508978284030745,0.5389341827563081,-0.25384439991600066,0,,,,1745,0,0,1311,6,0,328,0,100
666018,"Aranda, Jonathan",2025,139,0.19653585576285826,0.19653585576285826,0.19653585576285826,0.19653585576285826,,0,,,,2135,0,2135,0,0,0,0,0,0
702332,"Durbin, Caleb",2025,158,0.1934868547396825,0.1934868547396825,0.1934868547396825,0.1934868547396825,,0,,,,1993,0,0,69,1921,3,0,0,0
686469,"Pasquantino, Vinnie",2025,118,0.1586601044384241,0.1586601044384241,0.1586601044384241,0.1586601044384241,,0,,,,1886,0,1886,0,0,0,0,0,0
807713,"Shaw, Matt",2025,112,0.11052413462542737,0.11052413462542737,0.11052413462542737,0.11052413462542737,,0,,,,1697,0,0,9,1688,0,0,0,0
660821,"Sánchez, Jesús",2025,146,0.09437244517010207,0.09437244517010207,0.09437244517010207,0.21520236653297714,-0.12082992136287507,0,,,,1848,0,0,0,0,0,36,189,1623
670770,"Friedl, TJ",2025,113,0.047355191487907844,0.047355191487907844,0.047355191487907844,0.3771472049588629,-0.32979201347095505,0,,,,2528,0,0,0,0,0,0,2528,0
657656,"Laureano, Ramón",2025,110,0.03572695740699672,0.03572695740699672,0.03572695740699672,-3.8541150165173654,3.889841973924362,0,,,,1566,0,0,0,0,0,597,24,945
672820,"Sosa, Lenyn",2025,145,-0.01646545792827089,-0.01646545792827089,-0.01646545792827089,-0.017969436366034958,0.0015039784377640676,0,,,,1918,0,202,1662,54,0,0,0,0
700242,"Sweeney, Trey",2025,116,-0.07351857268287228,-0.07351857268287228,-0.07351857268287228,-0.09236454593264931,0.018845973249777034,0,,,,1764,0,0,0,0,1764,0,0,0
664023,"Happ, Ian",2025,112,-0.33601579922839375,-0.33601579922839375,-0.33601579922839375,-1.0342245338920015,0.6982087346636078,0,,,,2385,0,0,0,0,0,2385,0,0
696100,"Goodman, Hunter",2025,115,-0.3475116546985232,,,,,-0.3475116546985232,0.13708089759390282,-0.41208354848024376,-0.07250900381218228,1536,1536,0,0,0,0,0,0,0
669016,"Marsh, Brandon",2025,143,-0.41187264525188794,-0.41187264525188794,-0.41187264525188794,-1.7599583165386825,1.3480856712867946,0,,,,1740,0,0,0,0,0,210,1521,9
695578,"Wood, James",2025,120,-0.4157514501027133,-0.4157514501027133,-0.4157514501027133,0.3044298878398439,-0.7201813379425572,0,,,,2242,0,0,0,0,0,2242,0,0
663457,"Nootbaar, Lars",2025,138,-0.46593175838127876,-0.46593175838127876,-0.46593175838127876,1.0894311544717326,-1.5553629128530113,0,,,,2219,0,0,0,0,0,1844,63,312
502054,"Pham, Tommy",2025,134,-0.5159705119603857,-0.5159705119603857,-0.5159705119603857,-0.5086465287859305,-0.007323983174455109,0,,,,1712,0,0,0,0,0,1637,0,75
694384,"Schanuel, Nolan",2025,108,-0.5341865830773691,-0.5341865830773691,-0.5341865830773691,-0.5341865830773691,,0,,,,2577,0,2577,0,0,0,0,0,0
663968,"Mangum, Jake",2025,139,-0.5773253184994447,-0.5773253184994447,-0.5773253184994447,0.3729840397189669,-0.9503093582184116,0,,,,1637,0,0,0,0,0,882,380,375
518692,"Freeman, Freddie",2025,119,-0.6086659405885448,-0.6086659405885448,-0.6086659405885448,-0.6086659405885448,,0,,,,2275,0,2275,0,0,0,0,0,0
592663,"Realmuto, J.T.",2025,143,-0.6422427304312928,,,,,-0.6422427304312928,-2.0527276552864624,2.2849884624698573,-0.8745035376146877,2218,2218,0,0,0,0,0,0,0
663757,"Grisham, Trent",2025,147,-0.7056198483383865,-0.7056198483383865,-0.7056198483383865,-0.7166229345752552,0.011003086236868648,0,,,,1968,0,0,0,0,0,0,1968,0
608324,"Bregman, Alex",2025,111,-0.7511818471716,-0.7511818471716,-0.7511818471716,-0.7511818471716,,0,,,,1532,0,0,0,1532,0,0,0,0
596115,"Story, Trevor",2025,111,-0.8344362827164575,-0.8344362827164575,-0.8344362827164575,-0.8344362827164575,,0,,,,2636,0,0,0,0,2636,0,0,0
607043,"Nimmo, Brandon",2025,121,-0.862362346199371,-0.862362346199371,-0.862362346199371,-0.3683728828557278,-0.49398946334364324,0,,,,2448,0,0,0,0,0,2433,15,0
810938,"Williamson, Ben",2025,136,-0.8802488246208293,-0.8802488246208293,-0.8802488246208293,-0.8802488246208293,,0,,,,1986,0,0,0,1986,0,0,0,0
621493,"Ward, Taylor",2025,108,-0.9260197559419998,-0.9260197559419998,-0.9260197559419998,1.0918789924985077,-2.0178987484405075,0,,,,2622,0,0,0,0,0,2622,0,0
668930,"Turang, Brice",2025,158,-0.9267649956896191,-0.9267649956896191,-0.9267649956896191,-1.27720935275839,0.350444357068771,0,,,,2572,0,0,2572,0,0,0,0,0
650402,"Torres, Gleyber",2025,116,-0.9541206050296752,-0.9541206050296752,-0.9541206050296752,-0.9209380741140183,-0.033182530915656955,0,,,,2044,0,0,2044,0,0,0,0,0
669701,"Smith, Josh",2025,140,-1.0974095430380142,-1.0974095430380142,-1.0974095430380142,-1.5350406868273865,0.43763114378937223,0,,,,1930,0,560,27,532,703,45,39,24
676572,"Wagaman, Eric",2025,146,-1.1123510820513887,-1.1123510820513887,-1.1123510820513887,-0.9880852177440576,-0.12426586430733119,0,,,,2054,0,1714,0,9,0,304,0,27
663586,"Riley, Austin",2025,144,-1.1223329606193428,-1.1223329606193428,-1.1223329606193428,-1.1276777536732783,0.005344793053935318,0,,,,2477,0,0,0,2477,0,0,0,0
641680,"Heim, Jonah",2025,140,-1.1402004418972391,0.14994572581119245,0.14994572581119245,,0.14994572581119245,-1.2901461677084316,-0.8644563948570418,0.07560442019440994,-0.5012941930457997,1552,1552,0,0,0,0,0,0,0
666134,"Jones, Nolan",2025,114,-1.1593307413857121,-1.1593307413857121,-1.1593307413857121,-5.081340106622557,3.922009365236845,0,,,,1879,0,0,0,0,0,165,361,1353
621043,"Correa, Carlos",2025,142,-1.18694053922474,-1.18694053922474,-1.18694053922474,-0.9537841516000345,-0.23315638762470556,0,,,,2183,0,0,0,0,2183,0,0,0
672695,"Perdomo, Geraldo",2025,109,-1.1925964947879657,-1.1925964947879657,-1.1925964947879657,-1.1925964947879657,,0,,,,2726,0,0,0,0,2726,0,0,0
679529,"Torkelson, Spencer",2025,116,-1.2966098319355444,-1.2966098319355444,-1.2966098319355444,-1.2966098319355444,,0,,,,2334,0,2334,0,0,0,0,0,0
669065,"Stowers, Kyle",2025,146,-1.331734018768133,-1.331734018768133,-1.331734018768133,-2.51410470996311,1.1823706911949772,0,,,,2207,0,0,0,0,0,1334,171,702
596146,"Kepler, Max",2025,143,-1.3417654317277687,-1.3417654317277687,-1.3417654317277687,-0.8604099135146865,-0.4813555182130821,0,,,,2131,0,0,0,0,0,1924,3,204
683737,"Busch, Michael",2025,112,-1.374749337565814,-1.374749337565814,-1.374749337565814,-1.374749337565814,,0,,,,2231,0,2231,0,0,0,0,0,0
669364,"Edwards, Xavier",2025,146,-1.5160247744749917,-1.5160247744749917,-1.5160247744749917,-1.486642587764153,-0.02938218671083885,0,,,,2201,0,0,1122,0,1079,0,0,0
665489,"Guerrero Jr., Vladimir",2025,141,-1.5174410231452737,-1.5174410231452737,-1.5174410231452737,-1.5174410231452737,,0,,,,2375,0,2375,0,0,0,0,0,0
502671,"Goldschmidt, Paul",2025,147,-1.5710462573994008,-1.5710462573994008,-1.5710462573994008,-1.5710462573994008,,0,,,,2174,0,2173,0,0,0,0,1,0
630105,"Cronenworth, Jake",2025,135,-1.6011098056967146,-1.6011098056967146,-1.6011098056967146,-1.601582316475323,0.00047251077860829143,0,,,,1963,0,204,1759,0,0,0,0,0
687597,"Beck, Jordan",2025,115,-1.653206349463669,-1.653206349463669,-1.653206349463669,-3.7170400146380276,2.0638336651743585,0,,,,2142,0,0,0,0,0,2142,0,0
643396,"Kiner-Falefa, Isiah",2025,134,-1.657501750808397,-1.657501750808397,-1.657501750808397,-1.8630183278244647,0.2055165770160679,0,,,,2339,0,0,0,24,2315,0,0,0
656716,"McKinstry, Zach",2025,116,-1.7165118246591182,-1.7165118246591182,-1.7165118246591182,-2.033253938393974,0.31674211373485567,0,,,,2317,0,6,37,1188,237,258,0,591
647304,"Naylor, Josh",2025,136,-1.7349379624666763,-1.7349379624666763,-1.7349379624666763,-1.7349379624666763,,0,,,,1947,0,1947,0,0,0,0,0,0
805779,"Wilson, Jacob",2025,133,-1.7629794112518171,-1.7629794112518171,-1.7629794112518171,-1.9607559387751423,0.1977765275233253,0,,,,2389,0,0,0,0,2389,0,0,0
656775,"Mullins, Cedric",2025,110,-1.7782998755413975,-1.7782998755413975,-1.7782998755413975,1.6014954500846417,-3.379795325626039,0,,,,2134,0,0,0,0,0,0,2134,0
682985,"Greene, Riley",2025,116,-1.8237854848823836,-1.8237854848823836,-1.8237854848823836,-0.34742320829112516,-1.4763622765912583,0,,,,2182,0,0,0,0,0,1834,324,24
624413,"Alonso, Pete",2025,121,-1.8832015332940792,-1.8832015332940792,-1.8832015332940792,-1.8832015332940792,,0,,,,2746,0,2746,0,0,0,0,0,0
702616,"Holliday, Jackson",2025,110,-1.953953302029969,-1.953953302029969,-1.953953302029969,-1.9634868640985208,0.009533562068551757,0,,,,2380,0,0,2221,0,159,0,0,0
669394,"Burger, Jake",2025,140,-1.993620484843012,-1.993620484843012,-1.993620484843012,-1.9893122394260412,-0.004308245416970807,0,,,,1736,0,1736,0,0,0,0,0,0
678246,"Vargas, Miguel",2025,145,-2.172398937930735,-2.172398937930735,-2.172398937930735,-2.172398937930735,,0,,,,2432,0,959,0,1473,0,0,0,0
671221,"Waters, Drew",2025,118,-2.2623670497116573,-2.2623670497116573,-2.2623670497116573,-0.5493156406203372,-1.7130514090913203,0,,,,1526,0,0,0,0,0,695,440,391
670623,"Paredes, Isaac",2025,117,-2.2662677840395395,-2.2662677840395395,-2.2662677840395395,-2.2662677840395395,,0,,,,2300,0,0,0,2300,0,0,0,0
683011,"Volpe, Anthony",2025,147,-2.3066509721583643,-2.3066509721583643,-2.3066509721583643,-2.680892687750776,0.37424171559241176,0,,,,2618,0,0,0,0,2618,0,0,0
666971,"Gurriel Jr., Lourdes",2025,109,-2.342652569637419,-2.342652569637419,-2.342652569637419,-0.3419751172850167,-2.0006774523524027,0,,,,2414,0,0,0,0,0,2414,0,0
682829,"De La Cruz, Elly",2025,113,-2.381178195838903,-2.381178195838903,-2.381178195838903,-2.4688532545687165,0.08767505872981324,0,,,,2624,0,0,0,0,2624,0,0,0
547180,"Harper, Bryce",2025,143,-2.3843998426426447,-2.3843998426426447,-2.3843998426426447,-2.3843998426426447,,0,,,,1958,0,1958,0,0,0,0,0,0
680776,"Duran, Jarren",2025,111,-2.4790088580358614,-2.4790088580358614,-2.4790088580358614,-3.318951466193874,0.8399426081580128,0,,,,2647,0,0,0,0,0,2425,219,3
701762,"Kurtz, Nick",2025,133,-2.486810312702121,-2.486810312702121,-2.486810312702121,-2.50932685586077,0.022516543158649198,0,,,,1614,0,1614,0,0,0,0,0,0
681393,"Norby, Connor",2025,146,-2.585517406000939,-2.585517406000939,-2.585517406000939,-2.585517406000939,,0,,,,1701,0,0,0,1701,0,0,0,0
649966,"Urías, Luis",2025,133,-2.599271190755226,-2.599271190755226,-2.599271190755226,-2.599271190755226,,0,,,,1876,0,0,1771,105,0,0,0,0
663993,"Lowe, Nathaniel",2025,120,-2.6549774922562714,-2.6549774922562714,-2.6549774922562714,-2.6549774922562714,,0,,,,2584,0,2584,0,0,0,0,0,0
668227,"Arozarena, Randy",2025,136,-2.7271727490027073,-2.7271727490027073,-2.7271727490027073,-1.3570344844529314,-1.3701382645497762,0,,,,2677,0,0,0,0,0,2677,0,0
680977,"Donovan, Brendan",2025,138,-2.826052353388853,-2.826052353388853,-2.826052353388853,-2.7154095161598915,-0.11064283722896169,0,,,,2477,0,0,1898,0,123,456,0,0
666182,"Bichette, Bo",2025,141,-3.0536387003610383,-3.0536387003610383,-3.0536387003610383,-3.0536387003610383,,0,,,,2495,0,0,0,0,2495,0,0,0
691406,"Caminero, Junior",2025,139,-3.0809118424781246,-3.0809118424781246,-3.0809118424781246,-3.0809118424781246,,0,,,,2363,0,6,0,2357,0,0,0,0
683002,"Henderson, Gunnar",2025,110,-3.1512368972316307,-3.1512368972316307,-3.1512368972316307,-3.1193847034183673,-0.03185219381326322,0,,,,2269,0,0,0,0,2269,0,0,0
676475,"Burleson, Alec",2025,138,-3.2187130672127306,-3.2187130672127306,-3.2187130672127306,-1.9613340726740744,-1.2573789945386562,0,,,,1674,0,552,0,0,0,339,0,783
682657,"Martínez, Angel",2025,114,-3.349193329639863,-3.349193329639863,-3.349193329639863,-3.1977032098628495,-0.15149011977701338,0,,,,2106,0,0,635,0,0,6,1429,36
671277,"García Jr., Luis",2025,120,-3.5243833693151263,-3.5243833693151263,-3.5243833693151263,-3.5243833693151263,,0,,,,2206,0,0,2206,0,0,0,0,0
521692,"Perez, Salvador",2025,118,-3.6175601212492756,-0.47473107984384344,-0.47473107984384344,-0.47473107984384344,,-3.1428290414054327,-1.8409266583634547,2.004168899642897,-3.306071282684875,1976,1353,623,0,0,0,0,0,0
624424,"Conforto, Michael",2025,119,-3.7039272109337884,-3.7039272109337884,-3.7039272109337884,-3.833609454651151,0.1296822437173627,0,,,,2055,0,0,0,0,0,2055,0,0
691016,"Soderstrom, Tyler",2025,133,-3.8044478493652543,-3.8044478493652543,-3.8044478493652543,-2.6100817070424256,-1.1943661423228285,0,,,,2565,0,1053,0,0,0,1512,0,0
571970,"Muncy, Max",2025,119,-3.859753878287685,-3.859753878287685,-3.859753878287685,-3.859753878287685,,0,,,,1979,0,0,0,1979,0,0,0,0
650859,"Rengifo, Luis",2025,108,-4.005683154528828,-4.005683154528828,-4.005683154528828,-4.257805280964648,0.25212212643581994,0,,,,2399,0,0,1080,1295,0,0,0,24
687263,"Neto, Zach",2025,108,-4.035566978415151,-4.035566978415151,-4.035566978415151,-3.8910691108665314,-0.14449786754861982,0,,,,2130,0,0,0,0,2130,0,0,0
592518,"Machado, Manny",2025,135,-4.204376476008074,-4.204376476008074,-4.204376476008074,-4.204376476008074,,0,,,,2414,0,0,0,2414,0,0,0,0
553993,"Suárez, Eugenio",2025,109,-4.3345317425596255,-4.3345317425596255,-4.3345317425596255,-4.3345317425596255,,0,,,,2567,0,6,0,2561,0,0,0,0
686797,"Lee, Brooks",2025,142,-4.43154142384611,-4.43154142384611,-4.43154142384611,-4.43154142384611,,0,,,,1997,0,0,699,854,444,0,0,0
650489,"Castro, Willi",2025,142,-4.541333785421341,-4.541333785421341,-4.541333785421341,-4.3989400219595405,-0.1423937634618004,0,,,,2071,0,0,650,222,78,668,3,450
666160,"Moniak, Mickey",2025,115,-4.572183660648411,-4.572183660648411,-4.572183660648411,-1.2523103785623833,-3.319873282086028,0,,,,1647,0,0,0,0,0,150,537,960
664774,"Wade Jr., LaMonte",2025,108,-4.822009375508871,-4.822009375508871,-4.822009375508871,-4.254458010186255,-0.5675513653226154,0,,,,1503,0,1140,0,0,0,24,0,339
682928,"Abrams, CJ",2025,120,-5.047440010892979,-5.047440010892979,-5.047440010892979,-4.996160699776137,-0.051279311116841406,0,,,,2269,0,0,0,0,2269,0,0,0
514888,"Altuve, Jose",2025,117,-5.088272400400023,-5.088272400400023,-5.088272400400023,-4.420967496209654,-0.6673049041903697,0,,,,1879,0,0,826,0,0,1053,0,0
650333,"Arraez, Luis",2025,135,-5.191945931135214,-5.191945931135214,-5.191945931135214,-5.191945931135214,,0,,,,2129,0,2129,0,0,0,0,0,0
668804,"Reynolds, Bryan",2025,134,-5.297959076458816,-5.297959076458816,-5.297959076458816,-3.9844591669110856,-1.31349990954773,0,,,,1973,0,0,0,0,0,0,0,1973
666176,"Adell, Jo",2025,108,-6.108004342060653,-6.108004342060653,-6.108004342060653,-5.375434061546409,-0.7325702805142433,0,,,,2415,0,0,0,0,0,0,1923,492
681351,"O'Hoppe, Logan",2025,108,-6.565248209800895,,,,,-6.565248209800895,-3.363556038265215,-1.8393755518854444,-1.362316619650236,1776,1776,0,0,0,0,0,0,0
692225,"Campbell, Kristian",2025,111,-6.836534659056035,-6.836534659056035,-6.836534659056035,-6.534821047289946,-0.3017136117660889,0,,,,1622,0,0,1415,0,0,36,171,0
669257,"Smith, Will",2025,119,-7.144937318715907,,,,,-7.144937318715907,-8.784060050970352,1.5376336093509357,0.10148912290350928,1954,1954,0,0,0,0,0,0,0
643376,"Jansen, Danny",2025,139,-7.208531547607583,,,,,-7.208531547607583,-7.782334825069072,-1.5416052566950544,2.115408534156543,1737,1737,0,0,0,0,0,0,0
664040,"Lowe, Brandon",2025,139,-7.284710189987293,-7.284710189987293,-7.284710189987293,-7.365567628885347,0.08085743889805362,0,,,,2009,0,0,2009,0,0,0,0,0
669911,"Toglia, Michael",2025,115,-7.323255274534884,-7.323255274534884,-7.323255274534884,-7.323255274534884,,0,,,,2112,0,2112,0,0,0,0,0,0
606192,"Hernández, Teoscar",2025,119,-7.569453372025314,-7.569453372025314,-7.569453372025314,-7.656058859306395,0.08660548728108125,0,,,,2052,0,0,0,0,0,0,0,2052
660688,"Ruiz, Keibert",2025,120,-7.6440509528113205,,,,,-7.6440509528113205,-6.867569839151683,0.7371850080505188,-1.5136661217101566,1671,1671,0,0,0,0,0,0,0
691176,"Domínguez, Jasson",2025,147,-7.8471365622463765,-7.8471365622463765,-7.8471365622463765,-6.212313286797037,-1.6348232754493401,0,,,,1710,0,0,0,0,0,1710,0,0
641487,"Crawford, J.P.",2025,136,-8.09518401589559,-8.09518401589559,-8.09518401589559,-8.09518401589559,,0,,,,2714,0,0,0,0,2714,0,0,0
665742,"Soto, Juan",2025,121,-8.620178591985024,-8.620178591985024,-8.620178591985024,-7.557963002584758,-1.062215589400266,0,,,,2671,0,0,0,0,0,0,0,2671
673237,"Diaz, Yainer",2025,117,-9.312060370952285,,,,,-9.312060370952285,-5.939692832961455,-2.4177990525037623,-0.9545684854870669,1842,1842,0,0,0,0,0,0,0
663697,"India, Jonathan",2025,118,-9.61324721887139,-9.61324721887139,-9.61324721887139,-10.805139788789285,1.1918925699178946,0,,,,1974,0,0,1088,448,0,438,0,0
671218,"Ramos, Heliot",2025,137,-9.623366662856382,-9.623366662856382,-9.623366662856382,-8.285852079153255,-1.3375145837031268,0,,,,2588,0,0,0,0,0,2588,0,0
592206,"Castellanos, Nick",2025,143,-11.260386069510309,-11.260386069510309,-11.260386069510309,-9.008210644755389,-2.2521754247549204,0,,,,2545,0,0,0,0,0,0,0,2545