"last_name, first_name","player_id","year","pa","bip","ba","est_ba","est_ba_minus_ba_diff","slg","est_slg","est_slg_minus_slg_diff","woba","est_woba","est_woba_minus_woba_diff","era","xera","era_minus_xera_diff"
"Webb, Logan","657277","2025","563","385",0.265,0.262,0.0030000000000000027,0.393,0.401,-0.008000000000000007,0.305,0.307,-0.0020000000000000018,"3.38","3.61","-0.227"
"Severino, Luis","622663","2025","551","407",0.262,0.28,-0.018000000000000016,0.4,0.432,-0.03199999999999997,0.321,0.34,-0.019000000000000017,"4.96","4.53","0.425"
"Soriano, José","667755","2025","539","368",0.253,0.255,-0.0020000000000000018,0.338,0.381,-0.04299999999999998,0.306,0.322,-0.016000000000000014,"3.79","4.01","-0.224"
"Crochet, Garrett","676979","2025","539","337",0.216,0.222,-0.006000000000000005,0.315,0.36,-0.044999999999999984,0.259,0.28,-0.02100000000000002,"2.19","2.97","-0.775"
"Kikuchi, Yusei","579328","2025","527","345",0.251,0.25,0.0010000000000000009,0.391,0.436,-0.044999999999999984,0.316,0.332,-0.016000000000000014,"3.23","4.29","-1.062"
"Berríos, José","621244","2025","524","367",0.243,0.26,-0.017000000000000015,0.406,0.46,-0.05399999999999999,0.315,0.341,-0.026000000000000023,"3.83","4.56","-0.733"
"Gallen, Zac","668678","2025","522","357",0.255,0.266,-0.01100000000000001,0.464,0.498,-0.033999999999999975,0.34,0.356,-0.01599999999999996,"5.58","5.03","0.549"
"Keller, Mitch","656605","2025","519","386",0.239,0.264,-0.025000000000000022,0.363,0.41,-0.046999999999999986,0.288,0.315,-0.027000000000000024,"3.53","3.82","-0.292"
"Valdez, Framber","664285","2025","519","343",0.218,0.246,-0.027999999999999997,0.333,0.374,-0.04099999999999998,0.277,0.306,-0.02899999999999997,"2.67","3.59","-0.918"
"Bassitt, Chris","605135","2025","518","362",0.268,0.257,0.01100000000000001,0.421,0.406,0.014999999999999958,0.325,0.314,0.01100000000000001,"3.88","3.79","0.088"
"Littell, Zack","641793","2025","516","408",0.257,0.272,-0.015000000000000013,0.463,0.495,-0.03199999999999997,0.321,0.341,-0.020000000000000018,"3.72","4.56","-0.843"
"Fried, Max","608331","2025","515","362",0.214,0.246,-0.032,0.323,0.386,-0.063,0.264,0.302,-0.03799999999999998,"2.62","3.49","-0.875"
"Irvin, Jake","663623","2025","513","384",0.252,0.272,-0.020000000000000018,0.453,0.508,-0.05499999999999999,0.335,0.361,-0.025999999999999968,"4.81","5.20","-0.387"
"Kremer, Dean","665152","2025","506","373",0.255,0.256,-0.0010000000000000009,0.421,0.431,-0.010000000000000009,0.315,0.319,-0.0040000000000000036,"4.23","3.93","0.298"
"Rodón, Carlos","607074","2025","505","316",0.188,0.211,-0.022999999999999993,0.332,0.365,-0.032999999999999974,0.268,0.29,-0.021999999999999964,"3.10","3.20","-0.096"
"Castillo, Luis","622491","2025","503","356",0.245,0.265,-0.020000000000000018,0.38,0.439,-0.059,0.301,0.331,-0.030000000000000027,"3.30","4.26","-0.96"
"Springs, Jeffrey","605488","2025","502","366",0.231,0.257,-0.025999999999999995,0.42,0.441,-0.02100000000000002,0.308,0.328,-0.020000000000000018,"4.13","4.18","-0.055"
"Peralta, Freddy","642547","2025","501","319",0.204,0.224,-0.020000000000000018,0.336,0.382,-0.045999999999999985,0.278,0.303,-0.024999999999999967,"2.81","3.51","-0.699"
"Sánchez, Cristopher","650911","2025","501","329",0.223,0.224,-0.0010000000000000009,0.312,0.332,-0.020000000000000018,0.267,0.274,-0.007000000000000006,"2.40","2.84","-0.445"
"Ray, Robbie","592662","2025","500","319",0.202,0.214,-0.011999999999999983,0.354,0.37,-0.016000000000000014,0.281,0.293,-0.011999999999999955,"2.92","3.27","-0.351"
"Martinez, Nick","607259","2025","499","380",0.26,0.268,-0.008000000000000007,0.439,0.431,0.008000000000000007,0.322,0.324,-0.0020000000000000018,"4.69","4.06","0.626"
"Lodolo, Nick","666157","2025","499","353",0.226,0.243,-0.016999999999999987,0.376,0.421,-0.044999999999999984,0.287,0.311,-0.02400000000000002,"3.08","3.71","-0.628"
"Woo, Bryan","693433","2025","498","350",0.206,0.231,-0.025000000000000022,0.343,0.39,-0.046999999999999986,0.259,0.287,-0.02799999999999997,"2.91","3.13","-0.217"
"Skenes, Paul","694973","2025","492","319",0.186,0.207,-0.02099999999999999,0.281,0.315,-0.033999999999999975,0.237,0.258,-0.02100000000000002,"1.91","2.51","-0.597"
"Wheeler, Zack","554430","2025","491","296",0.187,0.194,-0.007000000000000006,0.325,0.317,0.008000000000000007,0.248,0.248,0,"2.39","2.32","0.071"
"Luzardo, Jesús","666200","2025","491","311",0.27,0.253,0.017000000000000015,0.396,0.387,0.009000000000000008,0.322,0.313,0.009000000000000008,"4.58","3.77","0.809"
"Gore, MacKenzie","669022","2025","490","300",0.242,0.236,0.006000000000000005,0.379,0.39,-0.01100000000000001,0.305,0.308,-0.0030000000000000027,"3.52","3.64","-0.122"
"Cease, Dylan","656302","2025","487","297",0.243,0.227,0.015999999999999986,0.415,0.393,0.021999999999999964,0.317,0.302,0.015000000000000013,"4.59","3.49","1.102"
"Pepiot, Ryan","686752","2025","487","326",0.229,0.241,-0.011999999999999983,0.433,0.426,0.007000000000000006,0.316,0.321,-0.0050000000000000044,"3.59","3.98","-0.39"
"Kelly, Merrill","518876","2025","487","331",0.205,0.251,-0.04600000000000001,0.356,0.42,-0.064,0.274,0.317,-0.04299999999999998,"3.32","3.87","-0.55"
"Bibee, Tanner","676440","2025","483","344",0.246,0.239,0.007000000000000006,0.408,0.401,0.006999999999999951,0.313,0.306,0.007000000000000006,"4.27","3.59","0.677"
"Skubal, Tarik","669373","2025","482","298",0.192,0.209,-0.016999999999999987,0.281,0.334,-0.05299999999999999,0.224,0.251,-0.026999999999999996,"2.19","2.38","-0.195"
"Pivetta, Nick","601713","2025","482","317",0.199,0.235,-0.035999999999999976,0.327,0.429,-0.10199999999999998,0.256,0.311,-0.05499999999999999,"2.81","3.71","-0.899"
"Gray, Sonny","543243","2025","480","327",0.264,0.269,-0.0050000000000000044,0.421,0.436,-0.015000000000000013,0.311,0.319,-0.008000000000000007,"4.33","3.93","0.402"
"Pfaadt, Brandon","694297","2025","480","350",0.262,0.304,-0.04199999999999998,0.45,0.553,-0.10300000000000004,0.331,0.386,-0.05499999999999999,"4.75","6.11","-1.355"
"Baz, Shane","669358","2025","480","321",0.247,0.236,0.01100000000000001,0.437,0.391,0.045999999999999985,0.331,0.31,0.02100000000000002,"4.66","3.69","0.968"
"Gausman, Kevin","592332","2025","478","325",0.224,0.246,-0.021999999999999992,0.381,0.423,-0.04199999999999998,0.291,0.315,-0.02400000000000002,"4.01","3.82","0.191"
"Holmes, Clay","605280","2025","477","338",0.239,0.254,-0.015000000000000013,0.358,0.411,-0.05299999999999999,0.303,0.33,-0.027000000000000024,"3.40","4.23","-0.825"
"Peterson, David","656849","2025","477","335",0.237,0.27,-0.03300000000000003,0.335,0.4,-0.065,0.288,0.325,-0.03700000000000003,"2.90","4.09","-1.194"
"Anderson, Tyler","542881","2025","475","342",0.255,0.255,0,0.455,0.465,-0.010000000000000009,0.335,0.339,-0.0040000000000000036,"4.43","4.50","-0.07"
"Pallante, Andre","669467","2025","474","364",0.265,0.276,-0.01100000000000001,0.429,0.427,0.0020000000000000018,0.327,0.331,-0.0040000000000000036,"4.91","4.26","0.649"
"Parker, Mitchell","680730","2025","473","359",0.26,0.294,-0.033999999999999975,0.435,0.5,-0.065,0.33,0.37,-0.03999999999999998,"5.00","5.51","-0.51"
"Paddack, Chris","663978","2025","472","359",0.266,0.277,-0.01100000000000001,0.444,0.475,-0.030999999999999972,0.323,0.343,-0.020000000000000018,"4.95","4.62","0.326"
"Holmes, Grant","656550","2025","471","292",0.23,0.243,-0.012999999999999984,0.385,0.416,-0.030999999999999972,0.314,0.331,-0.017000000000000015,"3.81","4.26","-0.449"
"Bradley, Taj","671737","2025","471","328",0.236,0.242,-0.006000000000000005,0.375,0.386,-0.01100000000000001,0.304,0.311,-0.007000000000000006,"4.61","3.71","0.898"
"Wacha, Michael","608379","2025","470","347",0.246,0.261,-0.015000000000000013,0.364,0.423,-0.059,0.296,0.322,-0.026000000000000023,"3.62","4.01","-0.394"
"Senzatela, Antonio","622608","2025","466","375",0.348,0.331,0.01699999999999996,0.54,0.555,-0.015000000000000013,0.403,0.402,0.0010000000000000009,"6.41","6.75","-0.343"
"Boyd, Matthew","571510","2025","465","328",0.223,0.239,-0.015999999999999986,0.337,0.377,-0.03999999999999998,0.267,0.291,-0.023999999999999966,"2.20","3.22","-1.021"
"Warren, Will","701542","2025","464","287",0.249,0.249,0,0.399,0.405,-0.006000000000000005,0.322,0.324,-0.0020000000000000018,"4.82","4.06","0.755"
"Brown, Hunter","686613","2025","462","278",0.195,0.219,-0.023999999999999994,0.316,0.345,-0.02899999999999997,0.259,0.279,-0.020000000000000018,"2.57","2.95","-0.379"
"Bubic, Kris","663460","2025","461","308",0.226,0.23,-0.0040000000000000036,0.328,0.345,-0.01699999999999996,0.274,0.283,-0.008999999999999952,"2.38","3.04","-0.665"
"Alcantara, Sandy","645261","2025","460","339",0.27,0.285,-0.014999999999999958,0.431,0.472,-0.04099999999999998,0.332,0.355,-0.022999999999999965,"6.66","5.00","1.663"
"Márquez, Germán","608566","2025","454","340",0.307,0.291,0.016000000000000014,0.502,0.477,0.025000000000000022,0.374,0.358,0.016000000000000014,"5.67","5.10","0.575"
"deGrom, Jacob","594798","2025","453","304",0.191,0.227,-0.036000000000000004,0.324,0.37,-0.045999999999999985,0.247,0.281,-0.03400000000000003,"2.28","2.99","-0.708"
"Sears, JP","676664","2025","452","330",0.256,0.243,0.013000000000000012,0.488,0.454,0.033999999999999975,0.34,0.32,0.020000000000000018,"4.98","3.95","1.028"
"Ryan, Joe","657746","2025","452","287",0.197,0.209,-0.011999999999999983,0.338,0.385,-0.046999999999999986,0.262,0.285,-0.022999999999999965,"2.63","3.08","-0.45"
"Lugo, Seth","607625","2025","451","315",0.219,0.259,-0.04000000000000001,0.387,0.475,-0.08799999999999997,0.293,0.341,-0.04800000000000004,"2.95","4.56","-1.613"
"Freeland, Kyle","607536","2025","449","347",0.308,0.303,0.0050000000000000044,0.476,0.499,-0.02300000000000002,0.355,0.36,-0.0050000000000000044,"5.24","5.17","0.07"
"Roupp, Landen","694738","2025","447","307",0.259,0.254,0.0050000000000000044,0.373,0.407,-0.033999999999999975,0.313,0.322,-0.009000000000000008,"3.11","4.01","-0.901"
"Williams, Gavin","668909","2025","447","281",0.223,0.244,-0.02099999999999999,0.369,0.415,-0.045999999999999985,0.312,0.335,-0.02300000000000002,"3.54","4.38","-0.843"
"Fedde, Erick","607200","2025","446","334",0.27,0.295,-0.024999999999999967,0.439,0.502,-0.063,0.345,0.378,-0.03300000000000003,"5.22","5.80","-0.577"
"Sugano, Tomoyuki","608372","2025","445","351",0.274,0.307,-0.032999999999999974,0.461,0.546,-0.08500000000000002,0.338,0.385,-0.046999999999999986,"4.54","6.07","-1.526"
"Burke, Sean","680732","2025","444","306",0.248,0.263,-0.015000000000000013,0.434,0.493,-0.059,0.336,0.362,-0.025999999999999968,"4.19","5.24","-1.052"
"Singer, Brady","663903","2025","444","303",0.256,0.264,-0.008000000000000007,0.433,0.443,-0.010000000000000009,0.334,0.343,-0.009000000000000008,"4.84","4.62","0.217"
"Falter, Bailey","663559","2025","438","333",0.235,0.264,-0.029000000000000026,0.415,0.458,-0.04300000000000004,0.309,0.335,-0.026000000000000023,"3.82","4.38","-0.558"
"Flaherty, Jack","656427","2025","438","262",0.233,0.238,-0.004999999999999977,0.422,0.431,-0.009000000000000008,0.322,0.325,-0.0030000000000000027,"4.78","4.09","0.685"
"Yamamoto, Yoshinobu","808967","2025","437","274",0.197,0.215,-0.017999999999999988,0.316,0.33,-0.014000000000000012,0.262,0.274,-0.01200000000000001,"2.55","2.84","-0.288"
"Mikolas, Miles","571945","2025","436","341",0.271,0.276,-0.0050000000000000044,0.473,0.515,-0.04200000000000004,0.335,0.354,-0.01899999999999996,"4.94","4.97","-0.029"
"Bello, Brayan","678394","2025","436","312",0.247,0.268,-0.02100000000000002,0.358,0.421,-0.063,0.304,0.336,-0.03200000000000003,"3.32","4.41","-1.09"
"Morton, Charlie","450203","2025","436","282",0.273,0.254,0.019000000000000017,0.448,0.417,0.031000000000000028,0.352,0.335,0.01699999999999996,"5.48","4.38","1.096"
"Corbin, Patrick","571578","2025","436","319",0.259,0.271,-0.01200000000000001,0.41,0.431,-0.02100000000000002,0.314,0.33,-0.016000000000000014,"3.78","4.23","-0.447"
"Allen, Logan","671106","2025","435","314",0.258,0.257,0.0010000000000000009,0.403,0.447,-0.043999999999999984,0.32,0.337,-0.017000000000000015,"4.16","4.44","-0.279"
"Heaney, Andrew","571760","2025","435","322",0.254,0.289,-0.034999999999999976,0.482,0.501,-0.019000000000000017,0.344,0.365,-0.02100000000000002,"5.03","5.34","-0.311"
"Schwellenbach, Spencer","680885","2025","434","306",0.217,0.258,-0.04100000000000001,0.366,0.406,-0.040000000000000036,0.267,0.301,-0.033999999999999975,"3.09","3.46","-0.37"
"Vásquez, Randy","681190","2025","431","328",0.249,0.283,-0.033999999999999975,0.393,0.517,-0.124,0.324,0.381,-0.056999999999999995,"3.73","5.92","-2.193"
"Hendricks, Kyle","543294","2025","429","333",0.266,0.252,0.014000000000000012,0.467,0.424,0.04300000000000004,0.332,0.314,0.018000000000000016,"4.92","3.79","1.127"
"May, Dustin","669160","2025","429","287",0.245,0.266,-0.02100000000000002,0.436,0.452,-0.016000000000000014,0.334,0.35,-0.01599999999999996,"4.73","4.84","-0.113"
"Rea, Colin","607067","2025","426","323",0.263,0.283,-0.019999999999999962,0.452,0.477,-0.024999999999999967,0.331,0.35,-0.01899999999999996,"4.06","4.84","-0.781"
"Lorenzen, Michael","547179","2025","424","308",0.259,0.255,0.0040000000000000036,0.467,0.446,0.02100000000000002,0.334,0.327,0.007000000000000006,"4.61","4.15","0.455"
"Liberatore, Matthew","669461","2025","422","318",0.263,0.268,-0.0050000000000000044,0.406,0.441,-0.034999999999999976,0.307,0.326,-0.019000000000000017,"4.13","4.12","0.006"
"Priester, Quinn","682990","2025","419","298",0.23,0.248,-0.017999999999999988,0.38,0.379,0.0010000000000000009,0.296,0.305,-0.009000000000000008,"3.27","3.56","-0.285"
"Kochanowicz, Jack","686799","2025","418","302",0.298,0.278,0.019999999999999962,0.459,0.44,0.019000000000000017,0.366,0.355,0.01100000000000001,"6.03","5.00","1.032"
"Ober, Bailey","641927","2025","406","306",0.289,0.263,0.025999999999999968,0.519,0.483,0.03600000000000003,0.362,0.338,0.023999999999999966,"5.28","4.47","0.813"
"Rodriguez, Eduardo","593958","2025","403","276",0.307,0.261,0.045999999999999985,0.517,0.45,0.067,0.375,0.333,0.04199999999999998,"5.50","4.32","1.184"
"Patrick, Chad","694477","2025","400","271",0.256,0.257,-0.0010000000000000009,0.399,0.425,-0.025999999999999968,0.314,0.323,-0.009000000000000008,"3.52","4.04","-0.522"
"Abbott, Andrew","671096","2025","394","280",0.223,0.232,-0.009000000000000008,0.346,0.384,-0.038000000000000034,0.274,0.292,-0.01799999999999996,"2.13","3.24","-1.113"
"Mize, Casey","663554","2025","392","286",0.264,0.244,0.020000000000000018,0.42,0.41,0.010000000000000009,0.315,0.301,0.014000000000000012,"3.40","3.46","-0.061"
"Cannon, Jonathan","686563","2025","390","282",0.267,0.279,-0.01200000000000001,0.463,0.469,-0.00599999999999995,0.344,0.352,-0.008000000000000007,"4.48","4.90","-0.417"
"Quantrill, Cal","615698","2025","389","287",0.275,0.283,-0.007999999999999952,0.467,0.491,-0.023999999999999966,0.343,0.355,-0.011999999999999955,"5.05","5.00","0.05"
"Taillon, Jameson","592791","2025","388","294",0.236,0.257,-0.02100000000000002,0.471,0.476,-0.0050000000000000044,0.319,0.332,-0.013000000000000012,"4.44","4.29","0.147"
"Ortiz, Luis L.","682847","2025","382","243",0.237,0.257,-0.020000000000000018,0.386,0.455,-0.069,0.314,0.345,-0.030999999999999972,"4.37","4.68","-0.315"
"Elder, Bryce","693821","2025","381","276",0.292,0.3,-0.008000000000000007,0.509,0.507,0.0020000000000000018,0.371,0.373,-0.0020000000000000018,"5.63","5.62","0.014"
"Buehler, Walker","621111","2025","380","269",0.278,0.279,-0.0010000000000000009,0.476,0.459,0.01699999999999996,0.363,0.358,0.0050000000000000044,"5.72","5.10","0.618"
"Brown, Ben","676962","2025","378","252",0.292,0.265,0.02699999999999997,0.483,0.479,0.0040000000000000036,0.36,0.346,0.014000000000000012,"6.48","4.71","1.77"
"Smith, Shane","681343","2025","377","249",0.232,0.251,-0.01899999999999999,0.37,0.401,-0.031000000000000028,0.312,0.332,-0.020000000000000018,"4.26","4.29","-0.032"
"Verlander, Justin","434378","2025","376","268",0.278,0.273,0.0050000000000000044,0.449,0.47,-0.020999999999999963,0.347,0.351,-0.0040000000000000036,"4.70","4.87","-0.174"
"Williams, Trevor","592866","2025","373","285",0.31,0.283,0.027000000000000024,0.477,0.439,0.03799999999999998,0.353,0.334,0.01899999999999996,"6.21","4.35","1.856"
"Leiter, Jack","683004","2025","373","252",0.229,0.263,-0.034,0.376,0.47,-0.09399999999999997,0.311,0.356,-0.044999999999999984,"4.27","5.03","-0.756"
"Rasmussen, Drew","656876","2025","371","262",0.219,0.255,-0.036000000000000004,0.338,0.393,-0.05499999999999999,0.272,0.307,-0.034999999999999976,"2.93","3.61","-0.683"
"Cabrera, Edward","665795","2025","370","242",0.239,0.246,-0.007000000000000006,0.375,0.398,-0.02300000000000002,0.304,0.314,-0.010000000000000009,"3.48","3.79","-0.313"
"Sale, Chris","519242","2025","370","223",0.234,0.216,0.018000000000000016,0.35,0.337,0.012999999999999956,0.29,0.277,0.012999999999999956,"2.52","2.91","-0.391"
"Eovaldi, Nathan","543135","2025","369","244",0.193,0.238,-0.044999999999999984,0.281,0.39,-0.10899999999999999,0.233,0.294,-0.06099999999999997,"1.50","3.29","-1.79"
"Nelson, Ryne","669194","2025","361","256",0.195,0.256,-0.061,0.341,0.413,-0.07199999999999995,0.269,0.321,-0.05199999999999999,"3.29","3.98","-0.692"
"Suárez, Ranger","624133","2025","358","248",0.232,0.236,-0.003999999999999976,0.323,0.359,-0.035999999999999976,0.275,0.289,-0.013999999999999957,"2.66","3.17","-0.511"
"Gusto, Ryan","687473","2025","357","245",0.28,0.26,0.020000000000000018,0.458,0.462,-0.0040000000000000036,0.346,0.338,0.007999999999999952,"5.17","4.47","0.705"
"Martin, Davis","663436","2025","354","271",0.255,0.298,-0.04299999999999998,0.44,0.498,-0.057999999999999996,0.325,0.366,-0.04099999999999998,"3.89","5.37","-1.483"
"Giolito, Lucas","608337","2025","338","241",0.256,0.293,-0.03699999999999998,0.425,0.534,-0.10900000000000004,0.318,0.374,-0.055999999999999994,"3.97","5.66","-1.693"
"Hancock, Emerson","676106","2025","335","247",0.272,0.298,-0.025999999999999968,0.473,0.486,-0.013000000000000012,0.357,0.371,-0.014000000000000012,"5.47","5.55","-0.08"
"Soroka, Michael","647336","2025","328","208",0.221,0.217,0.0040000000000000036,0.379,0.348,0.031000000000000028,0.306,0.293,0.013000000000000012,"4.85","3.27","1.576"
"Canning, Griffin","656288","2025","327","223",0.24,0.261,-0.02100000000000002,0.363,0.445,-0.08200000000000002,0.304,0.341,-0.03700000000000003,"3.77","4.56","-0.787"
"Senga, Kodai","673540","2025","327","211",0.203,0.224,-0.02099999999999999,0.331,0.353,-0.021999999999999964,0.281,0.297,-0.01599999999999996,"1.78","3.36","-1.575"
"Woods Richardson, Simeon","680573","2025","326","227",0.247,0.242,0.0050000000000000044,0.403,0.438,-0.034999999999999976,0.32,0.33,-0.010000000000000009,"4.14","4.23","-0.085"
"Quintana, Jose","500779","2025","326","240",0.241,0.267,-0.026000000000000023,0.361,0.438,-0.07700000000000001,0.303,0.342,-0.039000000000000035,"3.49","4.59","-1.099"
"Spence, Mitch","687765","2025","323","233",0.265,0.284,-0.01899999999999996,0.476,0.522,-0.04600000000000004,0.342,0.367,-0.024999999999999967,"4.70","5.41","-0.709"
"Montero, Keider","672456","2025","318","238",0.276,0.266,0.010000000000000009,0.462,0.464,-0.0020000000000000018,0.348,0.342,0.00599999999999995,"4.66","4.59","0.074"
"Schmidt, Clarke","657376","2025","316","212",0.199,0.204,-0.004999999999999977,0.351,0.351,0,0.278,0.279,-0.0010000000000000009,"3.32","2.95","0.368"
"Kolek, Stephen","663568","2025","312","228",0.267,0.271,-0.0040000000000000036,0.379,0.415,-0.035999999999999976,0.314,0.335,-0.02100000000000002,"4.28","4.38","-0.104"
"Imanaga, Shota","684007","2025","312","239",0.219,0.241,-0.021999999999999992,0.408,0.462,-0.05400000000000005,0.29,0.319,-0.029000000000000026,"3.12","3.93","-0.815"
"Dollander, Chase","801403","2025","309","222",0.274,0.276,-0.0020000000000000018,0.47,0.5,-0.030000000000000027,0.358,0.371,-0.013000000000000012,"6.68","5.55","1.134"
"Mahle, Tyler","641816","2025","308","225",0.214,0.266,-0.05200000000000002,0.296,0.423,-0.127,0.261,0.33,-0.069,"2.34","4.23","-1.892"
"Megill, Tylor","656731","2025","305","176",0.23,0.225,0.0050000000000000044,0.345,0.36,-0.015000000000000013,0.304,0.313,-0.009000000000000008,"3.95","3.77","0.181"
"Strider, Spencer","675911","2025","301","177",0.214,0.234,-0.020000000000000018,0.385,0.412,-0.02699999999999997,0.304,0.32,-0.016000000000000014,"3.72","3.95","-0.234"
"Cameron, Noah","702070","2025","300","213",0.198,0.227,-0.028999999999999998,0.338,0.38,-0.04199999999999998,0.261,0.288,-0.02699999999999997,"2.60","3.15","-0.545"
"Birdsong, Hayden","806185","2025","298","188",0.242,0.234,0.00799999999999998,0.425,0.429,-0.0040000000000000036,0.339,0.34,-0.0010000000000000009,"4.80","4.53","0.267"
"Newcomb, Sean","656794","2025","298","202",0.292,0.265,0.02699999999999997,0.39,0.399,-0.009000000000000008,0.331,0.323,0.008000000000000007,"3.49","4.04","-0.547"
"Walker, Taijuan","592836","2025","296","213",0.251,0.248,0.0030000000000000027,0.431,0.41,0.02100000000000002,0.327,0.317,0.010000000000000009,"3.84","3.87","-0.032"
"Francis, Bowden","670102","2025","288","201",0.283,0.291,-0.008000000000000007,0.538,0.514,0.02400000000000002,0.384,0.383,0.0010000000000000009,"6.05","5.99","0.057"
"Cecconi, Slade","677944","2025","287","205",0.247,0.269,-0.02200000000000002,0.449,0.494,-0.044999999999999984,0.324,0.351,-0.02699999999999997,"3.76","4.87","-1.106"
"Lord, Brad","695418","2025","287","204",0.249,0.291,-0.04199999999999998,0.354,0.426,-0.07200000000000001,0.299,0.343,-0.04400000000000004,"3.39","4.62","-1.229"
"Eflin, Zach","621107","2025","287","226",0.297,0.266,0.030999999999999972,0.546,0.466,0.08000000000000002,0.372,0.326,0.045999999999999985,"5.78","4.12","1.656"
"Meyer, Max","676974","2025","285","195",0.276,0.27,0.006000000000000005,0.46,0.467,-0.007000000000000006,0.342,0.348,-0.00599999999999995,"4.73","4.78","-0.048"
"Olson, Reese","681857","2025","285","190",0.228,0.252,-0.023999999999999994,0.335,0.396,-0.061,0.288,0.318,-0.030000000000000027,"3.15","3.90","-0.754"
"Povich, Cade","700249","2025","285","193",0.287,0.294,-0.007000000000000006,0.473,0.561,-0.08800000000000008,0.351,0.391,-0.040000000000000036,"5.15","6.30","-1.151"
"Casparius, Ben","676508","2025","278","200",0.26,0.259,0.0010000000000000009,0.415,0.423,-0.008000000000000007,0.314,0.316,-0.0020000000000000018,"4.99","3.85","1.135"
"Mlodzinski, Carmen","669387","2025","275","208",0.294,0.294,0,0.467,0.469,-0.0019999999999999463,0.351,0.351,0,"4.62","4.87","-0.25"
"Houser, Adrian","605288","2025","275","205",0.248,0.279,-0.031000000000000028,0.352,0.391,-0.039000000000000035,0.293,0.32,-0.027000000000000024,"2.10","3.95","-1.853"
"Vasil, Mike","678024","2025","271","182",0.197,0.24,-0.04299999999999998,0.314,0.398,-0.08400000000000002,0.287,0.333,-0.04600000000000004,"2.53","4.32","-1.789"
"Gilbert, Logan","669302","2025","270","155",0.202,0.203,-0.0010000000000000009,0.353,0.357,-0.0040000000000000036,0.266,0.266,0,"3.07","2.67","0.404"
"Alexander, Tyler","641302","2025","270","196",0.261,0.284,-0.022999999999999965,0.367,0.442,-0.07500000000000001,0.3,0.338,-0.038000000000000034,"4.52","4.47","0.054"
"Lauer, Eric","641778","2025","269","180",0.193,0.216,-0.022999999999999993,0.353,0.365,-0.01200000000000001,0.262,0.277,-0.015000000000000013,"2.61","2.91","-0.301"
"Lopez, Jacob","682052","2025","268","161",0.243,0.219,0.023999999999999994,0.434,0.391,0.04299999999999998,0.337,0.311,0.026000000000000023,"4.60","3.71","0.889"
"Horton, Cade","690990","2025","267","193",0.27,0.268,0.0020000000000000018,0.405,0.46,-0.05499999999999999,0.327,0.344,-0.01699999999999996,"4.04","4.65","-0.607"
"Burnes, Corbin","669203","2025","265","173",0.21,0.234,-0.02400000000000002,0.356,0.39,-0.03400000000000003,0.289,0.31,-0.02100000000000002,"2.66","3.69","-1.032"
"Bido, Osvaldo","674370","2025","258","191",0.311,0.269,0.04199999999999998,0.539,0.491,0.04800000000000004,0.39,0.365,0.025000000000000022,"5.86","5.34","0.515"
"Evans, Logan","688138","2025","256","189",0.27,0.298,-0.02799999999999997,0.448,0.497,-0.04899999999999999,0.341,0.37,-0.02899999999999997,"3.64","5.51","-1.87"
"Civale, Aaron","650644","2025","256","189",0.259,0.248,0.01100000000000001,0.465,0.466,-0.0010000000000000009,0.342,0.337,0.0050000000000000044,"4.76","4.44","0.316"
"Dobbins, Hunter","690928","2025","256","192",0.257,0.25,0.007000000000000006,0.401,0.431,-0.02999999999999997,0.311,0.318,-0.007000000000000006,"4.13","3.90","0.231"
"Gordon, Colton","676467","2025","254","194",0.303,0.278,0.024999999999999967,0.513,0.454,0.059,0.359,0.329,0.02999999999999997,"4.53","4.21","0.316"
"López, Pablo","641154","2025","247","169",0.225,0.239,-0.013999999999999985,0.344,0.384,-0.040000000000000036,0.272,0.296,-0.023999999999999966,"2.82","3.34","-0.521"
"Rocker, Kumar","677958","2025","246","176",0.273,0.286,-0.012999999999999956,0.459,0.509,-0.04999999999999999,0.343,0.372,-0.02899999999999997,"5.66","5.58","0.079"
"Kirby, George","669923","2025","246","171",0.243,0.262,-0.019000000000000017,0.394,0.414,-0.019999999999999962,0.296,0.312,-0.016000000000000014,"4.65","3.74","0.91"
"Hicks, Jordan","663855","2025","244","168",0.282,0.262,0.019999999999999962,0.399,0.361,0.038000000000000034,0.337,0.316,0.02100000000000002,"6.17","3.85","2.317"
"Greene, Hunter","668881","2025","237","148",0.2,0.208,-0.00799999999999998,0.377,0.382,-0.0050000000000000044,0.275,0.279,-0.0040000000000000036,"2.71","2.95","-0.235"
"Bird, Jake","656234","2025","232","146",0.263,0.238,0.025000000000000022,0.39,0.353,0.03700000000000003,0.316,0.296,0.020000000000000018,"4.05","3.34","0.71"
"Festa, David","701581","2025","229","153",0.24,0.254,-0.014000000000000012,0.422,0.488,-0.066,0.323,0.352,-0.02899999999999997,"5.40","4.90","0.5"
"Herget, Jimmy","623474","2025","229","164",0.261,0.248,0.013000000000000012,0.384,0.388,-0.0040000000000000036,0.315,0.312,0.0030000000000000027,"2.89","3.74","-0.853"
"Kershaw, Clayton","477132","2025","228","173",0.255,0.272,-0.017000000000000015,0.409,0.424,-0.015000000000000013,0.315,0.33,-0.015000000000000013,"3.27","4.23","-0.957"
"Yarbrough, Ryan","642232","2025","226","158",0.233,0.252,-0.01899999999999999,0.403,0.397,0.006000000000000005,0.306,0.311,-0.0050000000000000044,"3.90","3.71","0.194"
"King, Michael","650633","2025","225","142",0.195,0.208,-0.012999999999999984,0.327,0.371,-0.043999999999999984,0.262,0.283,-0.020999999999999963,"2.59","3.04","-0.453"
"Burrows, Mike","681347","2025","224","148",0.246,0.245,0.0010000000000000009,0.422,0.413,0.009000000000000008,0.323,0.319,0.0040000000000000036,"4.15","3.93","0.224"
"Leahy, Kyle","681517","2025","224","156",0.228,0.258,-0.03,0.337,0.422,-0.08499999999999996,0.279,0.33,-0.05099999999999999,"2.94","4.23","-1.285"
"Hurter, Brant","676428","2025","223","137",0.238,0.241,-0.0030000000000000027,0.333,0.341,-0.008000000000000007,0.304,0.307,-0.0030000000000000027,"2.86","3.61","-0.749"
"Bellozo, Valente","678368","2025","223","167",0.248,0.241,0.007000000000000006,0.396,0.431,-0.034999999999999976,0.309,0.317,-0.008000000000000007,"3.52","3.87","-0.348"
"Latz, Jacob","656641","2025","220","145",0.226,0.244,-0.017999999999999988,0.349,0.398,-0.049000000000000044,0.29,0.315,-0.025000000000000022,"3.04","3.82","-0.782"
"Nola, Aaron","605400","2025","220","149",0.295,0.284,0.01100000000000001,0.505,0.479,0.026000000000000023,0.373,0.357,0.016000000000000014,"6.16","5.07","1.091"
"Junk, Janson","676083","2025","220","174",0.252,0.285,-0.032999999999999974,0.34,0.435,-0.09499999999999997,0.263,0.32,-0.056999999999999995,"3.09","3.95","-0.86"
"Wilson, Bryse","669060","2025","218","169",0.345,0.346,-0.0010000000000000009,0.588,0.588,0,0.423,0.431,-0.008000000000000007,"6.95","8.08","-1.131"
"Jobe, Jackson","695549","2025","218","150",0.249,0.25,-0.0010000000000000009,0.422,0.451,-0.029000000000000026,0.338,0.347,-0.008999999999999952,"4.22","4.75","-0.526"
"Matz, Steven","571927","2025","217","161",0.254,0.236,0.018000000000000016,0.361,0.391,-0.030000000000000027,0.284,0.285,-0.0010000000000000009,"3.23","3.08","0.146"
"McCullers Jr., Lance","621121","2025","216","130",0.267,0.251,0.016000000000000014,0.478,0.441,0.03699999999999998,0.379,0.36,0.019000000000000017,"6.90","5.17","1.732"
"Miller, Bryce","682243","2025","216","151",0.278,0.287,-0.008999999999999952,0.439,0.434,0.0050000000000000044,0.349,0.357,-0.008000000000000007,"5.73","5.07","0.663"
"Ferrer, Jose A.","678606","2025","215","157",0.268,0.261,0.007000000000000006,0.371,0.359,0.01200000000000001,0.307,0.302,0.0050000000000000044,"4.88","3.49","1.387"
"Bazardo, Eduard","660825","2025","213","139",0.183,0.217,-0.034,0.301,0.363,-0.062,0.257,0.297,-0.03999999999999998,"2.70","3.36","-0.66"
"Walter, Brandon","687888","2025","212","153",0.225,0.245,-0.01999999999999999,0.422,0.404,0.01799999999999996,0.289,0.29,-0.0010000000000000009,"3.35","3.20","0.154"
"Bivens, Spencer","702352","2025","211","152",0.247,0.234,0.012999999999999984,0.416,0.394,0.021999999999999964,0.316,0.303,0.013000000000000012,"4.50","3.51","0.99"
"Adam, Jason","592094","2025","211","133",0.235,0.216,0.01899999999999999,0.311,0.344,-0.032999999999999974,0.284,0.285,-0.0010000000000000009,"2.01","3.08","-1.073"
"Vargas, Carlos","672841","2025","210","154",0.274,0.253,0.02100000000000002,0.392,0.38,0.01200000000000001,0.322,0.308,0.014000000000000012,"3.96","3.64","0.325"
"Hanifee, Brenan","669724","2025","210","165",0.269,0.276,-0.007000000000000006,0.381,0.414,-0.032999999999999974,0.298,0.314,-0.016000000000000014,"3.17","3.79","-0.624"
"Rutledge, Jackson","671131","2025","210","148",0.302,0.267,0.034999999999999976,0.56,0.506,0.05400000000000005,0.396,0.365,0.031000000000000028,"6.55","5.34","1.211"
"Kinley, Tyler","641755","2025","210","132",0.233,0.24,-0.0069999999999999785,0.372,0.367,0.0050000000000000044,0.308,0.31,-0.0020000000000000018,"5.79","3.69","2.096"
"Brazobán, Huascar","623211","2025","209","129",0.213,0.215,-0.0020000000000000018,0.339,0.355,-0.01599999999999996,0.294,0.315,-0.02100000000000002,"3.71","3.82","-0.114"
"Ragans, Cole","666142","2025","209","115",0.25,0.201,0.04899999999999999,0.41,0.334,0.07599999999999996,0.315,0.266,0.04899999999999999,"5.18","2.67","2.508"
"Dreyer, Jack","676263","2025","208","138",0.203,0.195,0.008000000000000007,0.297,0.285,0.01200000000000001,0.25,0.248,0.0020000000000000018,"2.98","2.32","0.661"
"Henriquez, Ronny","678692","2025","207","117",0.209,0.206,0.0030000000000000027,0.379,0.418,-0.03899999999999998,0.295,0.306,-0.01100000000000001,"2.94","3.59","-0.651"
"Anderson, Grant","681982","2025","207","132",0.186,0.23,-0.04400000000000001,0.279,0.352,-0.07299999999999995,0.249,0.294,-0.044999999999999984,"2.68","3.29","-0.608"
"Wentz, Joey","666214","2025","206","140",0.268,0.249,0.019000000000000017,0.43,0.414,0.016000000000000014,0.335,0.324,0.01100000000000001,"5.76","4.06","1.697"
"Peralta, Wandy","593974","2025","206","141",0.233,0.27,-0.037000000000000005,0.356,0.419,-0.063,0.297,0.335,-0.038000000000000034,"3.42","4.38","-0.957"
"Phillips, Tyler","663969","2025","203","157",0.257,0.259,-0.0020000000000000018,0.39,0.403,-0.013000000000000012,0.311,0.315,-0.0040000000000000036,"3.47","3.82","-0.354"
"Houck, Tanner","656557","2025","203","149",0.318,0.301,0.017000000000000015,0.531,0.496,0.03500000000000003,0.396,0.38,0.016000000000000014,"8.04","5.88","2.158"
"Holton, Tyler","663947","2025","203","151",0.242,0.255,-0.013000000000000012,0.421,0.416,0.0050000000000000044,0.296,0.3,-0.0040000000000000036,"3.51","3.44","0.066"
"Uceta, Edwin","670955","2025","201","116",0.249,0.254,-0.0050000000000000044,0.452,0.475,-0.022999999999999965,0.337,0.354,-0.01699999999999996,"4.93","4.97","-0.043"
"Uribe, Abner","682842","2025","200","116",0.207,0.216,-0.009000000000000008,0.299,0.302,-0.0030000000000000027,0.272,0.277,-0.0050000000000000044,"2.19","2.91","-0.721"
"Cantillo, Joey","676282","2025","200","117",0.236,0.241,-0.0050000000000000044,0.414,0.39,0.023999999999999966,0.324,0.318,0.006000000000000005,"3.91","3.90","0.013"
"Whitlock, Garrett","676477","2025","199","115",0.201,0.209,-0.00799999999999998,0.27,0.339,-0.069,0.257,0.283,-0.025999999999999968,"3.17","3.04","0.126"
"Ross, Joe","605452","2025","199","147",0.288,0.302,-0.014000000000000012,0.52,0.544,-0.02400000000000002,0.368,0.385,-0.017000000000000015,"5.28","6.07","-0.792"
"Blanco, Ronel","669854","2025","199","131",0.21,0.203,0.0069999999999999785,0.381,0.357,0.02400000000000002,0.293,0.282,0.01100000000000001,"4.10","3.02","1.077"
"Milner, Hoby","571948","2025","198","139",0.217,0.23,-0.013000000000000012,0.272,0.371,-0.09899999999999998,0.238,0.288,-0.04999999999999999,"2.17","3.15","-0.976"
"Suter, Brent","608718","2025","198","150",0.225,0.245,-0.01999999999999999,0.368,0.402,-0.03400000000000003,0.284,0.304,-0.020000000000000018,"3.19","3.54","-0.352"
"Little, Brendon","663893","2025","198","98",0.173,0.179,-0.006000000000000005,0.226,0.268,-0.04200000000000001,0.243,0.258,-0.015000000000000013,"1.90","2.51","-0.609"
"Detmers, Reid","672282","2025","197","118",0.256,0.232,0.023999999999999994,0.369,0.35,0.019000000000000017,0.307,0.289,0.018000000000000016,"4.08","3.17","0.909"
"Duran, Jhoan","661395","2025","196","125",0.211,0.214,-0.0030000000000000027,0.251,0.293,-0.04199999999999998,0.239,0.256,-0.017000000000000015,"1.90","2.47","-0.569"
"Rodríguez, Yariel","684320","2025","195","126",0.167,0.216,-0.04899999999999999,0.305,0.389,-0.08400000000000002,0.248,0.301,-0.05299999999999999,"2.25","3.46","-1.21"
"Clase, Emmanuel","661403","2025","195","134",0.256,0.227,0.028999999999999998,0.33,0.326,0.0040000000000000036,0.277,0.268,0.009000000000000008,"2.74","2.71","0.029"
"Blewett, Scott","656240","2025","194","140",0.263,0.257,0.006000000000000005,0.462,0.462,0,0.344,0.342,0.0019999999999999463,"5.48","4.59","0.891"
"Banda, Anthony","607455","2025","193","130",0.22,0.236,-0.015999999999999986,0.375,0.405,-0.030000000000000027,0.299,0.321,-0.02200000000000002,"3.69","3.98","-0.289"
"Webb, Jacob","657097","2025","193","143",0.217,0.227,-0.010000000000000009,0.377,0.364,0.013000000000000012,0.283,0.283,0,"3.69","3.04","0.651"
"Jax, Griffin","643377","2025","192","108",0.243,0.239,0.0040000000000000036,0.367,0.357,0.010000000000000009,0.29,0.283,0.007000000000000006,"4.00","3.04","0.96"
"Santillan, Tony","663574","2025","192","130",0.209,0.263,-0.05400000000000002,0.343,0.422,-0.07899999999999996,0.278,0.329,-0.05099999999999999,"2.89","4.21","-1.317"
"Barlow, Scott","605130","2025","192","112",0.176,0.225,-0.049000000000000016,0.258,0.324,-0.066,0.263,0.305,-0.04199999999999998,"3.63","3.56","0.067"
"Harris, Hogan","663687","2025","192","121",0.262,0.253,0.009000000000000008,0.402,0.368,0.03400000000000003,0.332,0.323,0.009000000000000008,"4.36","4.04","0.315"
"Smith-Shawver, AJ","700363","2025","191","128",0.249,0.307,-0.057999999999999996,0.379,0.518,-0.139,0.316,0.389,-0.07300000000000001,"3.86","6.22","-2.363"
"Eisert, Brandon","685126","2025","189","127",0.278,0.242,0.03600000000000003,0.503,0.412,0.09100000000000003,0.354,0.313,0.04099999999999998,"4.81","3.77","1.044"
"Estrada, Jeremiah","669093","2025","189","107",0.205,0.198,0.0069999999999999785,0.337,0.327,0.010000000000000009,0.272,0.268,0.0040000000000000036,"2.74","2.71","0.029"
"Varland, Louis","686973","2025","187","127",0.231,0.253,-0.021999999999999992,0.331,0.396,-0.065,0.273,0.306,-0.032999999999999974,"2.11","3.59","-1.484"
"Bummer, Aaron","607481","2025","187","122",0.259,0.268,-0.009000000000000008,0.414,0.386,0.02799999999999997,0.323,0.318,0.0050000000000000044,"4.25","3.90","0.352"
"Ashcraft, Graham","668933","2025","186","122",0.256,0.245,0.01100000000000001,0.372,0.361,0.01100000000000001,0.314,0.305,0.009000000000000008,"3.56","3.56","-0.002"
"Bachar, Lake","669199","2025","186","114",0.195,0.213,-0.017999999999999988,0.308,0.372,-0.064,0.267,0.301,-0.033999999999999975,"3.15","3.46","-0.307"
"Smith, Cade","671922","2025","186","103",0.218,0.207,0.01100000000000001,0.345,0.299,0.045999999999999985,0.28,0.261,0.019000000000000017,"3.12","2.57","0.545"
"Abreu, Bryan","650556","2025","186","92",0.172,0.223,-0.05100000000000002,0.264,0.375,-0.11099999999999999,0.25,0.31,-0.06,"1.79","3.69","-1.903"
"Bernardino, Brennan","657514","2025","185","125",0.199,0.226,-0.026999999999999996,0.25,0.348,-0.09799999999999998,0.248,0.303,-0.05499999999999999,"3.16","3.51","-0.346"
"Buttó, José","676130","2025","184","123",0.239,0.247,-0.008000000000000007,0.346,0.428,-0.08200000000000002,0.298,0.329,-0.031000000000000028,"2.84","4.21","-1.368"
"Doval, Camilo","666808","2025","184","113",0.199,0.233,-0.034,0.269,0.354,-0.08499999999999996,0.269,0.311,-0.04199999999999998,"3.22","3.71","-0.486"
"Hill, Tim","657612","2025","184","146",0.209,0.249,-0.04000000000000001,0.331,0.384,-0.05299999999999999,0.26,0.297,-0.03699999999999998,"2.89","3.36","-0.467"
"Weissert, Greg","669711","2025","184","131",0.236,0.244,-0.008000000000000007,0.376,0.407,-0.030999999999999972,0.303,0.316,-0.013000000000000012,"3.09","3.85","-0.758"
"Hader, Josh","623352","2025","183","99",0.165,0.158,0.007000000000000006,0.366,0.283,0.08300000000000002,0.259,0.227,0.032,"2.31","1.95","0.364"
"Scott, Tanner","656945","2025","183","121",0.247,0.253,-0.006000000000000005,0.441,0.424,0.017000000000000015,0.318,0.316,0.0020000000000000018,"4.14","3.85","0.289"
"Keller, Brad","641745","2025","183","120",0.227,0.221,0.006000000000000005,0.307,0.338,-0.031000000000000028,0.28,0.287,-0.006999999999999951,"3.07","3.13","-0.062"
"Junis, Jakob","596001","2025","182","133",0.278,0.288,-0.009999999999999953,0.383,0.446,-0.063,0.317,0.344,-0.02699999999999997,"3.43","4.65","-1.221"
"King, John","667463","2025","180","144",0.307,0.303,0.0040000000000000036,0.476,0.471,0.0050000000000000044,0.359,0.354,0.0050000000000000044,"5.35","4.97","0.383"
"Kerkering, Orion","689147","2025","180","116",0.239,0.246,-0.007000000000000006,0.335,0.364,-0.02899999999999997,0.296,0.314,-0.018000000000000016,"2.72","3.79","-1.067"
"Burke, Brock","656271","2025","180","128",0.265,0.261,0.0040000000000000036,0.439,0.442,-0.0030000000000000027,0.321,0.327,-0.006000000000000005,"3.43","4.15","-0.721"
"Lynch IV, Daniel","663738","2025","180","125",0.245,0.254,-0.009000000000000008,0.371,0.419,-0.04799999999999999,0.325,0.344,-0.01899999999999996,"2.59","4.65","-2.058"
"Estévez, Carlos","608032","2025","179","126",0.214,0.246,-0.032,0.346,0.441,-0.09500000000000003,0.273,0.32,-0.046999999999999986,"2.74","3.95","-1.208"
"Green, Chad","643338","2025","178","130",0.27,0.274,-0.0040000000000000036,0.521,0.564,-0.04299999999999993,0.363,0.377,-0.014000000000000012,"4.29","5.77","-1.484"
"Koenig, Jared","657649","2025","178","124",0.261,0.212,0.049000000000000016,0.404,0.345,0.05900000000000005,0.314,0.271,0.04299999999999998,"3.86","2.78","1.077"
"Armstrong, Shawn","542888","2025","178","114",0.165,0.202,-0.037000000000000005,0.278,0.346,-0.06799999999999995,0.238,0.279,-0.041000000000000036,"2.96","2.95","0.006"
"Lively, Ben","594902","2025","178","134",0.233,0.256,-0.022999999999999993,0.393,0.471,-0.07799999999999996,0.303,0.339,-0.03600000000000003,"3.22","4.50","-1.276"
"Morejon, Adrian","670970","2025","177","123",0.165,0.193,-0.027999999999999997,0.22,0.258,-0.038000000000000006,0.187,0.215,-0.027999999999999997,"1.76","1.76","0.001"
"Banks, Tanner","621383","2025","177","123",0.22,0.253,-0.033,0.375,0.405,-0.030000000000000027,0.271,0.297,-0.025999999999999968,"3.40","3.36","0.04"
"De Los Santos, Enyel","660853","2025","177","121",0.214,0.24,-0.025999999999999995,0.321,0.378,-0.056999999999999995,0.274,0.305,-0.030999999999999972,"4.07","3.56","0.511"
"Vest, Will","676684","2025","176","111",0.181,0.193,-0.01200000000000001,0.256,0.289,-0.032999999999999974,0.228,0.247,-0.01899999999999999,"2.23","2.30","-0.067"
"Topa, Justin","623437","2025","176","131",0.281,0.306,-0.024999999999999967,0.375,0.43,-0.05499999999999999,0.307,0.344,-0.03699999999999998,"4.08","4.65","-0.566"
"Sands, Cole","663485","2025","176","133",0.263,0.254,0.009000000000000008,0.4,0.441,-0.04099999999999998,0.306,0.327,-0.02100000000000002,"4.29","4.15","0.136"
"Rogers, Tyler","643511","2025","176","137",0.198,0.231,-0.033,0.279,0.304,-0.024999999999999967,0.217,0.242,-0.024999999999999994,"1.51","2.21","-0.7"
"Hernández, Carlos","672578","2025","176","119",0.305,0.291,0.014000000000000012,0.43,0.506,-0.07600000000000001,0.358,0.379,-0.02100000000000002,"6.69","5.84","0.848"
"Hoffman, Jeff","656546","2025","175","103",0.216,0.225,-0.009000000000000008,0.451,0.448,0.0030000000000000027,0.306,0.31,-0.0040000000000000036,"4.78","3.69","1.087"
"Alcala, Jorge","660896","2025","174","110",0.28,0.233,0.047000000000000014,0.467,0.393,0.07400000000000001,0.359,0.316,0.04299999999999998,"6.05","3.85","2.202"
"Gaddis, Hunter","683769","2025","174","111",0.247,0.241,0.006000000000000005,0.396,0.397,-0.0010000000000000009,0.311,0.314,-0.0030000000000000027,"3.51","3.79","-0.278"
"Bender, Anthony","669622","2025","173","119",0.163,0.226,-0.063,0.268,0.377,-0.10899999999999999,0.241,0.305,-0.064,"1.87","3.56","-1.691"
"Allard, Kolby","663465","2025","173","141",0.293,0.268,0.024999999999999967,0.439,0.445,-0.006000000000000005,0.329,0.321,0.008000000000000007,"2.90","3.98","-1.079"
"Okert, Steven","595345","2025","173","107",0.156,0.184,-0.027999999999999997,0.266,0.329,-0.063,0.214,0.251,-0.037000000000000005,"2.52","2.38","0.145"
"King, Bryan","687911","2025","173","116",0.239,0.231,0.00799999999999998,0.327,0.342,-0.015000000000000013,0.274,0.28,-0.006000000000000005,"2.55","2.97","-0.419"
"Zerpa, Angel","672582","2025","173","118",0.252,0.249,0.0030000000000000027,0.4,0.412,-0.011999999999999955,0.318,0.321,-0.0030000000000000027,"3.70","3.98","-0.278"
"Knack, Landon","689017","2025","172","117",0.26,0.287,-0.02699999999999997,0.52,0.539,-0.019000000000000017,0.369,0.389,-0.020000000000000018,"5.12","6.22","-1.099"
"Zeferjahn, Ryan","666171","2025","172","100",0.238,0.22,0.017999999999999988,0.456,0.411,0.04500000000000004,0.347,0.322,0.024999999999999967,"5.45","4.01","1.437"
"Lee, Dylan","669276","2025","172","112",0.196,0.205,-0.00899999999999998,0.367,0.373,-0.006000000000000005,0.265,0.274,-0.009000000000000008,"2.62","2.84","-0.221"
"Schreiber, John","670167","2025","172","115",0.237,0.248,-0.01100000000000001,0.423,0.415,0.008000000000000007,0.315,0.316,-0.0010000000000000009,"3.12","3.85","-0.726"
"Garrett, Reed","657585","2025","171","106",0.207,0.241,-0.034,0.307,0.357,-0.04999999999999999,0.274,0.305,-0.030999999999999972,"2.90","3.56","-0.659"
"Domínguez, Seranthony","622554","2025","171","94",0.211,0.213,-0.0020000000000000018,0.32,0.329,-0.009000000000000008,0.291,0.294,-0.0030000000000000027,"3.32","3.29","0.03"
"Beeks, Jalen","656222","2025","170","114",0.211,0.231,-0.020000000000000018,0.355,0.377,-0.02200000000000002,0.281,0.299,-0.01799999999999996,"4.39","3.41","0.98"
"Strahm, Matt","621381","2025","170","108",0.22,0.213,0.007000000000000006,0.36,0.364,-0.0040000000000000036,0.277,0.276,0.0010000000000000009,"3.05","2.88","0.168"
"Walker, Ryan","676254","2025","170","115",0.222,0.228,-0.006000000000000005,0.34,0.354,-0.013999999999999957,0.278,0.286,-0.007999999999999952,"4.36","3.11","1.245"
"Faucher, Calvin","676534","2025","170","111",0.247,0.286,-0.03899999999999998,0.349,0.41,-0.061,0.307,0.346,-0.03899999999999998,"3.92","4.71","-0.787"
"Ferguson, Caleb","657571","2025","170","118",0.223,0.222,0.0010000000000000009,0.297,0.308,-0.01100000000000001,0.271,0.282,-0.010999999999999954,"3.92","3.02","0.899"
"Flexen, Chris","623167","2025","169","136",0.226,0.283,-0.05699999999999997,0.355,0.472,-0.11699999999999999,0.278,0.347,-0.06899999999999995,"3.02","4.75","-1.726"
"Matsui, Yuki","673513","2025","169","107",0.243,0.246,-0.0030000000000000027,0.472,0.446,0.025999999999999968,0.342,0.335,0.007000000000000006,"4.89","4.38","0.508"
"Baker, Bryan","641329","2025","169","103",0.234,0.248,-0.013999999999999985,0.462,0.503,-0.04099999999999998,0.32,0.34,-0.020000000000000018,"4.04","4.53","-0.491"
"Trivino, Lou","642152","2025","169","122",0.272,0.271,0.0010000000000000009,0.435,0.482,-0.046999999999999986,0.338,0.364,-0.025999999999999968,"4.42","5.30","-0.878"
"Henry, Cole","669371","2025","169","105",0.227,0.24,-0.012999999999999984,0.376,0.428,-0.05199999999999999,0.33,0.351,-0.020999999999999963,"3.38","4.87","-1.495"
"Legumina, Casey","668984","2025","168","103",0.236,0.218,0.017999999999999988,0.382,0.357,0.025000000000000022,0.316,0.299,0.017000000000000015,"5.59","3.41","2.176"
"Pagán, Emilio","641941","2025","168","101",0.163,0.188,-0.024999999999999994,0.34,0.367,-0.02699999999999997,0.256,0.275,-0.019000000000000017,"2.76","2.86","-0.096"
"Pressly, Ryan","519151","2025","167","123",0.286,0.286,0,0.401,0.42,-0.01899999999999996,0.338,0.344,-0.00599999999999995,"3.52","4.65","-1.128"
"Halvorsen, Seth","678020","2025","167","114",0.272,0.247,0.025000000000000022,0.497,0.435,0.062,0.362,0.33,0.03199999999999997,"4.89","4.23","0.658"
"Iglesias, Raisel","628452","2025","167","109",0.252,0.229,0.022999999999999993,0.477,0.442,0.034999999999999976,0.333,0.308,0.025000000000000022,"4.99","3.64","1.352"
"Garcia, Robert","676395","2025","167","107",0.23,0.243,-0.012999999999999984,0.331,0.381,-0.04999999999999999,0.282,0.305,-0.02300000000000002,"2.68","3.56","-0.882"
"Thornton, Trent","663423","2025","167","120",0.26,0.282,-0.021999999999999964,0.418,0.465,-0.04700000000000004,0.327,0.355,-0.02799999999999997,"5.12","5.00","0.121"
"Leasure, Jordan","673929","2025","167","100",0.252,0.229,0.022999999999999993,0.483,0.398,0.08499999999999996,0.359,0.321,0.03799999999999998,"4.13","3.98","0.155"
"Wrobleski, Justin","680736","2025","166","116",0.25,0.253,-0.0030000000000000027,0.401,0.404,-0.0030000000000000027,0.299,0.305,-0.006000000000000005,"4.50","3.56","0.94"
"Vesia, Alex","681911","2025","165","91",0.182,0.184,-0.0020000000000000018,0.365,0.374,-0.009000000000000008,0.269,0.277,-0.008000000000000007,"2.53","2.91","-0.379"
"Kahnle, Tommy","592454","2025","165","115",0.215,0.249,-0.034,0.389,0.436,-0.046999999999999986,0.299,0.331,-0.03200000000000003,"4.72","4.26","0.465"
"Suarez, Robert","663158","2025","165","108",0.205,0.253,-0.048000000000000015,0.265,0.391,-0.126,0.243,0.308,-0.065,"3.46","3.64","-0.184"
"Orze, Eric","679358","2025","164","109",0.224,0.216,0.008000000000000007,0.367,0.363,0.0040000000000000036,0.296,0.291,0.0050000000000000044,"2.72","3.22","-0.497"
"Santana, Dennis","642701","2025","164","120",0.178,0.228,-0.05000000000000002,0.243,0.383,-0.14,0.206,0.28,-0.07400000000000004,"1.45","2.97","-1.516"
"Akin, Keegan","669211","2025","163","106",0.25,0.242,0.008000000000000007,0.41,0.422,-0.01200000000000001,0.33,0.329,0.0010000000000000009,"3.32","4.21","-0.894"
"Hamilton, Ian","641656","2025","163","98",0.197,0.227,-0.03,0.343,0.399,-0.055999999999999994,0.29,0.32,-0.030000000000000027,"4.31","3.95","0.361"
"Romano, Jordan","605447","2025","162","105",0.268,0.237,0.031000000000000028,0.479,0.425,0.05399999999999999,0.35,0.321,0.02899999999999997,"6.99","3.98","3.011"
"Sousa, Bennett","656986","2025","162","103",0.209,0.214,-0.0050000000000000044,0.324,0.342,-0.018000000000000016,0.258,0.274,-0.016000000000000014,"2.59","2.84","-0.248"
"Erceg, Lucas","668674","2025","162","111",0.214,0.247,-0.033,0.29,0.383,-0.09300000000000003,0.26,0.307,-0.046999999999999986,"2.43","3.61","-1.176"
"Williams, Devin","642207","2025","160","90",0.201,0.211,-0.009999999999999981,0.295,0.344,-0.04899999999999999,0.268,0.299,-0.030999999999999972,"4.70","3.41","1.286"
"Rodríguez, Randy","678495","2025","160","95",0.173,0.191,-0.018000000000000016,0.233,0.295,-0.06199999999999997,0.204,0.238,-0.034,"0.84","2.14","-1.296"
"Rogers, Trevor","669432","2025","160","112",0.163,0.231,-0.068,0.224,0.365,-0.141,0.211,0.29,-0.07899999999999999,"1.74","3.20","-1.458"
"Fitts, Richard","690916","2025","160","114",0.259,0.267,-0.008000000000000007,0.462,0.491,-0.02899999999999997,0.333,0.355,-0.021999999999999964,"4.87","5.00","-0.135"
"Muñoz, Andrés","662253","2025","160","86",0.14,0.205,-0.06499999999999997,0.162,0.312,-0.15,0.192,0.271,-0.07900000000000001,"1.35","2.78","-1.43"
"Ginn, J.T.","669372","2025","160","105",0.264,0.24,0.02400000000000002,0.48,0.423,0.056999999999999995,0.343,0.31,0.03300000000000003,"4.50","3.69","0.81"
"Soto, Gregory","642397","2025","160","93",0.216,0.216,0,0.321,0.323,-0.0020000000000000018,0.293,0.296,-0.0030000000000000027,"3.96","3.34","0.623"
"Shugart, Chase","663767","2025","159","121",0.214,0.263,-0.049000000000000016,0.407,0.475,-0.068,0.297,0.358,-0.061,"3.69","5.10","-1.408"
"Chivilli, Angel","683409","2025","159","116",0.282,0.279,0.002999999999999947,0.458,0.469,-0.010999999999999954,0.355,0.357,-0.0020000000000000018,"5.91","5.07","0.844"
"Díaz, Edwin","621242","2025","158","77",0.154,0.16,-0.006000000000000005,0.213,0.227,-0.014000000000000012,0.226,0.24,-0.013999999999999985,"1.55","2.17","-0.621"
"Maton, Phil","664208","2025","158","90",0.206,0.188,0.017999999999999988,0.287,0.272,0.014999999999999958,0.271,0.26,0.01100000000000001,"2.35","2.55","-0.202"
"Gomber, Austin","596295","2025","158","131",0.336,0.273,0.063,0.584,0.538,0.04599999999999993,0.402,0.356,0.04600000000000004,"6.03","5.03","0.999"
"Montero, Rafael","606160","2025","158","99",0.197,0.218,-0.02099999999999999,0.314,0.359,-0.044999999999999984,0.272,0.302,-0.02999999999999997,"4.82","3.49","1.331"
"Leiter Jr., Mark","643410","2025","158","98",0.292,0.248,0.043999999999999984,0.396,0.373,0.02300000000000002,0.333,0.305,0.028000000000000025,"4.46","3.56","0.896"
"Fairbanks, Pete","664126","2025","158","111",0.196,0.231,-0.035,0.28,0.32,-0.03999999999999998,0.251,0.28,-0.029000000000000026,"2.84","2.97","-0.128"
"Helsley, Ryan","664854","2025","157","101",0.259,0.24,0.019000000000000017,0.367,0.39,-0.02300000000000002,0.303,0.303,0,"3.00","3.51","-0.51"
"Stanek, Ryne","592773","2025","157","101",0.254,0.232,0.021999999999999992,0.37,0.391,-0.02100000000000002,0.315,0.315,0,"4.15","3.82","0.334"
"Gonsolin, Tony","664062","2025","157","98",0.244,0.25,-0.006000000000000005,0.467,0.498,-0.030999999999999972,0.355,0.366,-0.01100000000000001,"5.00","5.37","-0.37"
"Ferguson, Tyler","621053","2025","156","98",0.248,0.23,0.017999999999999988,0.392,0.394,-0.0020000000000000018,0.333,0.331,0.0020000000000000018,"6.69","4.26","2.426"
"Finnegan, Kyle","640448","2025","156","111",0.254,0.244,0.010000000000000009,0.399,0.381,0.018000000000000016,0.31,0.307,0.0030000000000000027,"4.62","3.61","1.012"
"Sterner, Justin","686993","2025","156","99",0.218,0.216,0.0020000000000000018,0.368,0.385,-0.017000000000000015,0.303,0.308,-0.0050000000000000044,"4.00","3.64","0.36"
"Speier, Gabe","642100","2025","155","92",0.204,0.202,0.001999999999999974,0.345,0.33,0.014999999999999958,0.262,0.257,0.0050000000000000044,"2.56","2.49","0.07"
"Pérez, Eury","691587","2025","154","100",0.18,0.196,-0.016000000000000014,0.302,0.33,-0.028000000000000025,0.248,0.265,-0.017000000000000015,"3.23","2.65","0.581"
"Sasaki, Roki","808963","2025","154","105",0.225,0.266,-0.04100000000000001,0.411,0.513,-0.10200000000000004,0.339,0.389,-0.04999999999999999,"4.72","6.22","-1.502"
"Cruz, Steven","674444","2025","153","107",0.187,0.198,-0.01100000000000001,0.309,0.32,-0.01100000000000001,0.252,0.26,-0.008000000000000007,"2.77","2.55","0.219"
"Richardson, Lyon","680689","2025","153","107",0.231,0.271,-0.04000000000000001,0.338,0.399,-0.061,0.289,0.335,-0.04600000000000004,"3.67","4.38","-0.71"
"Jansen, Kenley","445276","2025","152","106",0.214,0.245,-0.031,0.386,0.499,-0.11299999999999999,0.282,0.336,-0.05400000000000005,"3.19","4.41","-1.219"
"Chapman, Aroldis","547973","2025","152","82",0.149,0.179,-0.03,0.227,0.305,-0.07799999999999999,0.196,0.239,-0.04299999999999998,"1.34","2.16","-0.821"
"Mears, Nick","683232","2025","152","110",0.207,0.262,-0.05500000000000002,0.329,0.438,-0.10899999999999999,0.247,0.319,-0.07200000000000001,"2.95","3.93","-0.98"
"Jackson, Luke","592426","2025","152","107",0.248,0.263,-0.015000000000000013,0.357,0.449,-0.09200000000000003,0.31,0.347,-0.03699999999999998,"4.11","4.75","-0.636"
"Cano, Yennier","666974","2025","152","102",0.274,0.235,0.039000000000000035,0.407,0.35,0.056999999999999995,0.324,0.288,0.03600000000000003,"4.54","3.15","1.392"
"García, Luis","472610","2025","151","104",0.28,0.285,-0.004999999999999949,0.432,0.46,-0.028000000000000025,0.339,0.351,-0.011999999999999955,"4.37","4.87","-0.499"
"Fluharty, Mason","689254","2025","151","96",0.212,0.215,-0.0030000000000000027,0.348,0.362,-0.014000000000000012,0.282,0.289,-0.007000000000000006,"5.25","3.17","2.08"
"Salazar, Eduardo","674285","2025","151","110",0.359,0.299,0.06,0.611,0.496,0.11499999999999999,0.445,0.381,0.064,"8.38","5.92","2.459"
"Wilson, Steven","621051","2025","150","98",0.248,0.279,-0.031000000000000028,0.344,0.439,-0.09500000000000003,0.306,0.355,-0.04899999999999999,"3.00","5.00","-2"
"Kranick, Max","668820","2025","150","118",0.239,0.272,-0.03300000000000003,0.38,0.465,-0.08500000000000002,0.284,0.34,-0.05600000000000005,"3.65","4.53","-0.881"
"Weaver, Luke","596133","2025","149","98",0.163,0.193,-0.03,0.333,0.406,-0.07300000000000001,0.245,0.286,-0.04099999999999998,"3.08","3.11","-0.031"
"Mejia, Juan","675848","2025","149","100",0.25,0.23,0.01999999999999999,0.439,0.343,0.09599999999999997,0.332,0.29,0.04200000000000004,"4.63","3.20","1.429"
"Miller, Mason","695243","2025","148","71",0.167,0.179,-0.011999999999999983,0.317,0.318,-0.0010000000000000009,0.261,0.274,-0.013000000000000012,"3.86","2.84","1.017"
"Palmquist, Carson","687223","2025","147","104",0.294,0.275,0.01899999999999996,0.588,0.566,0.02200000000000002,0.404,0.396,0.008000000000000007,"7.63","6.50","1.13"
"Cleavinger, Garrett","664076","2025","147","82",0.191,0.211,-0.01999999999999999,0.351,0.348,0.0030000000000000027,0.282,0.289,-0.007000000000000006,"2.48","3.17","-0.693"
"Glasnow, Tyler","607192","2025","145","82",0.164,0.216,-0.05199999999999999,0.297,0.372,-0.07500000000000001,0.255,0.303,-0.04799999999999999,"2.75","3.51","-0.76"
"Megill, Trevor","656730","2025","145","87",0.189,0.22,-0.031,0.283,0.37,-0.08700000000000002,0.24,0.288,-0.04799999999999999,"2.27","3.15","-0.879"
"Bednar, David","670280","2025","145","85",0.218,0.221,-0.0030000000000000027,0.316,0.38,-0.064,0.257,0.282,-0.024999999999999967,"2.25","3.02","-0.77"
"Montgomery, Mason","682254","2025","144","83",0.275,0.245,0.030000000000000027,0.433,0.414,0.019000000000000017,0.355,0.336,0.01899999999999996,"5.75","4.41","1.335"
"Johnson, Pierce","572955","2025","143","93",0.229,0.212,0.017000000000000015,0.366,0.371,-0.0050000000000000044,0.285,0.281,0.003999999999999948,"2.70","2.99","-0.29"
"Miller, Shelby","571946","2025","143","89",0.19,0.232,-0.04200000000000001,0.286,0.377,-0.09100000000000003,0.24,0.291,-0.05099999999999999,"1.98","3.22","-1.238"
"Thielbar, Caleb","573204","2025","143","96",0.169,0.191,-0.021999999999999992,0.269,0.293,-0.023999999999999966,0.221,0.24,-0.01899999999999999,"2.15","2.17","-0.02"
"Carrasco, Carlos","471911","2025","142","107",0.298,0.29,0.008000000000000007,0.527,0.47,0.05700000000000005,0.373,0.354,0.019000000000000017,"5.91","4.97","0.936"
"Bautista, Félix","642585","2025","142","69",0.134,0.158,-0.023999999999999994,0.244,0.283,-0.03899999999999998,0.247,0.268,-0.02100000000000002,"2.60","2.71","-0.114"
"Young, Brandon","687064","2025","141","99",0.317,0.258,0.059,0.619,0.468,0.15099999999999997,0.423,0.344,0.07900000000000001,"7.34","4.65","2.687"
"Romero, JoJo","668941","2025","141","90",0.218,0.201,0.016999999999999987,0.303,0.322,-0.019000000000000017,0.267,0.27,-0.0030000000000000027,"2.12","2.76","-0.642"
"Rogers, Taylor","573124","2025","140","87",0.239,0.227,0.011999999999999983,0.393,0.394,-0.0010000000000000009,0.317,0.315,0.0020000000000000018,"2.56","3.82","-1.262"
"Thompson, Ryan","657044","2025","140","97",0.283,0.246,0.03699999999999998,0.433,0.419,0.014000000000000012,0.339,0.315,0.02400000000000002,"4.45","3.82","0.634"
"Martin, Chris","455119","2025","140","98",0.248,0.27,-0.02200000000000002,0.353,0.439,-0.08600000000000002,0.268,0.309,-0.04099999999999998,"2.36","3.66","-1.301"
"Hoglund, Gunnar","680684","2025","139","105",0.299,0.313,-0.014000000000000012,0.583,0.636,-0.05300000000000005,0.397,0.419,-0.021999999999999964,"6.40","7.50","-1.098"
"Palencia, Daniel","694037","2025","139","87",0.175,0.224,-0.049000000000000016,0.27,0.346,-0.07599999999999996,0.229,0.278,-0.049000000000000016,"1.49","2.93","-1.444"
"Boushley, Caleb","676961","2025","138","98",0.287,0.296,-0.009000000000000008,0.45,0.491,-0.04099999999999998,0.341,0.358,-0.01699999999999996,"5.34","5.10","0.244"
"Lee, Chase","695445","2025","136","92",0.22,0.274,-0.05400000000000002,0.398,0.505,-0.10699999999999998,0.285,0.348,-0.063,"3.31","4.78","-1.469"
"Feltner, Ryan","663372","2025","135","98",0.27,0.231,0.03900000000000001,0.443,0.357,0.08600000000000002,0.337,0.289,0.04800000000000004,"4.75","3.17","1.577"
"Stewart, Brock","592779","2025","134","80",0.21,0.179,0.031,0.319,0.281,0.03799999999999998,0.271,0.243,0.028000000000000025,"2.50","2.23","0.275"
"Stroman, Marcus","573186","2025","134","102",0.273,0.284,-0.010999999999999954,0.463,0.5,-0.03699999999999998,0.351,0.368,-0.017000000000000015,"5.64","5.44","0.197"
"Hart, Kyle","606996","2025","134","105",0.256,0.253,0.0030000000000000027,0.496,0.456,0.03999999999999998,0.339,0.324,0.015000000000000013,"5.29","4.06","1.229"
"Herrin, Tim","682120","2025","132","77",0.214,0.231,-0.017000000000000015,0.35,0.357,-0.007000000000000006,0.328,0.34,-0.01200000000000001,"3.99","4.53","-0.541"
"Wesneski, Hayden","669713","2025","131","95",0.24,0.259,-0.019000000000000017,0.479,0.481,-0.0020000000000000018,0.323,0.335,-0.01200000000000001,"4.50","4.38","0.12"
"Cruz, Fernando","518585","2025","131","61",0.167,0.183,-0.015999999999999986,0.289,0.307,-0.018000000000000016,0.254,0.266,-0.01200000000000001,"3.00","2.67","0.33"
"Gibson, Cade","806188","2025","131","97",0.227,0.279,-0.05200000000000002,0.319,0.406,-0.08700000000000002,0.275,0.328,-0.05299999999999999,"2.58","4.18","-1.595"
"Yates, Kirby","489446","2025","131","74",0.241,0.223,0.017999999999999988,0.5,0.412,0.08800000000000002,0.351,0.313,0.03799999999999998,"4.45","3.77","0.681"
"Rolison, Ryan","669020","2025","130","100",0.333,0.286,0.04700000000000004,0.57,0.49,0.07999999999999996,0.411,0.361,0.04999999999999999,"7.45","5.20","2.248"
"Bergert, Ryan","686701","2025","130","85",0.193,0.247,-0.05399999999999999,0.333,0.454,-0.121,0.279,0.343,-0.064,"2.84","4.62","-1.778"