"entity_id","entity_name","entity_code","team_id","total_pitches","total_pitches","total_pitches_empty","median_seconds_empty","total_pitches_onbase","median_seconds_empty","freq_hot","freq_warm","freq_cold"
672761,"Pérez, Wenceel","Bat",116,290,290,164,14.544,126,14.544,0.3620689655172414,0.6344827586206897,0.0034482758620689655
686681,"Massey, Michael","Bat",118,301,301,198,14.601,103,14.601,0.3953488372093023,0.6046511627906976,0
643396,"Kiner-Falefa, Isiah","Bat",134,522,522,355,14.638,167,14.638,0.4042145593869732,0.5938697318007663,0.0019157088122605363
624431,"Trevino, Jose","Bat",113,290,290,185,14.748,105,14.748,0.3620689655172414,0.6379310344827587,0
624641,"Sosa, Edmundo","Bat",143,210,210,134,14.776,76,14.776,0.36666666666666664,0.6238095238095238,0.009523809523809525
683734,"Vaughn, Andrew","Bat",158,396,396,235,14.782,161,14.782,0.3409090909090909,0.6565656565656566,0.0025252525252525255
656180,"Adams, Riley","Bat",120,214,214,135,14.798,79,14.798,0.3691588785046729,0.6261682242990654,0.004672897196261682
663538,"Hoerner, Nico","Bat",112,594,594,356,14.8,238,14.8,0.37542087542087543,0.6212121212121212,0.003367003367003367
681146,"Bride, Jonah","Bat",142,309,309,190,14.848,119,14.848,0.33980582524271846,0.656957928802589,0.003236245954692557
641943,"Palacios, Joshua","Bat",145,212,212,152,14.849,60,14.849,0.3867924528301887,0.6132075471698113,0
700337,"Quero, Edgar","Bat",145,411,411,252,14.884,159,14.884,0.35279805352798055,0.6447688564476886,0.0024330900243309003
682928,"Abrams, CJ","Bat",120,624,624,454,14.902,170,14.902,0.391025641025641,0.6057692307692307,0.003205128205128205
686780,"Pagés, Pedro","Bat",138,413,413,239,14.914,174,14.914,0.3559322033898305,0.6319612590799032,0.012106537530266344
677588,"Tena, José","Bat",120,289,289,207,14.951,82,14.951,0.4083044982698962,0.5882352941176471,0.0034602076124567475
687401,"Ortiz, Joey","Bat",158,572,572,355,14.979,217,14.979,0.34440559440559443,0.6538461538461539,0.0017482517482517483
669289,"Espinal, Santiago","Bat",113,537,537,342,14.988,195,14.988,0.3538175046554935,0.6424581005586593,0.0037243947858473
691023,"Walker, Jordan","Bat",138,364,364,222,14.997,142,14.997,0.36538461538461536,0.6346153846153846,0
681460,"Baldwin, Brooks","Bat",145,302,302,176,15.018,126,15.018,0.2980132450331126,0.7019867549668874,0
805367,"Meidroth, Chase","Bat",145,761,761,511,15.043,250,15.043,0.3600525624178712,0.6320630749014454,0.00788436268068331
702332,"Durbin, Caleb","Bat",158,491,491,313,15.084,178,15.084,0.34826883910386963,0.6496945010183299,0.002036659877800407
663898,"Rodgers, Brendan","Bat",117,208,208,116,15.089,92,15.089,0.30288461538461536,0.6971153846153846,0
686217,"Frelick, Sal","Bat",158,731,731,498,15.101,233,15.101,0.3543091655266758,0.6429548563611491,0.0027359781121751026
641933,"O'Neill, Tyler","Bat",110,213,213,137,15.103,76,15.103,0.3192488262910798,0.676056338028169,0.004694835680751174
668930,"Turang, Brice","Bat",158,769,769,531,15.129,238,15.129,0.3550065019505852,0.6397919375812744,0.005201560468140442
680977,"Donovan, Brendan","Bat",138,756,756,473,15.143,283,15.143,0.3333333333333333,0.6626984126984127,0.003968253968253968
686668,"Doyle, Brenton","Bat",115,550,550,377,15.143,173,15.143,0.3690909090909091,0.6290909090909091,0.0018181818181818182
691026,"Winn, Masyn","Bat",138,765,765,486,15.152,279,15.152,0.330718954248366,0.665359477124183,0.00392156862745098
669242,"Edman, Tommy","Bat",119,474,474,308,15.153,166,15.153,0.3291139240506329,0.6666666666666666,0.004219409282700422
664774,"Wade Jr., LaMonte","Bat",108,525,525,309,15.154,216,15.154,0.2876190476190476,0.7123809523809523,0
661388,"Contreras, William","Bat",158,707,707,421,15.155,286,15.155,0.31541725601131543,0.6803394625176803,0.004243281471004243
672724,"Peraza, Oswald","Bat",147,229,229,134,15.159,95,15.159,0.3056768558951965,0.6899563318777293,0.004366812227074236
807713,"Shaw, Matt","Bat",112,412,412,220,15.162,192,15.162,0.2766990291262136,0.7087378640776699,0.014563106796116505
545341,"Grichuk, Randal","Bat",109,304,304,193,15.164,111,15.164,0.3125,0.6842105263157895,0.003289473684210526
666160,"Moniak, Mickey","Bat",115,363,363,224,15.184,139,15.184,0.3305785123966942,0.6694214876033058,0
605361,"Martini, Nick","Bat",115,213,213,152,15.199,61,15.199,0.30985915492957744,0.6901408450704225,0
663647,"Hayes, Ke'Bryan","Bat",134,674,674,392,15.2,282,15.2,0.2997032640949555,0.6973293768545994,0.002967359050445104
665926,"Giménez, Andrés","Bat",141,381,381,223,15.201,158,15.201,0.2887139107611549,0.7007874015748031,0.010498687664041995
808982,"Lee, Jung Hoo","Bat",137,776,776,504,15.213,272,15.213,0.30670103092783507,0.6907216494845361,0.002577319587628866
669357,"Gorman, Nolan","Bat",138,389,389,244,15.215,145,15.215,0.3264781491002571,0.6683804627249358,0.005141388174807198
605141,"Betts, Mookie","Bat",119,756,756,516,15.227,240,15.227,0.32936507936507936,0.667989417989418,0.0026455026455026454
578428,"Iglesias, Jose","Bat",135,428,428,261,15.228,167,15.228,0.2967289719626168,0.7032710280373832,0
663993,"Lowe, Nathaniel","Bat",120,826,826,468,15.229,358,15.229,0.3050847457627119,0.6924939467312349,0.002421307506053269
656555,"Hoskins, Rhys","Bat",158,678,678,389,15.233,289,15.233,0.30973451327433627,0.6887905604719764,0.0014749262536873156
624428,"Frazier, Adam","Bat",118,462,462,324,15.234,138,15.234,0.341991341991342,0.6515151515151515,0.006493506493506494
669397,"Allen, Nick","Bat",144,525,525,320,15.235,205,15.235,0.30095238095238097,0.6895238095238095,0.009523809523809525
456781,"Solano, Donovan","Bat",136,278,278,145,15.236,133,15.236,0.27697841726618705,0.7194244604316546,0.0035971223021582736
681624,"Pages, Andy","Bat",119,552,552,325,15.239,227,15.239,0.28442028985507245,0.7083333333333334,0.007246376811594203
687363,"Scott II, Victor","Bat",138,558,558,346,15.244,212,15.244,0.2939068100358423,0.7007168458781362,0.005376344086021506
676572,"Wagaman, Eric","Bat",146,627,627,386,15.249,241,15.249,0.31100478468899523,0.6858054226475279,0.003189792663476874
666149,"Fitzgerald, Tyler","Bat",137,336,336,213,15.253,123,15.253,0.32142857142857145,0.6666666666666666,0.011904761904761904
676391,"Clement, Ernie","Bat",141,475,475,308,15.26,167,15.26,0.3178947368421053,0.6778947368421052,0.004210526315789474
664238,"Moore, Dylan","Bat",136,346,346,231,15.26,115,15.26,0.3236994219653179,0.6705202312138728,0.005780346820809248
502054,"Pham, Tommy","Bat",134,499,499,304,15.263,195,15.263,0.3046092184368738,0.6933867735470942,0.002004008016032064
657041,"Thomas, Lane","Bat",114,259,259,136,15.266,123,15.266,0.24324324324324326,0.749034749034749,0.007722007722007722
641487,"Crawford, J.P.","Bat",136,844,844,524,15.274,320,15.274,0.3068720379146919,0.6883886255924171,0.004739336492890996
668942,"Rojas, Josh","Bat",145,323,323,203,15.277,120,15.277,0.32507739938080493,0.6687306501547987,0.006191950464396285
680757,"Kwan, Steven","Bat",114,930,930,692,15.289,238,15.289,0.34086021505376346,0.6591397849462366,0
641584,"Fraley, Jake","Bat",113,270,270,170,15.289,100,15.289,0.32592592592592595,0.674074074074074,0
694192,"Chourio, Jackson","Bat",158,600,600,409,15.294,191,15.294,0.3233333333333333,0.6716666666666666,0.005
643217,"Benintendi, Andrew","Bat",145,466,466,265,15.301,201,15.301,0.27896995708154504,0.7167381974248928,0.004291845493562232
672695,"Perdomo, Geraldo","Bat",109,894,894,558,15.302,336,15.302,0.32662192393736017,0.6700223713646533,0.003355704697986577
667472,"Myers, Dane","Bat",146,400,400,254,15.304,146,15.304,0.3075,0.69,0.0025
669701,"Smith, Josh","Bat",140,655,655,467,15.306,188,15.306,0.3480916030534351,0.6458015267175573,0.0061068702290076335
671739,"Harris II, Michael","Bat",144,509,509,298,15.322,211,15.322,0.29469548133595286,0.7033398821218074,0.0019646365422396855
672820,"Sosa, Lenyn","Bat",145,457,457,237,15.326,220,15.326,0.26695842450765866,0.7330415754923414,0
673357,"Robert Jr., Luis","Bat",145,447,447,253,15.334,194,15.334,0.2975391498881432,0.7002237136465325,0.0022371364653243847
571448,"Arenado, Nolan","Bat",138,587,587,306,15.35,281,15.35,0.24361158432708688,0.747870528109029,0.008517887563884156
678554,"Mead, Curtis","Bat",139,231,231,137,15.353,94,15.353,0.3203463203463203,0.670995670995671,0.008658008658008658
671218,"Ramos, Heliot","Bat",137,756,756,482,15.355,274,15.355,0.30952380952380953,0.6865079365079365,0.003968253968253968
666969,"García, Adolis","Bat",140,593,593,353,15.356,240,15.356,0.3102866779089376,0.6829679595278246,0.006745362563237774
676475,"Burleson, Alec","Bat",138,525,525,303,15.36,222,15.36,0.2857142857142857,0.7085714285714285,0.005714285714285714
701762,"Kurtz, Nick","Bat",133,503,503,295,15.362,208,15.362,0.2982107355864811,0.6998011928429424,0.0019880715705765406
672016,"Clarke, Denzel","Bat",133,247,247,168,15.364,79,15.364,0.31983805668016196,0.6761133603238867,0.004048582995951417
668709,"Bleday, JJ","Bat",133,405,405,263,15.368,142,15.368,0.3012345679012346,0.6987654320987654,0
669707,"Triolo, Jared","Bat",134,247,247,155,15.382,92,15.382,0.3076923076923077,0.6882591093117408,0.004048582995951417
686797,"Lee, Brooks","Bat",142,496,496,293,15.386,203,15.386,0.3064516129032258,0.6935483870967742,0
695578,"Wood, James","Bat",120,950,950,611,15.388,339,15.388,0.30736842105263157,0.6894736842105263,0.003157894736842105
656775,"Mullins, Cedric","Bat",110,610,610,378,15.39,232,15.39,0.27704918032786885,0.719672131147541,0.003278688524590164
457705,"McCutchen, Andrew","Bat",134,673,673,432,15.397,241,15.397,0.2897473997028232,0.7028231797919762,0.007429420505200594
592885,"Yelich, Christian","Bat",158,753,753,443,15.398,310,15.398,0.28419654714475434,0.7144754316069057,0.0013280212483399733
645277,"Albies, Ozzie","Bat",144,624,624,368,15.404,256,15.404,0.28525641025641024,0.7131410256410257,0.0016025641025641025
696285,"Young, Jacob","Bat",120,408,408,290,15.407,118,15.407,0.32107843137254904,0.6764705882352942,0.0024509803921568627
571657,"Farmer, Kyle","Bat",115,361,361,239,15.407,122,15.407,0.32132963988919666,0.6786703601108033,0
689414,"Hicks, Liam","Bat",146,389,389,240,15.409,149,15.409,0.31876606683804626,0.6812339331619537,0
595879,"Báez, Javier","Bat",116,439,439,295,15.41,144,15.41,0.32801822323462415,0.6719817767653758,0
656305,"Chapman, Matt","Bat",137,647,647,359,15.411,288,15.411,0.27202472952086554,0.7264296754250387,0.0015455950540958269
650333,"Arraez, Luis","Bat",135,643,643,415,15.414,228,15.414,0.3203732503888025,0.6749611197511665,0.004665629860031105
664728,"Isbel, Kyle","Bat",118,430,430,292,15.422,138,15.422,0.30697674418604654,0.6906976744186046,0.002325581395348837
694497,"Carter, Evan","Bat",140,292,292,186,15.425,106,15.425,0.2773972602739726,0.7157534246575342,0.00684931506849315
669743,"Call, Alex","Bat",120,422,422,256,15.428,166,15.428,0.2796208530805687,0.7156398104265402,0.004739336492890996
678246,"Vargas, Miguel","Bat",145,771,771,459,15.43,312,15.43,0.2788586251621271,0.7146562905317769,0.00648508430609598
663457,"Nootbaar, Lars","Bat",138,836,836,559,15.437,277,15.437,0.3133971291866029,0.6866028708133971,0
543877,"Vázquez, Christian","Bat",142,314,314,186,15.441,128,15.441,0.28343949044585987,0.7165605095541401,0
691777,"Muncy, Max","Bat",133,315,315,196,15.441,119,15.441,0.30158730158730157,0.6952380952380952,0.0031746031746031746
657656,"Laureano, Ramón","Bat",110,473,473,232,15.445,241,15.445,0.22832980972515857,0.7674418604651163,0.004228329809725159
527038,"Flores, Wilmer","Bat",137,707,707,368,15.445,339,15.445,0.24611032531824611,0.751060820367751,0.002828854314002829
671056,"Herrera, Iván","Bat",138,378,378,220,15.446,158,15.446,0.25925925925925924,0.7380952380952381,0.0026455026455026454
670770,"Friedl, TJ","Bat",113,866,866,618,15.446,248,15.446,0.3094688221709007,0.6859122401847575,0.004618937644341801
665019,"Clemens, Kody","Bat",142,316,316,193,15.447,123,15.447,0.2848101265822785,0.7151898734177216,0
573262,"Yastrzemski, Mike","Bat",137,697,697,443,15.454,254,15.454,0.2769010043041607,0.7187948350071736,0.00430416068866571
672580,"Garcia, Maikel","Bat",118,769,769,484,15.463,285,15.463,0.2951885565669701,0.7035110533159948,0.0013003901170351106
663616,"Larnach, Trevor","Bat",142,700,700,425,15.475,275,15.475,0.2557142857142857,0.7371428571428571,0.007142857142857143
553869,"Díaz, Elias","Bat",135,333,333,185,15.477,148,15.477,0.25825825825825827,0.7267267267267268,0.015015015015015015
663697,"India, Jonathan","Bat",118,823,823,592,15.477,231,15.477,0.3219927095990279,0.6743620899149453,0.0036452004860267314
608324,"Bregman, Alex","Bat",111,475,475,262,15.479,213,15.479,0.2694736842105263,0.728421052631579,0.002105263157894737
810938,"Williamson, Ben","Bat",136,505,505,302,15.482,203,15.482,0.27722772277227725,0.7188118811881188,0.0039603960396039604
687597,"Beck, Jordan","Bat",115,649,649,415,15.483,234,15.483,0.29121725731895226,0.7026194144838213,0.0061633281972265025
608369,"Seager, Corey","Bat",140,486,486,300,15.49,186,15.49,0.28189300411522633,0.7160493827160493,0.00205761316872428
650490,"Díaz, Yandy","Bat",139,773,773,471,15.505,302,15.505,0.2703751617076326,0.720569210866753,0.009055627425614488
455117,"Maldonado, Martín","Bat",135,239,239,176,15.506,63,15.506,0.3305439330543933,0.6652719665271967,0.0041841004184100415
669234,"Malloy, Justyn-Henry","Bat",116,254,254,168,15.512,86,15.512,0.2992125984251969,0.6929133858267716,0.007874015748031496
605137,"Bell, Josh","Bat",120,574,574,355,15.513,219,15.513,0.31881533101045295,0.6794425087108014,0.0017421602787456446
543760,"Semien, Marcus","Bat",140,743,743,467,15.514,276,15.514,0.29475100942126514,0.6985195154777928,0.006729475100942127
649966,"Urías, Luis","Bat",133,500,500,323,15.518,177,15.518,0.282,0.702,0.016
668715,"Steer, Spencer","Bat",113,667,667,423,15.523,244,15.523,0.2818590704647676,0.7151424287856072,0.0029985007496251873
596019,"Lindor, Francisco","Bat",121,799,799,572,15.525,227,15.525,0.3016270337922403,0.6958698372966208,0.0025031289111389237
518692,"Freeman, Freddie","Bat",119,600,600,366,15.528,234,15.528,0.2633333333333333,0.7316666666666667,0.005
668901,"Vientos, Mark","Bat",121,405,405,235,15.532,170,15.532,0.2617283950617284,0.7234567901234568,0.014814814814814815
657077,"Verdugo, Alex","Bat",144,455,455,271,15.534,184,15.534,0.2571428571428571,0.7428571428571429,0
543309,"Higashioka, Kyle","Bat",140,361,361,235,15.535,126,15.535,0.2853185595567867,0.7146814404432132,0
682177,"Schneemann, Daniel","Bat",114,448,448,262,15.543,186,15.543,0.2767857142857143,0.7232142857142857,0
671221,"Waters, Drew","Bat",118,302,302,201,15.545,101,15.545,0.271523178807947,0.7218543046357616,0.006622516556291391
693304,"Gonzales, Nick","Bat",134,224,224,153,15.546,71,15.546,0.2767857142857143,0.7098214285714286,0.013392857142857142
642201,"White, Eli","Bat",144,281,281,177,15.546,104,15.546,0.30604982206405695,0.693950177935943,0
686555,"Collins, Isaac","Bat",158,486,486,276,15.548,210,15.548,0.24897119341563786,0.7448559670781894,0.006172839506172839
683002,"Henderson, Gunnar","Bat",110,672,672,438,15.55,234,15.55,0.2857142857142857,0.7113095238095238,0.002976190476190476
457759,"Turner, Justin","Bat",112,276,276,171,15.556,105,15.556,0.2753623188405797,0.717391304347826,0.007246376811594203
643565,"Tauchman, Mike","Bat",145,380,380,280,15.557,100,15.557,0.3368421052631579,0.6605263157894737,0.002631578947368421
657757,"Sheets, Gavin","Bat",135,740,740,435,15.56,305,15.56,0.26756756756756755,0.7297297297297297,0.002702702702702703
660688,"Ruiz, Keibert","Bat",120,353,353,232,15.56,121,15.56,0.28611898016997167,0.7110481586402266,0.0028328611898017
691718,"Crow-Armstrong, Pete","Bat",112,503,503,297,15.565,206,15.565,0.2664015904572565,0.7276341948310139,0.005964214711729622
516782,"Marte, Starling","Bat",121,304,304,168,15.565,136,15.565,0.21052631578947367,0.7828947368421053,0.006578947368421052
671732,"Butler, Lawrence","Bat",133,788,788,545,15.566,243,15.566,0.31091370558375636,0.6852791878172588,0.0038071065989847717
606192,"Hernández, Teoscar","Bat",119,560,560,342,15.579,218,15.579,0.26964285714285713,0.7285714285714285,0.0017857142857142857
669394,"Burger, Jake","Bat",140,347,347,213,15.589,134,15.589,0.27089337175792505,0.729106628242075,0
669065,"Stowers, Kyle","Bat",146,494,494,325,15.595,169,15.595,0.2935222672064777,0.7004048582995951,0.006072874493927126
805779,"Wilson, Jacob","Bat",133,562,562,347,15.602,215,15.602,0.25444839857651247,0.7437722419928826,0.0017793594306049821
672515,"Moreno, Gabriel","Bat",109,358,358,209,15.603,149,15.603,0.25139664804469275,0.7374301675977654,0.0111731843575419
624424,"Conforto, Michael","Bat",119,552,552,362,15.604,190,15.604,0.2807971014492754,0.7192028985507246,0
672640,"Lopez, Otto","Bat",146,594,594,341,15.605,253,15.605,0.25925925925925924,0.7356902356902357,0.005050505050505051
608070,"Ramírez, José","Bat",114,756,756,518,15.611,238,15.611,0.30423280423280424,0.6917989417989417,0.003968253968253968
521692,"Perez, Salvador","Bat",118,501,501,317,15.611,184,15.611,0.2894211576846307,0.7045908183632734,0.005988023952095809
668904,"Lewis, Royce","Bat",142,276,276,165,15.621,111,15.621,0.2608695652173913,0.7391304347826086,0
686948,"Baldwin, Drake","Bat",144,420,420,240,15.622,180,15.622,0.2714285714285714,0.7238095238095238,0.004761904761904762
678882,"Rafaela, Ceddanne","Bat",111,429,429,272,15.624,157,15.624,0.27972027972027974,0.710955710955711,0.009324009324009324
553993,"Suárez, Eugenio","Bat",109,703,703,415,15.632,288,15.632,0.27311522048364156,0.7240398293029872,0.002844950213371266
664056,"Bader, Harrison","Bat",142,551,551,335,15.634,216,15.634,0.2885662431941924,0.705989110707804,0.0054446460980036296
682998,"Carroll, Corbin","Bat",109,616,616,406,15.639,210,15.639,0.2711038961038961,0.7272727272727273,0.0016233766233766235
686469,"Pasquantino, Vinnie","Bat",118,661,661,383,15.64,278,15.64,0.23903177004538578,0.7594553706505295,0.0015128593040847202
663743,"Fortes, Nick","Bat",146,215,215,138,15.641,77,15.641,0.25116279069767444,0.7441860465116279,0.004651162790697674
669127,"Langeliers, Shea","Bat",133,479,479,295,15.646,184,15.646,0.2651356993736952,0.7265135699373695,0.008350730688935281
656716,"McKinstry, Zach","Bat",116,659,659,388,15.65,271,15.65,0.23672230652503792,0.7617602427921093,0.0015174506828528073
663698,"Bart, Joey","Bat",134,427,427,220,15.651,207,15.651,0.1990632318501171,0.7939110070257611,0.00702576112412178
670156,"Mastrobuoni, Miles","Bat",136,314,314,203,15.663,111,15.663,0.24522292993630573,0.7547770700636943,0
656976,"Smith, Pavin","Bat",109,557,557,341,15.665,216,15.665,0.26570915619389585,0.7271095152603232,0.00718132854578097
690993,"Keith, Colt","Bat",116,582,582,352,15.667,230,15.667,0.26804123711340205,0.7216494845360825,0.010309278350515464
642715,"Adames, Willy","Bat",137,812,812,530,15.669,282,15.669,0.270935960591133,0.7253694581280788,0.003694581280788177
682657,"Martínez, Angel","Bat",114,425,425,287,15.67,138,15.67,0.2847058823529412,0.7058823529411765,0.009411764705882352
647351,"Toro, Abraham","Bat",111,362,362,225,15.67,137,15.67,0.26243093922651933,0.7375690607734806,0
670042,"Raley, Luke","Bat",136,237,237,128,15.676,109,15.676,0.2616033755274262,0.7383966244725738,0
650402,"Torres, Gleyber","Bat",116,803,803,573,15.684,230,15.684,0.29265255292652553,0.7073474470734745,0
593871,"Polanco, Jorge","Bat",136,539,539,334,15.685,205,15.685,0.274582560296846,0.7142857142857143,0.011131725417439703
677594,"Rodríguez, Julio","Bat",136,600,600,368,15.685,232,15.685,0.26166666666666666,0.73,0.008333333333333333
677587,"Rocchio, Brayan","Bat",114,234,234,144,15.686,90,15.686,0.24786324786324787,0.7478632478632479,0.004273504273504274
660271,"Ohtani, Shohei","Bat",119,816,816,585,15.687,231,15.687,0.3284313725490196,0.6629901960784313,0.00857843137254902
680777,"Jeffers, Ryan","Bat",142,634,634,399,15.688,235,15.688,0.2665615141955836,0.7287066246056783,0.00473186119873817
666023,"Fermin, Freddy","Bat",118,345,345,250,15.689,95,15.689,0.2898550724637681,0.7072463768115942,0.002898550724637681
666134,"Jones, Nolan","Bat",114,543,543,353,15.696,190,15.696,0.23941068139963168,0.7550644567219152,0.0055248618784530384
681351,"O'Hoppe, Logan","Bat",108,499,499,299,15.699,200,15.699,0.2905811623246493,0.7074148296593187,0.002004008016032064
641343,"Bauers, Jake","Bat",158,252,252,119,15.703,133,15.703,0.23809523809523808,0.7579365079365079,0.003968253968253968
621438,"Taylor, Tyrone","Bat",121,470,470,287,15.711,183,15.711,0.2553191489361702,0.7361702127659574,0.00851063829787234
681393,"Norby, Connor","Bat",146,371,371,231,15.714,140,15.714,0.2587601078167116,0.7358490566037735,0.005390835579514825
621493,"Ward, Taylor","Bat",108,989,989,538,15.718,451,15.718,0.23356926188068755,0.7613751263902933,0.005055611729019211
694374,"Tawa, Tim","Bat",109,271,271,162,15.724,109,15.724,0.24354243542435425,0.7564575645756457,0
682985,"Greene, Riley","Bat",116,752,752,448,15.725,304,15.725,0.28324468085106386,0.7101063829787234,0.006648936170212766
672744,"Canario, Alexander","Bat",134,240,240,143,15.726,97,15.726,0.2875,0.7125,0
663886,"Stephenson, Tyler","Bat",113,445,445,264,15.727,181,15.727,0.25842696629213485,0.7415730337078652,0
671277,"García Jr., Luis","Bat",120,500,500,312,15.729,188,15.729,0.282,0.714,0.004
660670,"Acuña Jr., Ronald","Bat",144,443,443,318,15.73,125,15.73,0.3182844243792325,0.6749435665914221,0.006772009029345372
666182,"Bichette, Bo","Bat",141,673,673,419,15.734,254,15.734,0.2555720653789004,0.736998514115899,0.007429420505200594
682663,"Ramírez, Agustín","Bat",146,478,478,305,15.738,173,15.738,0.2803347280334728,0.7175732217573222,0.0020920502092050207
641598,"Garver, Mitch","Bat",136,361,361,202,15.743,159,15.743,0.23545706371191136,0.7590027700831025,0.00554016620498615
665161,"Peña, Jeremy","Bat",117,489,489,337,15.753,152,15.753,0.3006134969325153,0.6912065439672802,0.0081799591002045
701538,"Merrill, Jackson","Bat",135,355,355,203,15.753,152,15.753,0.30985915492957744,0.6901408450704225,0
808975,"Kim, Hyeseong","Bat",119,233,233,145,15.753,88,15.753,0.2875536480686695,0.7081545064377682,0.004291845493562232
665487,"Tatis Jr., Fernando","Bat",135,773,773,557,15.758,216,15.758,0.3001293661060802,0.6921086675291074,0.007761966364812419
643289,"Dubón, Mauricio","Bat",117,289,289,171,15.761,118,15.761,0.2491349480968858,0.7508650519031141,0
676059,"Westburg, Jordan","Bat",110,354,354,232,15.766,122,15.766,0.23163841807909605,0.7598870056497176,0.00847457627118644
670623,"Paredes, Isaac","Bat",117,808,808,498,15.768,310,15.768,0.23391089108910892,0.7586633663366337,0.007425742574257425
677800,"Abreu, Wilyer","Bat",111,489,489,298,15.77,191,15.77,0.24948875255623723,0.7484662576687117,0.002044989775051125
669720,"Hays, Austin","Bat",113,310,310,176,15.777,134,15.777,0.19032258064516128,0.8064516129032258,0.0032258064516129032
672356,"Arias, Gabriel","Bat",114,342,342,232,15.778,110,15.778,0.2719298245614035,0.7280701754385965,0
683011,"Volpe, Anthony","Bat",147,781,781,482,15.779,299,15.779,0.2599231754161332,0.7298335467349552,0.010243277848911651
664770,"Lukes, Nathan","Bat",141,397,397,245,15.784,152,15.784,0.2594458438287154,0.7329974811083123,0.007556675062972292
664034,"France, Ty","Bat",142,598,598,362,15.785,236,15.785,0.2591973244147157,0.7357859531772575,0.005016722408026756
650489,"Castro, Willi","Bat",142,473,473,275,15.786,198,15.786,0.24101479915433405,0.7526427061310782,0.006342494714587738
802415,"Simpson, Chandler","Bat",139,363,363,257,15.79,106,15.79,0.256198347107438,0.7410468319559229,0.0027548209366391185
660821,"Sánchez, Jesús","Bat",146,490,490,285,15.793,205,15.793,0.22857142857142856,0.7591836734693878,0.012244897959183673
687462,"Horwitz, Spencer","Bat",134,403,403,243,15.793,160,15.793,0.2555831265508685,0.7419354838709677,0.0024813895781637717
642133,"Tellez, Rowdy","Bat",140,359,359,224,15.797,135,15.797,0.2618384401114206,0.7298050139275766,0.008356545961002786
593428,"Bogaerts, Xander","Bat",135,788,788,463,15.805,325,15.805,0.23223350253807107,0.7588832487309645,0.008883248730964468
700932,"Manzardo, Kyle","Bat",114,511,511,299,15.807,212,15.807,0.2172211350293542,0.776908023483366,0.005870841487279843
681481,"Carpenter, Kerry","Bat",116,387,387,255,15.809,132,15.809,0.24806201550387597,0.7467700258397932,0.00516795865633075
678009,"Meadows, Parker","Bat",116,257,257,186,15.813,71,15.813,0.2918287937743191,0.708171206225681,0
694671,"Langford, Wyatt","Bat",140,643,643,461,15.813,182,15.813,0.27993779160186627,0.7169517884914464,0.003110419906687403
680718,"Barger, Addison","Bat",141,473,473,272,15.814,201,15.814,0.2452431289640592,0.7505285412262156,0.004228329809725159
502671,"Goldschmidt, Paul","Bat",147,666,666,417,15.816,249,15.816,0.23273273273273273,0.7642642642642643,0.003003003003003003
666158,"Lux, Gavin","Bat",113,608,608,365,15.819,243,15.819,0.2450657894736842,0.7483552631578947,0.006578947368421052
680574,"McLain, Matt","Bat",113,743,743,468,15.821,275,15.821,0.2570659488559892,0.7388963660834454,0.004037685060565276
608348,"Kelly, Carson","Bat",112,445,445,275,15.823,170,15.823,0.20449438202247192,0.7910112359550562,0.0044943820224719105
683146,"Baty, Brett","Bat",121,469,469,275,15.824,194,15.824,0.22174840085287847,0.7739872068230277,0.0042643923240938165
694384,"Schanuel, Nolan","Bat",108,732,732,476,15.826,256,15.826,0.2540983606557377,0.7418032786885246,0.004098360655737705
666310,"Naylor, Bo","Bat",114,482,482,303,15.827,179,15.827,0.2551867219917012,0.7365145228215768,0.008298755186721992
596146,"Kepler, Max","Bat",143,551,551,311,15.827,240,15.827,0.21960072595281308,0.7767695099818511,0.003629764065335753
608701,"Refsnyder, Rob","Bat",111,272,272,148,15.828,124,15.828,0.20955882352941177,0.7830882352941176,0.007352941176470588
668227,"Arozarena, Randy","Bat",136,869,869,503,15.834,366,15.834,0.2554660529344074,0.7364787111622555,0.00805523590333717
607208,"Turner, Trea","Bat",143,724,724,478,15.835,246,15.835,0.28591160220994477,0.7085635359116023,0.0055248618784530384
682829,"De La Cruz, Elly","Bat",113,773,773,460,15.837,313,15.837,0.23285899094437257,0.7619663648124192,0.00517464424320828
691406,"Caminero, Junior","Bat",139,639,639,373,15.838,266,15.838,0.22848200312989045,0.7668231611893583,0.004694835680751174
686611,"Crews, Dylan","Bat",120,271,271,161,15.84,110,15.84,0.25461254612546125,0.7416974169741697,0.0036900369003690036
696100,"Goodman, Hunter","Bat",115,497,497,302,15.84,195,15.84,0.23138832997987926,0.7625754527162978,0.006036217303822937
664023,"Happ, Ian","Bat",112,834,834,579,15.848,255,15.848,0.23621103117505995,0.7553956834532374,0.008393285371702638
596103,"Slater, Austin","Bat",145,213,213,115,15.856,98,15.856,0.2112676056338028,0.7793427230046949,0.009389671361502348
679529,"Torkelson, Spencer","Bat",116,715,715,423,15.858,292,15.858,0.24055944055944056,0.7468531468531469,0.012587412587412588
669257,"Smith, Will","Bat",119,731,731,444,15.858,287,15.858,0.24897400820793433,0.7482900136798906,0.0027359781121751026
620443,"Torrens, Luis","Bat",121,355,355,219,15.859,136,15.859,0.23380281690140844,0.7633802816901408,0.0028169014084507044
677950,"Thomas, Alek","Bat",109,451,451,284,15.859,167,15.859,0.23503325942350334,0.7605321507760532,0.004434589800443459
500743,"Rojas, Miguel","Bat",119,267,267,159,15.862,108,15.862,0.20973782771535582,0.7827715355805244,0.00749063670411985
518595,"d'Arnaud, Travis","Bat",108,217,217,149,15.874,68,15.874,0.2764976958525346,0.7142857142857143,0.009216589861751152
656811,"O'Hearn, Ryan","Bat",110,591,591,330,15.877,261,15.877,0.22673434856175972,0.7698815566835872,0.00338409475465313
621043,"Correa, Carlos","Bat",142,591,591,342,15.888,249,15.888,0.2131979695431472,0.7766497461928934,0.01015228426395939
663853,"Gonzalez, Romy","Bat",111,244,244,154,15.889,90,15.889,0.2540983606557377,0.7459016393442623,0
672386,"Kirk, Alejandro","Bat",141,588,588,358,15.89,230,15.89,0.24319727891156462,0.7534013605442177,0.003401360544217687
673548,"Suzuki, Seiya","Bat",112,878,878,513,15.892,365,15.892,0.23120728929384965,0.7608200455580866,0.007972665148063782
606466,"Marte, Ketel","Bat",109,555,555,358,15.897,197,15.897,0.2756756756756757,0.7189189189189189,0.005405405405405406
542303,"Ozuna, Marcell","Bat",144,841,841,471,15.897,370,15.897,0.2390011890606421,0.7538644470868014,0.007134363852556481
624585,"Soler, Jorge","Bat",108,614,614,401,15.901,213,15.901,0.26547231270358307,0.7263843648208469,0.008143322475570033
676694,"Meyers, Jake","Bat",117,491,491,307,15.902,184,15.902,0.22810590631364563,0.7678207739307535,0.004073319755600814
660162,"Moncada, Yoán","Bat",108,260,260,163,15.904,97,15.904,0.26153846153846155,0.7307692307692307,0.007692307692307693
673962,"Jung, Josh","Bat",140,446,446,279,15.922,167,15.922,0.2623318385650224,0.7309417040358744,0.006726457399103139
624413,"Alonso, Pete","Bat",121,805,805,424,15.924,381,15.924,0.19751552795031055,0.7925465838509317,0.009937888198757764
641857,"McMahon, Ryan","Bat",115,753,753,474,15.926,279,15.926,0.2536520584329349,0.7436918990703851,0.0026560424966799467
680776,"Duran, Jarren","Bat",111,787,787,527,15.937,260,15.937,0.24396442185514614,0.7534942820838628,0.0025412960609911056
666152,"Hamilton, David","Bat",111,214,214,125,15.943,89,15.943,0.22897196261682243,0.7616822429906542,0.009345794392523364
645444,"Herrera, Jose","Bat",109,311,311,209,15.947,102,15.947,0.27009646302250806,0.7266881028938906,0.003215434083601286
570482,"Urshela, Gio","Bat",133,218,218,139,15.949,79,15.949,0.28440366972477066,0.7155963302752294,0
607043,"Nimmo, Brandon","Bat",121,722,722,463,15.949,259,15.949,0.22714681440443213,0.7631578947368421,0.009695290858725761
691594,"Sanoja, Javier","Bat",146,332,332,217,15.95,115,15.95,0.24096385542168675,0.7560240963855421,0.0030120481927710845
680779,"Davis, Henry","Bat",134,222,222,121,15.95,101,15.95,0.22072072072072071,0.7657657657657657,0.013513513513513514
642136,"Thaiss, Matt","Bat",139,274,274,167,15.951,107,15.951,0.17153284671532848,0.8248175182481752,0.0036496350364963502
575929,"Contreras, Willson","Bat",138,640,640,339,15.954,301,15.954,0.1953125,0.796875,0.0078125
650859,"Rengifo, Luis","Bat",108,504,504,344,15.956,160,15.956,0.25992063492063494,0.7341269841269841,0.005952380952380952
630105,"Cronenworth, Jake","Bat",135,567,567,343,15.963,224,15.963,0.2328042328042328,0.763668430335097,0.003527336860670194
693307,"Dingler, Dillon","Bat",116,428,428,241,15.971,187,15.971,0.20093457943925233,0.7920560747663551,0.007009345794392523
682626,"Alvarez, Francisco","Bat",121,246,246,159,15.973,87,15.973,0.26422764227642276,0.7317073170731707,0.0040650406504065045
669911,"Toglia, Michael","Bat",115,564,564,375,15.974,189,15.974,0.2712765957446808,0.7269503546099291,0.0017730496453900709
621020,"Swanson, Dansby","Bat",112,671,671,441,15.978,230,15.978,0.22801788375558868,0.7615499254843517,0.010432190760059613
621566,"Olson, Matt","Bat",144,911,911,531,15.98,380,15.98,0.23819978046103182,0.7541163556531284,0.007683863885839737
545361,"Trout, Mike","Bat",108,733,733,449,15.99,284,15.99,0.24829467939972716,0.7489768076398363,0.002728512960436562
663586,"Riley, Austin","Bat",144,705,705,423,15.992,282,15.992,0.2524822695035461,0.7460992907801418,0.0014184397163120568
671289,"Freeman, Tyler","Bat",115,368,368,251,16.005,117,16.005,0.26358695652173914,0.7364130434782609,0
623993,"Santander, Anthony","Bat",141,359,359,182,16.007,177,16.007,0.16434540389972144,0.8272980501392758,0.008356545961002786
592206,"Castellanos, Nick","Bat",143,500,500,300,16.009,200,16.009,0.222,0.772,0.006
691176,"Domínguez, Jasson","Bat",147,531,531,339,16.014,192,16.014,0.2806026365348399,0.7156308851224106,0.003766478342749529
700242,"Sweeney, Trey","Bat",116,368,368,212,16.015,156,16.015,0.24456521739130435,0.7527173913043478,0.002717391304347826
641355,"Bellinger, Cody","Bat",147,678,678,377,16.022,301,16.022,0.2448377581120944,0.7522123893805309,0.0029498525073746312
682668,"Acuña, Luisangel","Bat",121,260,260,155,16.023,105,16.023,0.22692307692307692,0.7692307692307693,0.0038461538461538464
665489,"Guerrero Jr., Vladimir","Bat",141,799,799,486,16.029,313,16.029,0.22903629536921152,0.7634543178973717,0.007509386733416771
683737,"Busch, Michael","Bat",112,597,597,380,16.041,217,16.041,0.23283082077051925,0.7654941373534339,0.0016750418760469012
666181,"Benson, Will","Bat",113,285,285,169,16.051,116,16.051,0.2736842105263158,0.7228070175438597,0.0035087719298245615
691016,"Soderstrom, Tyler","Bat",133,640,640,389,16.06,251,16.06,0.2546875,0.7421875,0.003125
665750,"Taveras, Leody","Bat",136,281,281,183,16.066,98,16.066,0.2526690391459075,0.7366548042704626,0.010676156583629894
572191,"Taylor, Michael A.","Bat",145,335,335,195,16.066,140,16.066,0.22686567164179106,0.7701492537313432,0.0029850746268656717
695238,"Wagner, Will","Bat",141,220,220,131,16.07,89,16.07,0.23636363636363636,0.759090909090909,0.004545454545454545
702284,"Young, Cole","Bat",136,265,265,165,16.078,100,16.078,0.24528301886792453,0.7509433962264151,0.0037735849056603774
668804,"Reynolds, Bryan","Bat",134,657,657,400,16.083,257,16.083,0.2085235920852359,0.7853881278538812,0.0060882800608828
702616,"Holliday, Jackson","Bat",110,619,619,430,16.086,189,16.086,0.23263327948303716,0.7657512116316639,0.0016155088852988692
641680,"Heim, Jonah","Bat",140,475,475,311,16.098,164,16.098,0.22526315789473683,0.7663157894736842,0.008421052631578947
672275,"Bailey, Patrick","Bat",137,438,438,267,16.099,171,16.099,0.2146118721461187,0.776255707762557,0.0091324200913242
681297,"Cowser, Colton","Bat",110,317,317,218,16.101,99,16.101,0.2302839116719243,0.7665615141955836,0.0031545741324921135
677347,"Paris, Kyren","Bat",108,228,228,152,16.105,76,16.105,0.17543859649122806,0.8157894736842105,0.008771929824561403
665833,"Cruz, Oneil","Bat",134,793,793,528,16.112,265,16.112,0.2484237074401009,0.7465321563682219,0.005044136191677175
669364,"Edwards, Xavier","Bat",146,593,593,412,16.121,181,16.121,0.23440134907251264,0.760539629005059,0.00505902192242833
592518,"Machado, Manny","Bat",135,742,742,438,16.122,304,16.122,0.22506738544474394,0.7628032345013477,0.012129380053908356
670242,"Wallner, Matt","Bat",142,353,353,235,16.123,118,16.123,0.2776203966005666,0.71671388101983,0.0056657223796034
664761,"Bohm, Alec","Bat",143,608,608,381,16.125,227,16.125,0.20065789473684212,0.7944078947368421,0.004934210526315789
643376,"Jansen, Danny","Bat",139,464,464,287,16.128,177,16.128,0.1875,0.8125,0
592626,"Pederson, Joc","Bat",140,279,279,166,16.128,113,16.128,0.1971326164874552,0.7956989247311828,0.007168458781362007
666971,"Gurriel Jr., Lourdes","Bat",109,582,582,358,16.13,224,16.13,0.19931271477663232,0.7852233676975945,0.015463917525773196
670764,"Walls, Taylor","Bat",139,502,502,322,16.133,180,16.133,0.27091633466135456,0.7250996015936255,0.00398406374501992
519317,"Stanton, Giancarlo","Bat",147,226,226,122,16.134,104,16.134,0.23008849557522124,0.7654867256637168,0.004424778761061947
664702,"Straw, Myles","Bat",141,345,345,201,16.136,144,16.136,0.22028985507246376,0.7768115942028986,0.002898550724637681
664040,"Lowe, Brandon","Bat",139,500,500,311,16.138,189,16.138,0.202,0.794,0.004
666176,"Adell, Jo","Bat",108,516,516,303,16.15,213,16.15,0.19186046511627908,0.8042635658914729,0.003875968992248062
642180,"Wade, Tyler","Bat",135,234,234,143,16.155,91,16.155,0.23931623931623933,0.7564102564102564,0.004273504273504274
692225,"Campbell, Kristian","Bat",111,490,490,273,16.161,217,16.161,0.22653061224489796,0.7653061224489796,0.00816326530612245
666185,"Carlson, Dylan","Bat",110,214,214,143,16.166,71,16.166,0.22897196261682243,0.7663551401869159,0.004672897196261682
681082,"Stott, Bryson","Bat",143,820,820,489,16.167,331,16.167,0.1878048780487805,0.8073170731707318,0.004878048780487805
669221,"Murphy, Sean","Bat",144,415,415,249,16.174,166,16.174,0.21927710843373494,0.7783132530120482,0.0024096385542168677
666018,"Aranda, Jonathan","Bat",139,620,620,394,16.194,226,16.194,0.22258064516129034,0.7693548387096775,0.008064516129032258
695734,"Lile, Daylen","Bat",120,225,225,118,16.202,107,16.202,0.24444444444444444,0.7555555555555555,0
667670,"Rooker, Brent","Bat",133,707,707,416,16.205,291,16.205,0.22065063649222066,0.7736916548797736,0.005657708628005658
695506,"Caglianone, Jac","Bat",118,229,229,165,16.206,64,16.206,0.3231441048034934,0.6724890829694323,0.004366812227074236
666624,"Morel, Christopher","Bat",139,257,257,169,16.207,88,16.207,0.2490272373540856,0.7470817120622568,0.0038910505836575876
518934,"LeMahieu, DJ","Bat",147,249,249,150,16.211,99,16.211,0.1606425702811245,0.8273092369477911,0.012048192771084338
547180,"Harper, Bryce","Bat",143,476,476,268,16.241,208,16.241,0.17436974789915966,0.8256302521008403,0
669016,"Marsh, Brandon","Bat",143,432,432,273,16.255,159,16.255,0.2152777777777778,0.7731481481481481,0.011574074074074073
592192,"Canha, Mark","Bat",118,231,231,139,16.258,92,16.258,0.19047619047619047,0.7965367965367965,0.012987012987012988
621439,"Buxton, Byron","Bat",142,576,576,441,16.276,135,16.276,0.2465277777777778,0.7447916666666666,0.008680555555555556
571771,"Hernández, Enrique","Bat",119,310,310,189,16.28,121,16.28,0.22258064516129034,0.7709677419354839,0.0064516129032258064
467793,"Santana, Carlos","Bat",114,735,735,462,16.299,273,16.299,0.2217687074829932,0.7755102040816326,0.0027210884353741495
701358,"Smith, Cam","Bat",117,607,607,371,16.303,236,16.303,0.22075782537067545,0.7759472817133443,0.0032948929159802307
665862,"Chisholm Jr., Jazz","Bat",147,514,514,278,16.31,236,16.31,0.20233463035019456,0.7898832684824902,0.007782101167315175
669224,"Wells, Austin","Bat",147,509,509,307,16.312,202,16.312,0.18467583497053044,0.8074656188605108,0.007858546168958742
701350,"Anthony, Roman","Bat",111,311,311,196,16.312,115,16.312,0.24115755627009647,0.7588424437299035,0
673237,"Diaz, Yainer","Bat",117,420,420,285,16.335,135,16.335,0.22857142857142856,0.7666666666666667,0.004761904761904762
592450,"Judge, Aaron","Bat",147,788,788,496,16.351,292,16.351,0.2017766497461929,0.7880710659898477,0.01015228426395939
663968,"Mangum, Jake","Bat",139,240,240,162,16.352,78,16.352,0.17916666666666667,0.8208333333333333,0
602104,"Urías, Ramón","Bat",110,453,453,272,16.36,181,16.36,0.19426048565121412,0.7991169977924945,0.006622516556291391
676609,"Caballero, José","Bat",139,470,470,313,16.36,157,16.36,0.2170212765957447,0.7702127659574468,0.01276595744680851
609280,"Andujar, Miguel","Bat",133,298,298,184,16.364,114,16.364,0.1912751677852349,0.8087248322147651,0
687263,"Neto, Zach","Bat",108,600,600,438,16.375,162,16.375,0.24333333333333335,0.7483333333333333,0.008333333333333333
647304,"Naylor, Josh","Bat",136,456,456,267,16.378,189,16.378,0.16666666666666666,0.8114035087719298,0.021929824561403508
572233,"Walker, Christian","Bat",117,652,652,381,16.399,271,16.399,0.17177914110429449,0.8220858895705522,0.006134969325153374
676914,"Schneider, Davis","Bat",141,223,223,121,16.4,102,16.4,0.16591928251121077,0.8295964125560538,0.004484304932735426
666139,"Lowe, Josh","Bat",139,399,399,265,16.411,134,16.411,0.23057644110275688,0.7694235588972431,0
596115,"Story, Trevor","Bat",111,599,599,384,16.416,215,16.416,0.2036727879799666,0.7863105175292153,0.01001669449081803
605170,"Caratini, Victor","Bat",117,356,356,220,16.421,136,16.421,0.21348314606741572,0.7696629213483146,0.016853932584269662
669477,"Schmitt, Casey","Bat",137,241,241,122,16.425,119,16.425,0.17012448132780084,0.8257261410788381,0.004149377593360996
668939,"Rutschman, Adley","Bat",110,538,538,366,16.427,172,16.427,0.17657992565055763,0.8122676579925651,0.011152416356877323
543807,"Springer, George","Bat",141,717,717,431,16.448,286,16.448,0.19525801952580196,0.8019525801952581,0.002789400278940028
670224,"Misner, Kameron","Bat",139,406,406,235,16.448,171,16.448,0.16009852216748768,0.8374384236453202,0.0024630541871921183
571970,"Muncy, Max","Bat",119,657,657,371,16.451,286,16.451,0.1856925418569254,0.8097412480974124,0.0045662100456621
677008,"Kjerstad, Heston","Bat",110,234,234,166,16.462,68,16.462,0.20085470085470086,0.7991452991452992,0
700250,"Rice, Ben","Bat",147,542,542,354,16.463,188,16.463,0.1752767527675277,0.8247232472324724,0
665966,"Narváez, Carlos","Bat",111,495,495,296,16.479,199,16.479,0.2,0.797979797979798,0.00202020202020202
643446,"McNeil, Jeff","Bat",121,355,355,230,16.483,125,16.483,0.18591549295774648,0.8,0.014084507042253521
656941,"Schwarber, Kyle","Bat",143,916,916,546,16.492,370,16.492,0.1943231441048035,0.7914847161572053,0.014192139737991267
646240,"Devers, Rafael","Bat",137,792,792,486,16.493,306,16.493,0.1893939393939394,0.803030303030303,0.007575757575757576
663728,"Raleigh, Cal","Bat",136,670,670,394,16.502,276,16.502,0.1791044776119403,0.8119402985074626,0.008955223880597015
663757,"Grisham, Trent","Bat",147,679,679,453,16.584,226,16.584,0.16789396170839468,0.8276877761413843,0.004418262150220913
670541,"Alvarez, Yordan","Bat",117,234,234,154,16.6,80,16.6,0.21794871794871795,0.782051282051282,0
663624,"Mountcastle, Ryan","Bat",110,281,281,172,16.606,109,16.606,0.13167259786476868,0.8576512455516014,0.010676156583629894
592663,"Realmuto, J.T.","Bat",143,604,604,353,16.678,251,16.678,0.13410596026490065,0.8642384105960265,0.0016556291390728477
701305,"Dezenzo, Zach","Bat",117,212,212,129,16.68,83,16.68,0.18396226415094338,0.8113207547169812,0.0047169811320754715
677951,"Witt Jr., Bobby","Bat",118,635,635,396,16.689,239,16.689,0.1795275590551181,0.815748031496063,0.004724409448818898
514888,"Altuve, Jose","Bat",117,639,639,384,16.803,255,16.803,0.13458528951486698,0.8622848200312989,0.003129890453834116
665742,"Soto, Juan","Bat",121,975,975,619,16.902,356,16.902,0.17743589743589744,0.8153846153846154,0.0071794871794871795
663656,"Tucker, Kyle","Bat",112,790,790,502,17.27,288,17.27,0.07088607594936709,0.9227848101265823,0.006329113924050633