"year","last_name, first_name","pitcher_id","team_name","team_name_abbrev","pitch_hand","avg_speed","pitches_thrown","total_pitches","pitches_per_game","pitch_per","pitch_type","pitch_type_name","pitcher_break_z","league_break_z","diff_z","rise","pitcher_break_z_induced","pitcher_break_x","league_break_x","diff_x","tail","percent_rank_diff_z","percent_rank_diff_x"
"2025","Peralta, Freddy","642547","Brewers","MIL","R","95","1184","2099",20.37864077669903,0.5640781324440209,"FF","4-Seam Fastball",13.7,-15,1.3,"9",16.8,4.7,-8.4,-3.7,"-44",0.7955112219451371,0.09975062344139651
"2025","Gausman, Kevin","592332","Blue Jays","TOR","R","94.4","1031","1892",18.192307692307693,0.5449260042283298,"FF","4-Seam Fastball",13.9,-14.6,0.7,"5",17.2,11.3,-7.3,3.9,"54",0.6683291770573566,0.9201995012468828
"2025","Gore, MacKenzie","669022","Nationals","WSH","L","95.3","1021","2040",19.805825242718445,0.5004901960784314,"FF","4-Seam Fastball",13.2,-14.1,1,"7",17,6.2,-7.5,-1.3,"-17",0.7331670822942643,0.33915211970074816
"2025","Ray, Robbie","592662","Giants","SF","L","93.6","1004","1993",19.16346153846154,0.5037631710988459,"FF","4-Seam Fastball",13.1,-14.8,1.7,"11",18.3,8.3,-7,1.4,"20",0.8603491271820449,0.655860349127182
"2025","Ryan, Joe","657746","Twins","MIN","R","93.5","959","1817",17.640776699029125,0.5277930654925702,"FF","4-Seam Fastball",17.9,-18.1,0.2,"1",13.6,12.5,-11.2,1.3,"12",0.5511221945137157,0.6408977556109726
"2025","Parker, Mitchell","680730","Nationals","WSH","L","92.8","954","1734",16.83495145631068,0.5501730103806228,"FF","4-Seam Fastball",13.8,-14.4,0.5,"4",18,5.3,-6.3,-1,"-15",0.6184538653366584,0.3740648379052369
"2025","Castillo, Luis","622491","Mariners","SEA","R","95.2","953","2010",19.326923076923077,0.4741293532338308,"FF","4-Seam Fastball",17.7,-17.5,-0.2,"-1",12.6,13.1,-11.9,1.1,"9",0.4763092269326683,0.6209476309226932
"2025","Gallen, Zac","668678","D-backs","AZ","R","93.3","936","1981",19.048076923076923,0.4724886420999495,"FF","4-Seam Fastball",14.4,-14.8,0.4,"3",17.2,4.4,-7,-2.6,"-37",0.6034912718204489,0.20199501246882792
"2025","Senzatela, Antonio","622608","Rockies","COL","R","94.9","932","1718",16.679611650485437,0.5424912689173458,"FF","4-Seam Fastball",18.7,-14.5,-4.2,"-29",11.5,4.5,-7.3,-2.9,"-39",0.04239401496259352,0.16708229426433915
"2025","Nelson, Ryne","669194","D-backs","AZ","R","95.5","891","1427",13.721153846153847,0.6243868255080589,"FF","4-Seam Fastball",10.7,-13.4,2.7,"20",19.4,3.7,-6.7,-3,"-45",0.9600997506234414,0.14713216957605985
"2025","Pivetta, Nick","601713","Padres","SD","R","93.8","883","1877",18.048076923076923,0.47043153969099627,"FF","4-Seam Fastball",11.5,-13,1.5,"12",19.8,2.2,-5.4,-3.2,"-59",0.8329177057356608,0.13466334164588528
"2025","Paddack, Chris","663978","Twins","MIN","R","93.8","861","1854",18,0.46440129449838186,"FF","4-Seam Fastball",12.9,-14,1,"7",18.3,8.7,-6.5,2.3,"35",0.7331670822942643,0.7780548628428927
"2025","Flaherty, Jack","656427","Tigers","DET","R","92.8","859","1824",17.37142857142857,0.47094298245614036,"FF","4-Seam Fastball",15.8,-16.5,0.7,"4",16,5.7,-8.4,-2.7,"-32",0.6683291770573566,0.19451371571072318
"2025","Crochet, Garrett","676979","Red Sox","BOS","L","96.2","844","2086",19.866666666666667,0.4046021093000959,"FF","4-Seam Fastball",13.8,-13.3,-0.5,"-4",15.9,8.2,-7,1.1,"16",0.40648379052369077,0.6209476309226932
"2025","Wheeler, Zack","554430","Phillies","PHI","R","96.2","835","2013",19.54368932038835,0.4148037754595132,"FF","4-Seam Fastball",14.9,-14.7,-0.3,"-2",14.8,10,-9,0.9,"10",0.4488778054862843,0.5985037406483791
"2025","Woo, Bryan","693433","Mariners","SEA","R","95.6","830","1818",17.48076923076923,0.45654565456545654,"FF","4-Seam Fastball",14.9,-15.8,0.9,"6",15.2,8.8,-9.6,-0.7,"-8",0.7032418952618454,0.39650872817955113
"2025","Springs, Jeffrey","605488","Athletics","ATH","L","90.5","830","1982",18.69811320754717,0.41876892028254287,"FF","4-Seam Fastball",17.8,-16.6,-1.2,"-7",15.8,11.5,-7.1,4.4,"62",0.29925187032418954,0.9476309226932669
"2025","Pepiot, Ryan","686752","Rays","TB","R","95","827","1903",18.298076923076923,0.4345769837099317,"FF","4-Seam Fastball",11,-14,3,"21",19.3,7.9,-7.1,0.8,"12",0.9800498753117207,0.5885286783042394
"2025","Rodón, Carlos","607074","Yankees","NYY","L","94.4","826","2040",19.805825242718445,0.40490196078431373,"FF","4-Seam Fastball",13.5,-14.2,0.8,"5",17.5,10.6,-6.6,3.9,"59",0.685785536159601,0.9201995012468828
"2025","Baz, Shane","669358","Rays","TB","R","96.8","825","1834",17.634615384615383,0.44983642311886585,"FF","4-Seam Fastball",12.5,-13.8,1.2,"9",16.8,10,-7.8,2.2,"28",0.7805486284289277,0.7630922693266833
"2025","Cease, Dylan","656302","Padres","SD","R","97.1","824","1994",19.173076923076923,0.41323971915747243,"FF","4-Seam Fastball",10.7,-13,2.3,"18",18.6,3.5,-7.1,-3.5,"-50",0.9251870324189526,0.11471321695760599
"2025","Boyd, Matthew","571510","Cubs","CHC","L","93.3","822","1782",17.300970873786408,0.4612794612794613,"FF","4-Seam Fastball",18.4,-16,-2.4,"-15",13.2,13.2,-8.2,5,"62",0.14463840399002495,0.9650872817955112
"2025","Pallante, Andre","669467","Cardinals","STL","R","94.4","821","1786",17.00952380952381,0.4596864501679731,"FF","4-Seam Fastball",20.6,-14.2,-6.4,"-45",10,0.3,-6.9,-6.6,"-96",0.004987531172069825,0.017456359102244388
"2025","Brown, Ben","676962","Cubs","CHC","R","95.8","809","1399",13.58252427184466,0.5782701929949964,"FF","4-Seam Fastball",12.8,-13.1,0.2,"2",17.1,7.5,-6.3,1.1,"18",0.5511221945137157,0.6209476309226932
"2025","Bradley, Taj","671737","Rays","TB","R","96.1","807","1788",17.192307692307693,0.4513422818791946,"FF","4-Seam Fastball",11.7,-13.4,1.7,"13",18,7.2,-6.9,0.2,"3",0.8603491271820449,0.4937655860349127
"2025","deGrom, Jacob","594798","Rangers","TEX","R","97.4","796","1725",16.58653846153846,0.46144927536231883,"FF","4-Seam Fastball",12.7,-13.7,1.1,"8",16.5,9.1,-8.5,0.7,"8",0.7531172069825436,0.5610972568578554
"2025","Skenes, Paul","694973","Pirates","PIT","R","98.2","779","1987",19.10576923076923,0.3920483140412682,"FF","4-Seam Fastball",17.2,-13.1,-4,"-31",11.3,14.7,-8.2,6.4,"78",0.05236907730673317,0.9875311720698254
"2025","Brown, Hunter","686613","Astros","HOU","R","96.9","765","1897",18.240384615384617,0.4032683183974697,"FF","4-Seam Fastball",12,-12.8,0.8,"6",17.3,7,-6.9,0.1,"2",0.685785536159601,0.48129675810473815
"2025","Falter, Bailey","663559","Pirates","PIT","L","92.2","751","1628",15.653846153846153,0.46130221130221133,"FF","4-Seam Fastball",13.7,-15.3,1.6,"10",18.6,3.2,-6.8,-3.6,"-53",0.8503740648379052,0.10972568578553615
"2025","Heaney, Andrew","571760","Pirates","PIT","L","90.1","748","1668",16.03846153846154,0.44844124700239807,"FF","4-Seam Fastball",21.2,-20,-1.2,"-6",12.9,16.1,-10.7,5.3,"50",0.29925187032418954,0.970074812967581
"2025","Kikuchi, Yusei","579328","Angels","LAA","L","94.8","741","2105",20.240384615384617,0.35201900237529693,"FF","4-Seam Fastball",15.1,-15.3,0.2,"1",15.5,10,-8.5,1.5,"18",0.5511221945137157,0.6708229426433915
"2025","Abbott, Andrew","671096","Reds","CIN","L","92.4","740","1554",14.942307692307692,0.47619047619047616,"FF","4-Seam Fastball",16,-15.5,-0.5,"-3",16.1,9,-7.1,1.9,"27",0.40648379052369077,0.7231920199501247
"2025","Warren, Will","701542","Yankees","NYY","R","93.2","732","1845",17.9126213592233,0.3967479674796748,"FF","4-Seam Fastball",16,-15.8,-0.2,"-1",15.5,8.3,-8,0.3,"4",0.4763092269326683,0.5012468827930174
"2025","Williams, Gavin","668909","Guardians","CLE","R","96.6","723","1874",18.372549019607842,0.3858057630736393,"FF","4-Seam Fastball",13.9,-13,-0.9,"-7",15.5,10.6,-7.1,3.5,"49",0.34663341645885287,0.8902743142144638
"2025","Burke, Sean","680732","White Sox","CWS","R","94.1","718","1728",16.615384615384617,0.41550925925925924,"FF","4-Seam Fastball",12.5,-13.7,1.2,"9",18.6,4.9,-6.3,-1.4,"-22",0.7805486284289277,0.3192019950124688
"2025","Sears, JP","676664","Athletics","ATH","L","92.2","717","1840",17.358490566037737,0.38967391304347826,"FF","4-Seam Fastball",18.3,-18.1,-0.2,"-1",14,12,-10,2,"20",0.4763092269326683,0.7331670822942643
"2025","Rea, Colin","607067","Cubs","CHC","R","93.8","714","1617",15.699029126213592,0.44155844155844154,"FF","4-Seam Fastball",17.1,-15.4,-1.7,"-11",14,8.6,-7.9,0.7,"9",0.22443890274314215,0.5610972568578554
"2025","Keller, Mitch","656605","Pirates","PIT","R","94","697","1942",18.673076923076923,0.358908341915551,"FF","4-Seam Fastball",15.8,-14.8,-1,"-7",15.2,8.7,-7.3,1.4,"19",0.3316708229426434,0.655860349127182
"2025","Anderson, Tyler","542881","Angels","LAA","L","89.1","696","1841",17.701923076923077,0.3780554046713743,"FF","4-Seam Fastball",15.2,-16.8,1.7,"10",19.5,6.8,-6.4,0.4,"7",0.8603491271820449,0.5087281795511222
"2025","Yamamoto, Yoshinobu","808967","Dodgers","LAD","R","95.2","685","1803",17.33653846153846,0.37992235163616195,"FF","4-Seam Fastball",14.2,-15,0.8,"5",16,6.9,-8.4,-1.4,"-17",0.685785536159601,0.3192019950124688
"2025","Luzardo, Jesús","666200","Phillies","PHI","L","96.5","684","1967",19.097087378640776,0.3477376715810879,"FF","4-Seam Fastball",15.5,-14.2,-1.2,"-9",14.1,11.7,-8,3.7,"46",0.29925187032418954,0.9052369077306733
"2025","Verlander, Justin","434378","Giants","SF","R","94","674","1436",13.807692307692308,0.46935933147632314,"FF","4-Seam Fastball",12.6,-13.2,0.6,"4",18.6,9,-6.7,2.3,"35",0.6433915211970075,0.7780548628428927
"2025","Rodriguez, Eduardo","593958","D-backs","AZ","L","92","674","1503",14.451923076923077,0.44843646041250834,"FF","4-Seam Fastball",16.7,-15.8,-0.9,"-6",15.6,5.6,-7.2,-1.6,"-22",0.34663341645885287,0.286783042394015
"2025","Francis, Bowden","670102","Blue Jays","TOR","R","92.4","657","1141",10.971153846153847,0.5758106923751095,"FF","4-Seam Fastball",14.1,-15.2,1.1,"7",18.2,7.4,-6.9,0.5,"8",0.7531172069825436,0.5261845386533666
"2025","Strider, Spencer","675911","Braves","ATL","R","95.6","653","1208",11.843137254901961,0.5405629139072847,"FF","4-Seam Fastball",13.6,-13.8,0.2,"1",16.4,8.8,-7.3,1.5,"20",0.5511221945137157,0.6708229426433915
"2025","Smith, Shane","681343","White Sox","CWS","R","95.3","649","1449",13.932692307692308,0.4478951000690131,"FF","4-Seam Fastball",16.4,-14.2,-2.2,"-16",13.7,5.9,-7.4,-1.4,"-20",0.17206982543640897,0.3192019950124688
"2025","Bubic, Kris","663460","Royals","KC","L","92.2","643","1729",16.78640776699029,0.37189126662810873,"FF","4-Seam Fastball",14.1,-15.8,1.7,"11",18.2,4.3,-7.3,-3,"-41",0.8603491271820449,0.14713216957605985
"2025","Giolito, Lucas","608337","Red Sox","BOS","R","93.6","640","1298",12.361904761904762,0.4930662557781202,"FF","4-Seam Fastball",13.5,-14.2,0.7,"5",17.9,7,-6.5,0.5,"7",0.6683291770573566,0.5261845386533666
"2025","Gusto, Ryan","687473","Astros","HOU","R","94.2","638","1374",13.211538461538462,0.4643377001455604,"FF","4-Seam Fastball",13,-14.8,1.8,"12",18.2,5.8,-7.4,-1.6,"-21",0.8827930174563591,0.286783042394015
"2025","Irvin, Jake","663623","Nationals","WSH","R","92.2","633","1933",18.766990291262136,0.3274702534919814,"FF","4-Seam Fastball",17.6,-15.7,-1.9,"-12",14.6,9.4,-7.2,2.2,"31",0.20199501246882792,0.7630922693266833
"2025","Sale, Chris","519242","Braves","ATL","L","94.9","627","1486",14.568627450980392,0.42193808882907136,"FF","4-Seam Fastball",21.5,-16.7,-4.7,"-28",9.1,14.9,-10.2,4.7,"46",0.029925187032418952,0.9526184538653366
"2025","Holmes, Grant","656550","Braves","ATL","R","94.5","620","1883",18.46078431372549,0.3292618162506638,"FF","4-Seam Fastball",15.4,-15,-0.4,"-3",15.2,5.2,-7.8,-2.6,"-33",0.4314214463840399,0.20199501246882792
"2025","Lord, Brad","695418","Nationals","WSH","R","95","620","1111",10.78640776699029,0.558055805580558,"FF","4-Seam Fastball",19.9,-16.4,-3.6,"-22",10.4,15.4,-10.2,5.1,"50",0.07231920199501247,0.9675810473815462
"2025","Williams, Trevor","592866","Nationals","WSH","R","87.7","617","1448",14.058252427184467,0.4261049723756906,"FF","4-Seam Fastball",25.2,-22.7,-2.6,"-11",10.1,2.2,-7,-4.8,"-68",0.12967581047381546,0.059850374064837904
"2025","Mahle, Tyler","641816","Rangers","TEX","R","92","609","1235",11.875,0.4931174089068826,"FF","4-Seam Fastball",14.1,-16.1,2,"13",18.5,10.8,-7.5,3.3,"43",0.8952618453865336,0.8628428927680798
"2025","Imanaga, Shota","684007","Cubs","CHC","L","90.8","600","1205",11.699029126213592,0.4979253112033195,"FF","4-Seam Fastball",15.2,-17.6,2.5,"14",18.4,11.8,-8.4,3.5,"41",0.9451371571072319,0.8902743142144638
"2025","Dollander, Chase","801403","Rockies","COL","R","97.7","596","1236",12,0.48220064724919093,"FF","4-Seam Fastball",16,-14.5,-1.6,"-11",12.6,11.2,-9.2,1.9,"21",0.23690773067331672,0.7231920199501247
"2025","Woods Richardson, Simeon","680573","Twins","MIN","R","93.3","590","1283",12.45631067961165,0.4598597038191738,"FF","4-Seam Fastball",13.1,-14.1,0.9,"7",18.5,5.3,-6.2,-0.8,"-13",0.7032418952618454,0.38154613466334164
"2025","Soroka, Michael","647336","Nationals","WSH","R","93.7","590","1317",12.78640776699029,0.44798785117691725,"FF","4-Seam Fastball",16,-15.6,-0.4,"-2",15.2,9.4,-8,1.4,"17",0.4314214463840399,0.655860349127182
"2025","Allen, Logan","671106","Guardians","CLE","L","90.9","577","1744",17.098039215686274,0.330848623853211,"FF","4-Seam Fastball",17,-18.1,1.1,"6",16.1,6.1,-9,-2.9,"-33",0.7531172069825436,0.16708229426433915
"2025","Taillon, Jameson","592791","Cubs","CHC","R","92.3","576","1493",14.495145631067961,0.38580040187541864,"FF","4-Seam Fastball",13.9,-15,1.1,"7",18.4,7.7,-6.7,1,"15",0.7531172069825436,0.6084788029925187
"2025","Ober, Bailey","641927","Twins","MIN","R","90.5","565","1486",14.427184466019417,0.38021534320323014,"FF","4-Seam Fastball",16.4,-16.2,-0.3,"-2",17.1,8,-6.2,1.8,"29",0.4488778054862843,0.713216957605985
"2025","Severino, Luis","622663","Athletics","ATH","R","96","564","2125",20.047169811320753,0.26541176470588235,"FF","4-Seam Fastball",13.5,-13.8,0.3,"2",16.3,7.1,-7.3,-0.2,"-3",0.5810473815461347,0.4339152119700748
"2025","Greene, Hunter","668881","Reds","CIN","R","99.3","561","978",9.403846153846153,0.5736196319018405,"FF","4-Seam Fastball",11.5,-12.1,0.6,"5",16.4,9.3,-7.8,1.5,"19",0.6433915211970075,0.6708229426433915
"2025","Schwellenbach, Spencer","680885","Braves","ATL","R","97.1","556","1573",15.42156862745098,0.35346471710108074,"FF","4-Seam Fastball",14.2,-13.7,-0.5,"-4",14.8,5.5,-8.3,-2.8,"-34",0.40648379052369077,0.18453865336658354
"2025","Lodolo, Nick","666157","Reds","CIN","L","93.7","543","1914",18.403846153846153,0.2836990595611285,"FF","4-Seam Fastball",22.2,-16.1,-6.1,"-38",9.3,17.3,-8.6,8.7,"102",0.00997506234413965,1
"2025","Pfaadt, Brandon","694297","D-backs","AZ","R","93.6","537","1848",17.76923076923077,0.2905844155844156,"FF","4-Seam Fastball",15.5,-15.1,-0.4,"-2",15.7,5.9,-7.4,-1.5,"-20",0.4314214463840399,0.29925187032418954
"2025","Birdsong, Hayden","806185","Giants","SF","R","95.5","527","1194",11.48076923076923,0.44137353433835846,"FF","4-Seam Fastball",12,-13.1,1.1,"8",18.1,6,-6.2,-0.2,"-4",0.7531172069825436,0.4339152119700748
"2025","Smith, Cade","671922","Guardians","CLE","R","96.4","524","748",7.333333333333333,0.7005347593582888,"FF","4-Seam Fastball",13,-13.1,0.1,"1",16.6,8.8,-7,1.8,"26",0.5311720698254364,0.713216957605985
"2025","Megill, Tylor","656731","Mets","NYM","R","95.4","518","1234",11.865384615384615,0.419773095623987,"FF","4-Seam Fastball",13.3,-13.6,0.2,"2",17,6.6,-7.1,-0.5,"-7",0.5511221945137157,0.40648379052369077
"2025","Wacha, Michael","608379","Royals","KC","R","93.2","516","1759",17.07766990291262,0.29334849346219444,"FF","4-Seam Fastball",13.4,-13.9,0.5,"4",18.1,6.5,-6,0.5,"8",0.6184538653366584,0.5261845386533666
"2025","Bibee, Tanner","676440","Guardians","CLE","R","94.5","509","1903",18.65686274509804,0.2674724119810825,"FF","4-Seam Fastball",15.9,-13.7,-2.1,"-16",14.8,5.4,-6.5,-1.1,"-17",0.17955112219451372,0.36159600997506236
"2025","Santillan, Tony","663574","Reds","CIN","R","96.3","506","790",7.596153846153846,0.640506329113924,"FF","4-Seam Fastball",16.3,-15.3,-0.9,"-6",13.3,11.5,-9.4,2.2,"23",0.34663341645885287,0.7630922693266833
"2025","Márquez, Germán","608566","Rockies","COL","R","95.1","504","1597",15.504854368932039,0.31559173450219163,"FF","4-Seam Fastball",16.1,-14.7,-1.4,"-10",14.1,9.6,-7.9,1.7,"21",0.26184538653366585,0.7007481296758105
"2025","Morton, Charlie","450203","Orioles","BAL","R","94.2","502","1694",16.446601941747574,0.29634002361275086,"FF","4-Seam Fastball",18.4,-15.8,-2.6,"-16",12.6,11.8,-8.6,3.2,"37",0.12967581047381546,0.85785536159601
"2025","Horton, Cade","690990","Cubs","CHC","R","95.7","502","1009",9.79611650485437,0.4975222993062438,"FF","4-Seam Fastball",15.6,-14,-1.6,"-11",14.3,0.4,-7.4,-7.7,"-105",0.23690773067331672,0.007481296758104738
"2025","Skubal, Tarik","669373","Tigers","DET","L","97.5","500","1845",17.571428571428573,0.27100271002710025,"FF","4-Seam Fastball",11.7,-12.6,1,"8",17.2,3.8,-7.1,-3.3,"-47",0.7331670822942643,0.12718204488778054
"2025","Leiter, Jack","683004","Rangers","TEX","R","97.3","496","1477",14.201923076923077,0.3358158429248477,"FF","4-Seam Fastball",11.8,-13.3,1.5,"12",17.4,8.7,-8,0.7,"9",0.8329177057356608,0.5610972568578554
"2025","Rasmussen, Drew","656876","Rays","TB","R","95.8","486","1464",14.076923076923077,0.3319672131147541,"FF","4-Seam Fastball",12.3,-13.6,1.3,"10",17.5,4.1,-7.1,-3,"-42",0.7955112219451371,0.14713216957605985
"2025","Kelly, Merrill","518876","D-backs","AZ","R","92","484","1910",18.365384615384617,0.2534031413612565,"FF","4-Seam Fastball",17.6,-17,-0.6,"-4",14.8,9.3,-8.7,0.6,"7",0.38902743142144636,0.5486284289276808
"2025","Kremer, Dean","665152","Orioles","BAL","R","93.3","484","1927",18.70873786407767,0.2511676180591593,"FF","4-Seam Fastball",13.6,-15,1.5,"10",18,7.6,-7.1,0.5,"7",0.8329177057356608,0.5261845386533666
"2025","Lauer, Eric","641778","Blue Jays","TOR","L","91.7","482","1052",10.115384615384615,0.45817490494296575,"FF","4-Seam Fastball",16.6,-15.8,-0.8,"-5",16.1,9,-7,2,"28",0.36159600997506236,0.7331670822942643
"2025","Mize, Casey","663554","Tigers","DET","R","94.6","479","1461",13.914285714285715,0.3278576317590691,"FF","4-Seam Fastball",13.7,-14.2,0.5,"3",17,8,-7.1,0.9,"13",0.6184538653366584,0.5985037406483791
"2025","Canning, Griffin","656288","Mets","NYM","R","94.1","463","1343",12.913461538461538,0.3447505584512286,"FF","4-Seam Fastball",15.4,-15.3,0,"0",15.8,9.5,-7.9,1.6,"20",0.5062344139650873,0.683291770573566
"2025","Mikolas, Miles","571945","Cardinals","STL","R","92.5","456","1610",15.333333333333334,0.28322981366459626,"FF","4-Seam Fastball",17.3,-14.9,-2.4,"-16",14.8,8.1,-6.5,1.6,"25",0.14463840399002495,0.683291770573566
"2025","Estrada, Jeremiah","669093","Padres","SD","R","97.9","455","729",7.009615384615385,0.6241426611796982,"FF","4-Seam Fastball",8.9,-12.6,3.7,"29",19.9,2.4,-7.5,-5.1,"-67",0.9950124688279302,0.04738154613466334
"2025","Freeland, Kyle","607536","Rockies","COL","L","92","451","1590",15.436893203883495,0.28364779874213836,"FF","4-Seam Fastball",17.2,-15.8,-1.4,"-9",15.1,7.8,-7.2,0.6,"9",0.26184538653366585,0.5486284289276808
"2025","Ortiz, Luis L.","682847","Guardians","CLE","R","96.4","444","1501",14.715686274509803,0.29580279813457694,"FF","4-Seam Fastball",17.7,-15.3,-2.3,"-15",11.9,12.5,-9.5,3,"31",0.16458852867830423,0.8453865336658354
"2025","Harris, Hogan","663687","Athletics","ATH","L","93","435","781",7.367924528301887,0.5569782330345711,"FF","4-Seam Fastball",14.6,-14.9,0.3,"2",17.4,8.5,-6.9,1.6,"23",0.5810473815461347,0.683291770573566
"2025","Latz, Jacob","656641","Rangers","TEX","L","94.3","434","874",8.403846153846153,0.4965675057208238,"FF","4-Seam Fastball",12.2,-14.4,2.2,"15",18.8,8.8,-7.1,1.7,"24",0.9152119700748129,0.7007481296758105
"2025","López, Pablo","641154","Twins","MIN","R","94.5","430","1007",9.776699029126213,0.4270109235352532,"FF","4-Seam Fastball",16.5,-14.8,-1.6,"-11",14.2,6.4,-7.9,-1.5,"-19",0.23690773067331672,0.29925187032418954
"2025","Povich, Cade","700249","Orioles","BAL","L","92.3","429","1153",11.194174757281553,0.3720728534258456,"FF","4-Seam Fastball",14.7,-15.6,0.9,"6",17.6,10.1,-7.2,2.9,"41",0.7032418952618454,0.8354114713216958
"2025","Cecconi, Slade","677944","Guardians","CLE","R","94.3","428","1058",10.372549019607844,0.4045368620037807,"FF","4-Seam Fastball",14.9,-14.6,-0.2,"-1",16.1,10.6,-7.3,3.3,"46",0.4763092269326683,0.8628428927680798
"2025","Ragans, Cole","666142","Royals","KC","L","95.3","424","873",8.475728155339805,0.4856815578465063,"FF","4-Seam Fastball",13.4,-14.1,0.7,"5",16.9,13.7,-7.1,6.6,"94",0.6683291770573566,0.9925187032418953
"2025","Littell, Zack","641793","Rays","TB","R","92.1","420","1832",17.615384615384617,0.2292576419213974,"FF","4-Seam Fastball",16.2,-15.5,-0.7,"-5",16.1,7,-7,0.1,"1",0.371571072319202,0.48129675810473815
"2025","Vest, Will","676684","Tigers","DET","R","96.8","419","737",7.019047619047619,0.5685210312075983,"FF","4-Seam Fastball",12.7,-13.9,1.2,"9",16.6,5.8,-8,-2.2,"-27",0.7805486284289277,0.22693266832917705
"2025","Peterson, David","656849","Mets","NYM","L","92.4","415","1779",17.10576923076923,0.23327712197863967,"FF","4-Seam Fastball",18.4,-14.7,-3.7,"-25",13.6,4.9,-6.4,-1.5,"-24",0.06733167082294264,0.29925187032418954
"2025","Liberatore, Matthew","669461","Cardinals","STL","L","94.3","415","1530",14.571428571428571,0.27124183006535946,"FF","4-Seam Fastball",14.6,-13.8,-0.9,"-6",16.2,7.3,-6.3,1,"16",0.34663341645885287,0.6084788029925187
"2025","Pagán, Emilio","641941","Reds","CIN","R","95.6","413","660",6.346153846153846,0.6257575757575757,"FF","4-Seam Fastball",11.5,-14.2,2.7,"19",18.6,6.6,-7.7,-1.1,"-14",0.9600997506234414,0.36159600997506236
"2025","Suarez, Robert","663158","Padres","SD","R","98.4","411","661",6.355769230769231,0.6217851739788199,"FF","4-Seam Fastball",10.2,-11.9,1.7,"15",18.3,6.5,-7,-0.5,"-7",0.8603491271820449,0.40648379052369077
"2025","Martinez, Nick","607259","Reds","CIN","R","92.5","410","1862",17.903846153846153,0.22019334049409237,"FF","4-Seam Fastball",14,-15.4,1.4,"9",18.1,5.3,-7.2,-1.9,"-26",0.8129675810473815,0.256857855361596
"2025","Martin, Davis","663436","White Sox","CWS","R","93.6","409","1330",12.788461538461538,0.3075187969924812,"FF","4-Seam Fastball",15.9,-14.8,-1.2,"-8",15.4,5.7,-7.1,-1.4,"-20",0.29925187032418954,0.3192019950124688
"2025","King, Bryan","687911","Astros","HOU","L","92","408","667",6.413461538461538,0.6116941529235382,"FF","4-Seam Fastball",18,-16.6,-1.4,"-9",14.4,4.1,-8,-3.9,"-49",0.26184538653366585,0.09476309226932668
"2025","Lopez, Jacob","682052","Athletics","ATH","L","90.7","407","1107",10.443396226415095,0.3676603432700994,"FF","4-Seam Fastball",22.2,-18.2,-3.9,"-21",11.4,14,-8.5,5.5,"64",0.057356608478802994,0.9750623441396509
"2025","Alcantara, Sandy","645261","Marlins","MIA","R","97.5","405","1796",17.607843137254903,0.2255011135857461,"FF","4-Seam Fastball",16.3,-13.6,-2.7,"-20",12.7,14.6,-7.9,6.6,"83",0.12468827930174564,0.9925187032418953
"2025","Scott, Tanner","656945","Dodgers","LAD","L","96.3","404","703",6.759615384615385,0.5746799431009957,"FF","4-Seam Fastball",12.8,-15.1,2.4,"16",16.7,6.2,-9.2,-2.9,"-32",0.9376558603491272,0.16708229426433915
"2025","Palencia, Daniel","694037","Cubs","CHC","R","99.5","403","551",5.349514563106796,0.7313974591651543,"FF","4-Seam Fastball",12.2,-12.7,0.5,"4",15.5,12.2,-8.7,3.5,"41",0.6184538653366584,0.8902743142144638
"2025","Vesia, Alex","681911","Dodgers","LAD","L","92.7","403","719",6.913461538461538,0.5605006954102921,"FF","4-Seam Fastball",10.9,-15.5,4.5,"29",21.1,5.8,-7.2,-1.4,"-20",1,0.3192019950124688
"2025","Mlodzinski, Carmen","669387","Pirates","PIT","R","95.8","401","1057",10.163461538461538,0.3793755912961211,"FF","4-Seam Fastball",18.1,-15.3,-2.8,"-19",11.8,9.4,-9,0.4,"4",0.11970074812967581,0.5087281795511222
"2025","Senga, Kodai","673540","Mets","NYM","R","94.6","401","1315",12.64423076923077,0.30494296577946767,"FF","4-Seam Fastball",14.3,-14.6,0.3,"2",16.4,7.9,-7.3,0.5,"7",0.5810473815461347,0.5261845386533666
"2025","Eovaldi, Nathan","543135","Rangers","TEX","R","94","398","1442",13.865384615384615,0.27600554785020803,"FF","4-Seam Fastball",19.3,-16.1,-3.2,"-20",12,14.6,-8.8,5.8,"65",0.08478802992518704,0.9825436408977556
"2025","Wentz, Joey","666214","Braves","ATL","L","94","394","843",8.264705882352942,0.46737841043890865,"FF","4-Seam Fastball",13.4,-13.7,0.4,"3",17.7,5.2,-6.3,-1.1,"-18",0.6034912718204489,0.36159600997506236
"2025","Stanek, Ryne","592773","Mets","NYM","R","98.5","383","663",6.375,0.5776772247360482,"FF","4-Seam Fastball",10,-11.8,1.9,"16",18.5,8.6,-6.6,2,"30",0.8877805486284289,0.7331670822942643
"2025","Lorenzen, Michael","547179","Royals","KC","R","94.2","382","1611",15.640776699029127,0.23711980136561142,"FF","4-Seam Fastball",15.5,-15.2,-0.2,"-2",15.5,11,-8.1,2.9,"36",0.4763092269326683,0.8354114713216958
"2025","Abreu, Bryan","650556","Astros","HOU","R","97.3","380","753",7.240384615384615,0.5046480743691899,"FF","4-Seam Fastball",12.5,-13.7,1.2,"9",16.7,6.4,-8.2,-1.9,"-22",0.7805486284289277,0.256857855361596
"2025","Gordon, Colton","676467","Astros","HOU","L","91.2","379","950",9.134615384615385,0.3989473684210526,"FF","4-Seam Fastball",17,-16.5,-0.6,"-3",16.1,10.3,-7.3,3,"41",0.38902743142144636,0.8453865336658354
"2025","Finnegan, Kyle","640448","Nationals","WSH","R","96.2","378","573",5.563106796116505,0.6596858638743456,"FF","4-Seam Fastball",12.7,-13.8,1.1,"8",16.9,10.5,-7.6,3,"40",0.7531172069825436,0.8453865336658354
"2025","Leasure, Jordan","673929","White Sox","CWS","R","96.2","377","696",6.6923076923076925,0.5416666666666666,"FF","4-Seam Fastball",10.4,-13.3,2.9,"22",19.3,4.3,-7.2,-3,"-41",0.972568578553616,0.14713216957605985
"2025","Dobbins, Hunter","690928","Red Sox","BOS","R","95.5","377","931",8.866666666666667,0.40494092373791624,"FF","4-Seam Fastball",14.2,-13.7,-0.5,"-3",15.8,2.1,-7,-4.9,"-71",0.40648379052369077,0.05486284289276808
"2025","Gilbert, Logan","669302","Mariners","SEA","R","95.3","377","1120",10.76923076923077,0.3366071428571429,"FF","4-Seam Fastball",13.9,-13.9,0,"0",16.3,9.2,-7.3,1.9,"26",0.5062344139650873,0.7231920199501247
"2025","Burrows, Mike","681347","Pirates","PIT","R","95.2","376","861",8.278846153846153,0.4367015098722416,"FF","4-Seam Fastball",13.2,-13.8,0.6,"4",17,5.5,-6.9,-1.4,"-20",0.6433915211970075,0.3192019950124688
"2025","Legumina, Casey","668984","Mariners","SEA","R","94.3","376","655",6.298076923076923,0.5740458015267176,"FF","4-Seam Fastball",17.7,-17.9,0.2,"1",13.3,14.9,-11.6,3.4,"29",0.5511221945137157,0.8802992518703242
"2025","Lugo, Seth","607625","Royals","KC","R","91.8","371","1757",17.058252427184467,0.21115537848605578,"FF","4-Seam Fastball",16.9,-16.7,-0.3,"-2",15.5,7.2,-8.1,-1,"-12",0.4488778054862843,0.3740648379052369
"2025","Gray, Sonny","543243","Cardinals","STL","R","91.7","370","1721",16.39047619047619,0.21499128413712956,"FF","4-Seam Fastball",21.8,-16.6,-5.3,"-32",10.5,1.6,-7.8,-9.4,"-120",0.017456359102244388,0.0024937655860349127
"2025","Mejia, Juan","675848","Rockies","COL","R","96.2","366","604",5.864077669902913,0.6059602649006622,"FF","4-Seam Fastball",17,-14,-3,"-21",12.2,1.5,-7.6,-6.1,"-80",0.09476309226932668,0.029925187032418952
"2025","Detmers, Reid","672282","Angels","LAA","L","95.6","364","800",7.6923076923076925,0.455,"FF","4-Seam Fastball",11.8,-14,2.2,"16",18.3,7.8,-7.3,0.5,"7",0.9152119700748129,0.5261845386533666
"2025","Berríos, José","621244","Blue Jays","TOR","R","93","361","1907",18.33653846153846,0.18930256948086,"FF","4-Seam Fastball",16.4,-15.7,-0.8,"-5",15.4,10,-7.6,2.4,"31",0.36159600997506236,0.800498753117207
"2025","Pérez, Eury","691587","Marlins","MIA","R","98","359","670",6.568627450980392,0.5358208955223881,"FF","4-Seam Fastball",11.3,-12.8,1.5,"12",17.4,10.4,-7.7,2.7,"35",0.8329177057356608,0.8179551122194514
"2025","Montgomery, Mason","682254","Rays","TB","L","98.6","358","575",5.528846153846154,0.6226086956521739,"FF","4-Seam Fastball",9.4,-12.5,3,"24",18.7,5.6,-7.8,-2.2,"-29",0.9800498753117207,0.22693266832917705
"2025","Megill, Trevor","656730","Brewers","MIL","R","99","358","575",5.58252427184466,0.6226086956521739,"FF","4-Seam Fastball",8.9,-11.2,2.3,"20",19.2,4.1,-6.3,-2.2,"-34",0.9251870324189526,0.22693266832917705
"2025","Weaver, Luke","596133","Yankees","NYY","R","94.7","356","590",5.728155339805825,0.6033898305084746,"FF","4-Seam Fastball",11.6,-15.3,3.7,"24",19.2,6.7,-8.2,-1.5,"-18",0.9950124688279302,0.29925187032418954
"2025","Patrick, Chad","694477","Brewers","MIL","R","94.1","353","1589",15.427184466019417,0.22215229704216488,"FF","4-Seam Fastball",14.4,-15.4,1.1,"7",16.7,6.8,-8,-1.2,"-15",0.7531172069825436,0.3516209476309227
"2025","Dreyer, Jack","676263","Dodgers","LAD","L","92.5","353","794",7.634615384615385,0.4445843828715365,"FF","4-Seam Fastball",12.4,-15.3,2.9,"19",19.7,6.9,-7.1,-0.2,"-2",0.972568578553616,0.4339152119700748
"2025","Bido, Osvaldo","674370","Athletics","ATH","R","94.2","352","951",8.971698113207546,0.37013669821240797,"FF","4-Seam Fastball",15.3,-14.8,-0.5,"-3",15.8,10.6,-7.4,3.2,"43",0.40648379052369077,0.85785536159601
"2025","Rodríguez, Randy","678495","Giants","SF","R","97.4","352","645",6.201923076923077,0.5457364341085271,"FF","4-Seam Fastball",10.8,-13.7,2.9,"21",18.1,5.5,-8.3,-2.8,"-34",0.972568578553616,0.18453865336658354
"2025","Miller, Shelby","571946","D-backs","AZ","R","95.2","352","543",5.221153846153846,0.6482504604051565,"FF","4-Seam Fastball",12.5,-14.8,2.2,"15",17.8,11,-8.4,2.6,"31",0.9152119700748129,0.8129675810473815
"2025","Buehler, Walker","621111","Red Sox","BOS","R","94.1","350","1475",14.047619047619047,0.23728813559322035,"FF","4-Seam Fastball",13.9,-15.4,1.4,"9",17,6,-8.1,-2.1,"-25",0.8129675810473815,0.24438902743142144
"2025","Fairbanks, Pete","664126","Rays","TB","R","97.3","348","649",6.240384615384615,0.5362095531587057,"FF","4-Seam Fastball",11.5,-11.5,0,"0",17.3,0.3,-5.2,-5.6,"-106",0.5062344139650873,0.0399002493765586
"2025","Quantrill, Cal","615698","Marlins","MIA","R","93.5","348","1577",15.46078431372549,0.2206721623335447,"FF","4-Seam Fastball",14.9,-14.4,-0.5,"-3",16.6,10.2,-6.6,3.7,"56",0.40648379052369077,0.9052369077306733
"2025","Pomeranz, Drew","519141","Cubs","CHC","L","92.6","347","450",4.368932038834951,0.7711111111111111,"FF","4-Seam Fastball",14.8,-15.3,0.5,"3",17.1,0.9,-7.2,-6.2,"-87",0.6184538653366584,0.02743142144638404
"2025","Casparius, Ben","676508","Dodgers","LAD","R","96.2","346","1062",10.211538461538462,0.3258003766478343,"FF","4-Seam Fastball",11.7,-14,2.3,"16",18,2.9,-7.6,-4.7,"-62",0.9251870324189526,0.06733167082294264
"2025","Miller, Bryce","682243","Mariners","SEA","R","94.5","346","871",8.375,0.39724454649827784,"FF","4-Seam Fastball",11.5,-14.8,3.3,"22",19.4,5.9,-7.4,-1.5,"-21",0.9900249376558603,0.29925187032418954
"2025","Akin, Keegan","669211","Orioles","BAL","L","93.4","344","662",6.427184466019417,0.5196374622356495,"FF","4-Seam Fastball",14.5,-15.4,0.9,"6",17.1,12.4,-7.9,4.5,"57",0.7032418952618454,0.9501246882793017
"2025","Hernández, Carlos","672578","Tigers","DET","R","97.8","344","662",6.304761904761905,0.5196374622356495,"FF","4-Seam Fastball",11.1,-12.4,1.3,"11",17.6,8.4,-7.3,1.2,"16",0.7955112219451371,0.6359102244389028
"2025","Mears, Nick","683232","Brewers","MIL","R","95.2","343","604",5.864077669902913,0.5678807947019867,"FF","4-Seam Fastball",12,-13.5,1.5,"11",18.4,4.7,-6.5,-1.8,"-27",0.8329177057356608,0.26932668329177056
"2025","Knack, Landon","689017","Dodgers","LAD","R","93.1","342","718",6.903846153846154,0.4763231197771588,"FF","4-Seam Fastball",12.5,-15.8,3.2,"21",19.1,6.6,-7.9,-1.3,"-16",0.9850374064837906,0.33915211970074816
"2025","Montero, Keider","672456","Tigers","DET","R","93.9","341","1168",11.123809523809523,0.2919520547945205,"FF","4-Seam Fastball",15.3,-15.1,-0.2,"-1",15.8,5.4,-7.5,-2.2,"-29",0.4763092269326683,0.22693266832917705
"2025","Díaz, Edwin","621242","Mets","NYM","R","96.9","340","661",6.355769230769231,0.5143721633888049,"FF","4-Seam Fastball",16.3,-15.4,-0.9,"-6",13,12.9,-10.6,2.3,"22",0.34663341645885287,0.7780548628428927
"2025","Suter, Brent","608718","Reds","CIN","L","86.7","340","782",7.519230769230769,0.43478260869565216,"FF","4-Seam Fastball",22.5,-21.2,-1.3,"-6",13.9,3.1,0.4,-2.7,"688",0.2817955112219451,0.19451371571072318
"2025","Newcomb, Sean","656794","Athletics","ATH","L","92.9","340","1172",11.056603773584905,0.2901023890784983,"FF","4-Seam Fastball",16,-15.4,-0.6,"-4",15.9,10.2,-7.4,2.7,"37",0.38902743142144636,0.8179551122194514
"2025","Estévez, Carlos","608032","Royals","KC","R","95.4","338","657",6.378640776699029,0.5144596651445966,"FF","4-Seam Fastball",12.9,-14.2,1.4,"10",17.3,7.9,-7.4,0.5,"6",0.8129675810473815,0.5261845386533666
"2025","Henry, Cole","669371","Nationals","WSH","R","94.6","337","649",6.300970873786408,0.5192604006163328,"FF","4-Seam Fastball",16.2,-15.3,-0.9,"-6",14.6,14.3,-8.3,6,"72",0.34663341645885287,0.9850374064837906
"2025","Sterner, Justin","686993","Athletics","ATH","R","93.4","337","647",6.10377358490566,0.5208655332302936,"FF","4-Seam Fastball",14.4,-16,1.6,"10",17.4,9.6,-8.3,1.3,"16",0.8503740648379052,0.6408977556109726
"2025","Cantillo, Joey","676282","Guardians","CLE","L","91.8","336","853",8.362745098039216,0.3939038686987104,"FF","4-Seam Fastball",15.5,-15.5,0,"0",17,6.9,-6.6,0.3,"4",0.5062344139650873,0.5012468827930174
"2025","Baker, Bryan","641329","Rays","TB","R","96.7","335","680",6.538461538461538,0.49264705882352944,"FF","4-Seam Fastball",11.1,-12.4,1.4,"11",18.4,4.4,-6.1,-1.7,"-29",0.8129675810473815,0.2793017456359102
"2025","Rodríguez, Yariel","684320","Blue Jays","TOR","R","96.1","333","773",7.4326923076923075,0.4307891332470893,"FF","4-Seam Fastball",15.8,-14.1,-1.7,"-12",13.9,4.3,-7.8,-3.5,"-44",0.22443890274314215,0.11471321695760599
"2025","Green, Chad","643338","Blue Jays","TOR","R","95.2","333","663",6.375,0.502262443438914,"FF","4-Seam Fastball",12,-13.9,1.9,"13",18.5,6.8,-7,-0.1,"-2",0.8877805486284289,0.4488778054862843
"2025","Vásquez, Randy","681190","Padres","SD","R","93","332","1620",15.576923076923077,0.20493827160493827,"FF","4-Seam Fastball",15.9,-15.2,-0.7,"-4",15.9,8.3,-7.2,1.1,"16",0.371571072319202,0.6209476309226932
"2025","Hancock, Emerson","676106","Mariners","SEA","R","94.7","332","1246",11.98076923076923,0.2664526484751204,"FF","4-Seam Fastball",18.8,-15.4,-3.3,"-21",11.9,12.8,-8.5,4.3,"51",0.0798004987531172,0.9451371571072319
"2025","Smith-Shawver, AJ","700363","Braves","ATL","R","95.6","331","711",6.970588235294118,0.46554149085794655,"FF","4-Seam Fastball",13.9,-14.1,0.2,"1",16.1,9.2,-7.6,1.7,"22",0.5511221945137157,0.7007481296758105
"2025","Alcala, Jorge","660896","Red Sox","BOS","R","97.3","331","716",6.819047619047619,0.4622905027932961,"FF","4-Seam Fastball",11.2,-12.4,1.1,"9",18,9.2,-6.5,2.6,"40",0.7531172069825436,0.8129675810473815
"2025","De Los Santos, Enyel","660853","Braves","ATL","R","96.3","325","715",7.009803921568627,0.45454545454545453,"FF","4-Seam Fastball",16.9,-14.6,-2.2,"-15",12.7,10.7,-8.6,2.1,"24",0.17206982543640897,0.7581047381546134
"2025","Cameron, Noah","702070","Royals","KC","L","92.3","323","1156",11.223300970873787,0.27941176470588236,"FF","4-Seam Fastball",15.5,-15,-0.5,"-3",16.5,4.8,-6.5,-1.7,"-26",0.40648379052369077,0.2793017456359102
"2025","Halvorsen, Seth","678020","Rockies","COL","R","100.1","322","604",5.864077669902913,0.5331125827814569,"FF","4-Seam Fastball",14.4,-11.8,-2.6,"-22",12.9,10.2,-8.1,2.2,"27",0.12967581047381546,0.7630922693266833
"2025","Keller, Brad","641745","Cubs","CHC","R","97.1","321","745",7.233009708737864,0.43087248322147653,"FF","4-Seam Fastball",13.9,-13.2,-0.7,"-5",15.1,1.3,-7.2,-5.9,"-82",0.371571072319202,0.034912718204488775
"2025","Miller, Mason","695243","Athletics","ATH","R","101.1","320","589",5.556603773584905,0.5432937181663837,"FF","4-Seam Fastball",10,-10.9,0.9,"8",17,8.5,-7.7,0.8,"10",0.7032418952618454,0.5885286783042394
"2025","Domínguez, Seranthony","622554","Orioles","BAL","R","97.7","319","725",7.038834951456311,0.44,"FF","4-Seam Fastball",13.1,-13.7,0.6,"5",15.7,5.1,-8.5,-3.5,"-41",0.6433915211970075,0.11471321695760599
"2025","Yates, Kirby","489446","Dodgers","LAD","R","93","315","562",5.403846153846154,0.5604982206405694,"FF","4-Seam Fastball",17.9,-17.4,-0.6,"-3",13.8,13.4,-9.7,3.7,"39",0.38902743142144636,0.9052369077306733
"2025","Vodnik, Victor","680767","Rockies","COL","R","98.5","314","551",5.349514563106796,0.5698729582577132,"FF","4-Seam Fastball",14.8,-13.6,-1.2,"-9",13.3,5.8,-8.9,-3.1,"-34",0.29925187032418954,0.14214463840399003
"2025","Beeks, Jalen","656222","D-backs","AZ","L","94.6","313","661",6.355769230769231,0.4735249621785174,"FF","4-Seam Fastball",14.6,-14.2,-0.4,"-3",16,6.3,-7.1,-0.8,"-11",0.4314214463840399,0.38154613466334164
"2025","Williams, Devin","642207","Yankees","NYY","R","93.9","308","671",6.514563106796117,0.45901639344262296,"FF","4-Seam Fastball",15,-15.1,0.1,"1",16.3,11.9,-8.1,3.9,"48",0.5311720698254364,0.9201995012468828
"2025","Kershaw, Clayton","477132","Dodgers","LAD","L","89","308","851",8.182692307692308,0.3619271445358402,"FF","4-Seam Fastball",16.8,-17.3,0.6,"3",17.7,0,-6.8,-6.7,"-99",0.6433915211970075,0.014962593516209476
"2025","Kirby, George","669923","Mariners","SEA","R","95.9","305","977",9.39423076923077,0.31218014329580346,"FF","4-Seam Fastball",16.3,-14.2,-2.1,"-15",13.5,10.2,-7.8,2.4,"31",0.17955112219451372,0.800498753117207
"2025","Sugano, Tomoyuki","608372","Orioles","BAL","R","92.4","305","1665",16.16504854368932,0.1831831831831832,"FF","4-Seam Fastball",15.4,-15.6,0.3,"2",16.9,5.8,-7.2,-1.4,"-19",0.5810473815461347,0.3192019950124688
"2025","Burke, Brock","656271","Angels","LAA","L","95.9","304","680",6.538461538461538,0.4470588235294118,"FF","4-Seam Fastball",14.2,-13.2,-1,"-8",15.8,8.7,-6.6,2,"30",0.3316708229426434,0.7331670822942643
"2025","Webb, Jacob","657097","Rangers","TEX","R","93.4","302","689",6.625,0.43831640058055155,"FF","4-Seam Fastball",14.6,-15.9,1.2,"8",17.1,8.7,-8.1,0.6,"7",0.7805486284289277,0.5486284289276808
"2025","Varland, Louis","686973","Twins","MIN","R","98.1","301","669",6.495145631067961,0.4499252615844544,"FF","4-Seam Fastball",12.8,-13.2,0.4,"3",15.8,7.5,-8.3,-0.8,"-10",0.6034912718204489,0.38154613466334164
"2025","Montero, Rafael","606160","Braves","ATL","R","95.2","299","701",6.872549019607843,0.42653352353780316,"FF","4-Seam Fastball",15.6,-16,0.5,"3",14.7,9.7,-9.5,0.2,"3",0.6184538653366584,0.4937655860349127
"2025","Sasaki, Roki","808963","Dodgers","LAD","R","96","299","596",5.730769230769231,0.5016778523489933,"FF","4-Seam Fastball",15.5,-13,-2.4,"-19",14.3,10.5,-6.9,3.7,"54",0.14463840399002495,0.9052369077306733
"2025","Junk, Janson","676083","Marlins","MIA","R","93.7","298","772",7.568627450980392,0.3860103626943005,"FF","4-Seam Fastball",13.2,-14.9,1.7,"11",18.1,2.7,-7.2,-4.6,"-63",0.8603491271820449,0.06982543640897755
"2025","Kolek, Stephen","663568","Padres","SD","R","94","298","1135",10.913461538461538,0.26255506607929513,"FF","4-Seam Fastball",18,-15.9,-2.1,"-13",13,8.1,-8.7,-0.5,"-6",0.17955112219451372,0.40648379052369077
"2025","Uceta, Edwin","670955","Rays","TB","R","93.9","290","766",7.365384615384615,0.3785900783289817,"FF","4-Seam Fastball",17.9,-19,1.1,"6",13.1,12.1,-12.4,-0.2,"-2",0.7531172069825436,0.4339152119700748
"2025","Bello, Brayan","678394","Red Sox","BOS","R","95","288","1690",16.095238095238095,0.17041420118343195,"FF","4-Seam Fastball",16.7,-15.6,-1.1,"-7",13.5,7.7,-8.9,-1.2,"-14",0.3167082294264339,0.3516209476309227
"2025","Ross, Joe","605452","Phillies","PHI","R","94.1","284","760",7.378640776699029,0.3736842105263158,"FF","4-Seam Fastball",19.8,-14.7,-5.1,"-35",11.1,3.3,-7.2,-3.9,"-54",0.0199501246882793,0.09476309226932668
"2025","Blanco, Ronel","669854","Astros","HOU","R","93.2","283","794",7.634615384615385,0.35642317380352645,"FF","4-Seam Fastball",13,-14.6,1.6,"11",18.8,6.7,-6.7,0,"0",0.8503740648379052,0.456359102244389
"2025","Okert, Steven","595345","Astros","HOU","L","92.3","280","645",6.201923076923077,0.43410852713178294,"FF","4-Seam Fastball",16,-15.8,-0.3,"-2",16.4,8.5,-7.3,1.2,"17",0.4488778054862843,0.6359102244389028
"2025","Kochanowicz, Jack","686799","Angels","LAA","R","95.7","280","1541",14.817307692307692,0.18170019467878,"FF","4-Seam Fastball",15.8,-13.8,-2,"-15",14.1,7.3,-7.2,0.1,"2",0.18952618453865336,0.48129675810473815
"2025","Festa, David","701581","Twins","MIN","R","94.1","280","882",8.563106796116505,0.31746031746031744,"FF","4-Seam Fastball",12.7,-14,1.3,"9",18.3,3,-6.7,-3.7,"-55",0.7955112219451371,0.09975062344139651
"2025","Chivilli, Angel","683409","Rockies","COL","R","96.9","280","596",5.786407766990291,0.4697986577181208,"FF","4-Seam Fastball",20,-13.7,-6.4,"-47",9.1,14.4,-7.8,6.6,"84",0.004987531172069825,0.9925187032418953
"2025","Stewart, Brock","592779","Twins","MIN","R","96","279","513",4.980582524271845,0.543859649122807,"FF","4-Seam Fastball",15.1,-14.8,-0.3,"-2",14.5,5.7,-8.7,-3.1,"-35",0.4488778054862843,0.14214463840399003
"2025","Bednar, David","670280","Pirates","PIT","R","97.1","279","577",5.548076923076923,0.48353552859618715,"FF","4-Seam Fastball",11.2,-13.1,1.9,"15",18,8.1,-7.4,0.7,"9",0.8877805486284289,0.5610972568578554
"2025","Ort, Kaleb","672391","Astros","HOU","R","96.4","276","509",4.894230769230769,0.5422396856581533,"FF","4-Seam Fastball",11.8,-13.9,2.1,"15",18,8.1,-7.7,0.4,"5",0.9027431421446384,0.5087281795511222
"2025","Hoffman, Jeff","656546","Blue Jays","TOR","R","96.9","275","685",6.586538461538462,0.40145985401459855,"FF","4-Seam Fastball",12,-13.4,1.4,"11",17.5,11.7,-7.5,4.2,"55",0.8129675810473815,0.9376558603491272
"2025","Jobe, Jackson","695549","Tigers","DET","R","96.5","273","877",8.352380952380953,0.3112884834663626,"FF","4-Seam Fastball",11.8,-14.1,2.3,"17",17.8,7.5,-7.9,-0.4,"-6",0.9251870324189526,0.4164588528678304
"2025","Alexander, Tyler","641302","White Sox","CWS","L","90.5","273","1023",9.836538461538462,0.2668621700879765,"FF","4-Seam Fastball",17.4,-17.2,-0.2,"-1",16,9.1,-7.7,1.3,"17",0.4763092269326683,0.6408977556109726
"2025","Mattson, Isaac","676755","Pirates","PIT","R","94.1","272","370",3.5576923076923075,0.7351351351351352,"FF","4-Seam Fastball",12.3,-14.3,2,"14",18.7,8.5,-6.9,1.7,"24",0.8952618453865336,0.7007481296758105
"2025","Garcia, Robert","676395","Rangers","TEX","L","94.2","271","628",6.038461538461538,0.4315286624203822,"FF","4-Seam Fastball",17.2,-15.1,-2.1,"-14",13.9,10.3,-7.7,2.5,"33",0.17955112219451372,0.8104738154613467
"2025","Flexen, Chris","623167","Cubs","CHC","R","92.5","269","648",6.29126213592233,0.41512345679012347,"FF","4-Seam Fastball",14.4,-14.5,0.1,"1",17.8,2.1,-6.5,-4.4,"-68",0.5311720698254364,0.0773067331670823
"2025","Helsley, Ryan","664854","Cardinals","STL","R","99.3","268","601",5.723809523809524,0.4459234608985025,"FF","4-Seam Fastball",10.3,-11.8,1.5,"13",17.6,2.3,-7.5,-5.2,"-69",0.8329177057356608,0.04488778054862843
"2025","Bachar, Lake","669199","Marlins","MIA","R","94.3","266","697",6.833333333333333,0.381635581061693,"FF","4-Seam Fastball",12.5,-15.2,2.6,"17",18.5,9.1,-7.8,1.3,"16",0.9551122194513716,0.6408977556109726
"2025","Speier, Gabe","642100","Mariners","SEA","L","94.9","262","599",5.759615384615385,0.4373956594323873,"FF","4-Seam Fastball",15.2,-16,0.8,"5",15.4,9.4,-9.4,0,"0",0.685785536159601,0.456359102244389
"2025","May, Dustin","669160","Dodgers","LAD","R","95.5","261","1589",15.278846153846153,0.1642542479546885,"FF","4-Seam Fastball",17.5,-15.4,-2.2,"-14",12.5,11.1,-9.1,2,"22",0.17206982543640897,0.7331670822942643
"2025","Leahy, Kyle","681517","Cardinals","STL","R","95.2","259","834",7.942857142857143,0.3105515587529976,"FF","4-Seam Fastball",13.6,-13.7,0.2,"1",16.7,3.2,-7.1,-4,"-56",0.5511221945137157,0.08977556109725686
"2025","Strahm, Matt","621381","Phillies","PHI","L","92.2","258","676",6.563106796116505,0.3816568047337278,"FF","4-Seam Fastball",15.9,-17.2,1.3,"8",16.6,13.8,-8.8,4.9,"56",0.7955112219451371,0.9576059850374065
"2025","Anderson, Grant","681982","Brewers","MIL","R","93.3","257","824",8,0.3118932038834951,"FF","4-Seam Fastball",19.6,-19,-0.6,"-3",11.9,13.4,-12.4,1,"8",0.38902743142144636,0.6084788029925187
"2025","Blewett, Scott","656240","Orioles","BAL","R","93.4","256","711",6.902912621359223,0.360056258790436,"FF","4-Seam Fastball",16.7,-14.1,-2.6,"-19",14.7,5.3,-6.4,-1.1,"-17",0.12967581047381546,0.36159600997506236
"2025","Harrison, Kyle","690986","Giants","SF","L","95.1","253","388",3.730769230769231,0.6520618556701031,"FF","4-Seam Fastball",18.2,-16.8,-1.3,"-8",12.3,14,-10.6,3.4,"32",0.2817955112219451,0.8802992518703242
"2025","Bergert, Ryan","686701","Padres","SD","R","93.7","253","532",5.115384615384615,0.4755639097744361,"FF","4-Seam Fastball",12.8,-14.8,2,"13",18.5,7.2,-7.1,0.1,"1",0.8952618453865336,0.48129675810473815
"2025","Rogers, Trevor","669432","Orioles","BAL","L","93.4","253","628",6.097087378640777,0.4028662420382166,"FF","4-Seam Fastball",16.8,-15.1,-1.8,"-12",14.7,11.3,-7.2,4.1,"57",0.2119700748129676,0.9326683291770573
"2025","Cannon, Jonathan","686563","White Sox","CWS","R","93.4","252","1503",14.451923076923077,0.16766467065868262,"FF","4-Seam Fastball",16.5,-15.2,-1.2,"-8",15,8.4,-7.4,1,"14",0.29925187032418954,0.6084788029925187
"2025","Fried, Max","608331","Yankees","NYY","L","95.6","252","2012",19.533980582524272,0.12524850894632206,"FF","4-Seam Fastball",15.1,-13.6,-1.5,"-11",14.8,3,-7,-4,"-58",0.24688279301745636,0.08977556109725686
"2025","Misiorowski, Jacob","694819","Brewers","MIL","R","99.3","251","468",4.543689320388349,0.5363247863247863,"FF","4-Seam Fastball",11.8,-12.8,1.1,"8",16.1,9.6,-8.9,0.7,"8",0.7531172069825436,0.5610972568578554
"2025","Hendricks, Kyle","543294","Angels","LAA","R","86.6","251","1602",15.403846153846153,0.15667915106117353,"FF","4-Seam Fastball",22,-20.4,-1.7,"-8",14.5,5.8,-6,-0.2,"-3",0.22443890274314215,0.4339152119700748
"2025","Sousa, Bennett","656986","Astros","HOU","L","95.1","250","574",5.519230769230769,0.4355400696864111,"FF","4-Seam Fastball",13.5,-13.7,0.2,"2",16.9,3.4,-6.6,-3.2,"-48",0.5511221945137157,0.13466334164588528
"2025","Chapman, Aroldis","547973","Red Sox","BOS","L","98.6","250","592",5.6380952380952385,0.4222972972972973,"FF","4-Seam Fastball",9.7,-11.7,2.1,"18",18.6,3.5,-6.9,-3.5,"-50",0.9027431421446384,0.11471321695760599
"2025","Weissert, Greg","669711","Red Sox","BOS","R","94.1","247","695",6.619047619047619,0.3553956834532374,"FF","4-Seam Fastball",18.2,-17,-1.3,"-7",12.6,8.6,-10.2,-1.6,"-16",0.2817955112219451,0.286783042394015
"2025","Bellozo, Valente","678368","Marlins","MIA","R","90.9","247","861",8.441176470588236,0.2868757259001161,"FF","4-Seam Fastball",15.6,-16.1,0.5,"3",17.7,3.2,-6.9,-3.7,"-54",0.6184538653366584,0.09975062344139651
"2025","Cruz, Steven","674444","Royals","KC","R","98.3","247","511",4.961165048543689,0.48336594911937375,"FF","4-Seam Fastball",13.6,-13.1,-0.5,"-4",14.9,9.7,-8.3,1.5,"18",0.40648379052369077,0.6708229426433915
"2025","Gonsolin, Tony","664062","Dodgers","LAD","R","93.5","245","609",5.855769230769231,0.40229885057471265,"FF","4-Seam Fastball",14.9,-15,0.1,"1",16.6,10.1,-7.3,2.8,"38",0.5311720698254364,0.827930174563591
"2025","Scott, Tayler","605463","D-backs","AZ","R","92","244","494",4.75,0.4939271255060729,"FF","4-Seam Fastball",22.3,-19.4,-2.9,"-15",10.4,14.5,-11.2,3.3,"29",0.10224438902743142,0.8628428927680798
"2025","Duran, Jhoan","661395","Twins","MIN","R","100.3","244","721",7,0.33841886269070737,"FF","4-Seam Fastball",14.8,-11.9,-2.9,"-24",12.6,13.3,-8.3,4.9,"59",0.10224438902743142,0.9576059850374065
"2025","Wilson, Justin","458677","Red Sox","BOS","L","94.5","243","521",4.961904761904762,0.46641074856046066,"FF","4-Seam Fastball",11.9,-14.2,2.4,"17",19,5.5,-6.8,-1.3,"-19",0.9376558603491272,0.33915211970074816
"2025","Henriquez, Ronny","678692","Marlins","MIA","R","96.5","241","785",7.696078431372549,0.3070063694267516,"FF","4-Seam Fastball",11.1,-14.6,3.5,"24",18.5,6.3,-8.8,-2.4,"-28",0.9925187032418953,0.2194513715710723
"2025","Hernández, Daysbel","678226","Braves","ATL","R","97.9","240","550",5.392156862745098,0.43636363636363634,"FF","4-Seam Fastball",12.5,-13.4,0.9,"7",16.2,8.8,-8,0.7,"9",0.7032418952618454,0.5610972568578554
"2025","Thielbar, Caleb","573204","Cubs","CHC","L","92.6","240","551",5.349514563106796,0.4355716878402904,"FF","4-Seam Fastball",12.9,-15.2,2.4,"16",19.1,3.4,-7,-3.6,"-52",0.9376558603491272,0.10972568578553615
"2025","Palmquist, Carson","687223","Rockies","COL","L","90","238","591",5.737864077669903,0.4027072758037225,"FF","4-Seam Fastball",20.9,-20.3,-0.7,"-3",12.7,10.3,-9.6,0.7,"7",0.371571072319202,0.5610972568578554
"2025","Matsui, Yuki","673513","Padres","SD","L","92.2","237","676",6.5,0.3505917159763314,"FF","4-Seam Fastball",12.8,-15.6,2.8,"18",19.7,4,-7.2,-3.3,"-45",0.9675810473815462,0.12718204488778054
"2025","Fitts, Richard","690916","Red Sox","BOS","R","95.8","237","609",5.8,0.3891625615763547,"FF","4-Seam Fastball",13,-13.6,0.6,"4",17,2.3,-7.1,-4.8,"-67",0.6433915211970075,0.059850374064837904
"2025","Glasnow, Tyler","607192","Dodgers","LAD","R","95.8","237","585",5.625,0.40512820512820513,"FF","4-Seam Fastball",13,-13.3,0.3,"3",16.8,1.4,-6.5,-5.1,"-78",0.5810473815461347,0.04738154613466334
"2025","Ginkel, Kevin","656464","D-backs","AZ","R","94.9","235","471",4.528846153846154,0.4989384288747346,"FF","4-Seam Fastball",14.8,-13.3,-1.5,"-12",15.7,8.9,-6,2.9,"48",0.24688279301745636,0.8354114713216958
"2025","Muñoz, Andrés","662253","Mariners","SEA","R","98.7","232","670",6.4423076923076925,0.34626865671641793,"FF","4-Seam Fastball",15,-13.6,-1.4,"-10",13.2,11.3,-9,2.3,"26",0.26184538653366585,0.7780548628428927
"2025","Meyer, Max","676974","Marlins","MIA","R","95","231","1039",10.186274509803921,0.22232916265640038,"FF","4-Seam Fastball",15,-14.7,-0.3,"-2",15.4,9.1,-7.8,1.3,"16",0.4488778054862843,0.6408977556109726
"2025","Ferguson, Caleb","657571","Pirates","PIT","L","94","231","653",6.278846153846154,0.3537519142419602,"FF","4-Seam Fastball",15.1,-14.8,-0.3,"-2",15.9,5.1,-7.3,-2.2,"-30",0.4488778054862843,0.22693266832917705
"2025","King, Michael","650633","Padres","SD","R","93.7","231","923",8.875,0.2502708559046587,"FF","4-Seam Fastball",14.6,-15.5,0.9,"6",17,7.1,-7.9,-0.8,"-10",0.7032418952618454,0.38154613466334164
"2025","Morillo, Juan","666661","D-backs","AZ","R","99","229","478",4.596153846153846,0.4790794979079498,"FF","4-Seam Fastball",11.5,-12.8,1.4,"11",16.5,5.5,-8.4,-2.9,"-35",0.8129675810473815,0.16708229426433915
"2025","Young, Brandon","687064","Orioles","BAL","R","93.8","229","523",5.077669902912621,0.4378585086042065,"FF","4-Seam Fastball",13.2,-14.7,1.4,"10",18,2.6,-7,-4.4,"-63",0.8129675810473815,0.0773067331670823
"2025","Ferguson, Tyler","621053","Athletics","ATH","R","94.9","227","636",6,0.35691823899371067,"FF","4-Seam Fastball",16.3,-14.6,-1.7,"-12",14.3,9.1,-7.5,1.6,"21",0.22443890274314215,0.683291770573566
"2025","Burns, Chase","695505","Reds","CIN","R","98.1","226","398",3.826923076923077,0.5678391959798995,"FF","4-Seam Fastball",10.2,-11.8,1.6,"14",18.3,3.5,-6.3,-2.7,"-44",0.8503740648379052,0.19451371571072318
"2025","Romano, Jordan","605447","Phillies","PHI","R","95.5","226","599",5.815533980582524,0.3772954924874791,"FF","4-Seam Fastball",12.2,-13.2,1.1,"8",18,7.1,-6.5,0.6,"9",0.7531172069825436,0.5486284289276808
"2025","Pressly, Ryan","519151","Cubs","CHC","R","93.4","225","607",5.893203883495145,0.37067545304777594,"FF","4-Seam Fastball",15.3,-15.2,-0.1,"-1",16,0.2,-7.3,-7.5,"-102",0.49875311720698257,0.012468827930174564
"2025","Kinley, Tyler","641755","Rockies","COL","R","95.2","224","855",8.300970873786408,0.26198830409356727,"FF","4-Seam Fastball",15.7,-14.3,-1.4,"-10",14.3,2.2,-7.1,-4.9,"-69",0.26184538653366585,0.05486284289276808
"2025","Booser, Cam","592155","White Sox","CWS","L","95.8","223","451",4.336538461538462,0.49445676274944567,"FF","4-Seam Fastball",13.7,-13.9,0.2,"1",16.3,7.3,-7.4,-0.1,"-1",0.5511221945137157,0.4488778054862843
"2025","Hodge, Porter","687863","Cubs","CHC","R","95.8","223","433",4.203883495145631,0.5150115473441108,"FF","4-Seam Fastball",15.2,-13.7,-1.5,"-11",14.7,0.3,-7.5,-7.7,"-104",0.24688279301745636,0.007481296758104738
"2025","Lee, Dylan","669276","Braves","ATL","L","93.9","221","704",6.901960784313726,0.31392045454545453,"FF","4-Seam Fastball",12,-14.1,2.1,"15",19.1,8.5,-6.5,2,"31",0.9027431421446384,0.7331670822942643
"2025","Nola, Aaron","605400","Phillies","PHI","R","91.4","217","863",8.37864077669903,0.2514484356894554,"FF","4-Seam Fastball",18.2,-18.6,0.4,"2",14.7,13.7,-9.7,4,"41",0.6034912718204489,0.9276807980049875
"2025","Brzykcy, Zach","694350","Nationals","WSH","R","94.6","216","402",3.9029126213592233,0.5373134328358209,"FF","4-Seam Fastball",11.6,-14.3,2.7,"19",19,6.8,-7.1,-0.3,"-4",0.9600997506234414,0.41895261845386533
"2025","Fermin, José","820862","Angels","LAA","R","96.8","216","372",3.576923076923077,0.5806451612903226,"FF","4-Seam Fastball",12.1,-13.1,1,"8",17.3,9.2,-7,2.2,"31",0.7331670822942643,0.7630922693266833
"2025","Olson, Reese","681857","Tigers","DET","R","94.3","213","1159",11.038095238095238,0.18377911993097498,"FF","4-Seam Fastball",15.7,-15,-0.7,"-5",15.2,9.6,-7.7,1.9,"24",0.371571072319202,0.7231920199501247
"2025","Scherzer, Max","453286","Blue Jays","TOR","R","93.5","213","451",4.336538461538462,0.4722838137472284,"FF","4-Seam Fastball",15.5,-15.6,0.1,"1",16.1,8.3,-7.8,0.4,"6",0.5311720698254364,0.5087281795511222
"2025","Matthews, Zebby","805673","Twins","MIN","R","96.7","212","481",4.669902912621359,0.4407484407484408,"FF","4-Seam Fastball",13,-13.6,0.6,"4",16.3,9.3,-7.6,1.7,"23",0.6433915211970075,0.7007481296758105
"2025","Buttó, José","676130","Mets","NYM","R","94.9","211","726",6.980769230769231,0.290633608815427,"FF","4-Seam Fastball",15.1,-15.1,0,"0",15.3,2.9,-8.3,-5.3,"-65",0.5062344139650873,0.04239401496259352
"2025","Kerkering, Orion","689147","Phillies","PHI","R","97.6","211","699",6.786407766990291,0.30185979971387694,"FF","4-Seam Fastball",12.8,-13.2,0.4,"3",16.1,11.3,-7.7,3.6,"47",0.6034912718204489,0.9027431421446384
"2025","Myers, Tobias","668964","Brewers","MIL","R","92.9","210","412",4,0.5097087378640777,"FF","4-Seam Fastball",12.2,-15,2.8,"19",19.6,5.4,-6.9,-1.5,"-22",0.9675810473815462,0.29925187032418954
"2025","Gaddis, Hunter","683769","Guardians","CLE","R","94.6","210","668",6.549019607843137,0.3143712574850299,"FF","4-Seam Fastball",13.2,-13.6,0.5,"3",17.6,7.4,-6.5,0.9,"14",0.6184538653366584,0.5985037406483791
"2025","Zeferjahn, Ryan","666171","Angels","LAA","R","97.7","209","687",6.605769230769231,0.3042212518195051,"FF","4-Seam Fastball",13,-13.1,0.1,"1",15.9,5.2,-7.7,-2.5,"-32",0.5311720698254364,0.2119700748129676
"2025","Kranick, Max","668820","Mets","NYM","R","95.5","208","529",5.086538461538462,0.3931947069943289,"FF","4-Seam Fastball",12.9,-13.8,0.8,"6",17.2,3,-7.1,-4.2,"-59",0.685785536159601,0.08728179551122195
"2025","Gomber, Austin","596295","Rockies","COL","L","89.3","207","580",5.631067961165049,0.3568965517241379,"FF","4-Seam Fastball",17.8,-16.3,-1.5,"-9",16.2,6.5,-5.9,0.7,"11",0.24688279301745636,0.5610972568578554
"2025","Lively, Ben","594902","Guardians","CLE","R","89.7","206","719",7.049019607843137,0.2865090403337969,"FF","4-Seam Fastball",17.2,-19.6,2.3,"12",16.8,8.7,-8.6,0.1,"1",0.9251870324189526,0.48129675810473815
"2025","Abel, Mick","690953","Phillies","PHI","R","96.2","205","454",4.407766990291262,0.45154185022026433,"FF","4-Seam Fastball",13.1,-13.9,0.7,"5",16.5,8.1,-7.6,0.5,"6",0.6683291770573566,0.5261845386533666
"2025","Singer, Brady","663903","Reds","CIN","R","91.5","203","1767",16.990384615384617,0.11488398415393322,"FF","4-Seam Fastball",17.9,-17.6,-0.3,"-2",14.7,6.2,-8.5,-2.3,"-27",0.4488778054862843,0.22194513715710723
"2025","Allard, Kolby","663465","Guardians","CLE","L","90.3","202","608",5.96078431372549,0.33223684210526316,"FF","4-Seam Fastball",17.4,-18.4,1,"5",16.3,5.8,-8.7,-2.9,"-34",0.7331670822942643,0.16708229426433915
"2025","Thornton, Trent","663423","Mariners","SEA","R","94.3","201","616",5.923076923076923,0.3262987012987013,"FF","4-Seam Fastball",14.8,-15.7,0.9,"6",15.9,3.7,-8.6,-4.8,"-56",0.7032418952618454,0.059850374064837904
"2025","Gibaut, Ian","664139","Reds","CIN","R","94","199","388",3.730769230769231,0.5128865979381443,"FF","4-Seam Fastball",14.1,-14.3,0.3,"2",17,5.4,-7,-1.6,"-23",0.5810473815461347,0.286783042394015
"2025","Lazar, Max","676661","Phillies","PHI","R","94.3","199","350",3.3980582524271843,0.5685714285714286,"FF","4-Seam Fastball",15.2,-14.2,-1,"-7",15.5,0.7,-7,-6.3,"-90",0.3316708229426434,0.022443890274314215
"2025","Brieske, Beau","689225","Tigers","DET","R","95.7","199","405",3.857142857142857,0.49135802469135803,"FF","4-Seam Fastball",11.7,-14.2,2.6,"18",18.3,4.6,-7.6,-3,"-40",0.9551122194513716,0.14713216957605985
"2025","Rolison, Ryan","669020","Rockies","COL","L","92.7","198","441",4.281553398058253,0.4489795918367347,"FF","4-Seam Fastball",19.6,-15.4,-4.2,"-27",11.9,0.7,-7.2,-6.5,"-91",0.04239401496259352,0.0199501246882793
"2025","Banda, Anthony","607455","Dodgers","LAD","L","95.7","198","753",7.240384615384615,0.26294820717131473,"FF","4-Seam Fastball",15.5,-14.8,-0.6,"-4",14.4,10.2,-8.4,1.8,"21",0.38902743142144636,0.713216957605985
"2025","Weathers, Ryan","677960","Marlins","MIA","L","97.2","197","406",3.980392156862745,0.4852216748768473,"FF","4-Seam Fastball",12.1,-13.9,1.7,"13",17.1,9.1,-8,1.1,"14",0.8603491271820449,0.6209476309226932
"2025","Eisert, Brandon","685126","White Sox","CWS","L","89.8","196","737",7.086538461538462,0.26594301221166894,"FF","4-Seam Fastball",18.7,-19.6,0.9,"5",15.4,10.2,-8.6,1.6,"18",0.7032418952618454,0.683291770573566
"2025","Hoglund, Gunnar","680684","Athletics","ATH","R","93.6","196","547",5.160377358490566,0.3583180987202925,"FF","4-Seam Fastball",12.9,-14.1,1.2,"9",18.6,7.2,-6.4,0.8,"13",0.7805486284289277,0.5885286783042394
"2025","Feltner, Ryan","663372","Rockies","COL","R","93.5","195","522",5.067961165048544,0.3735632183908046,"FF","4-Seam Fastball",20.1,-15.8,-4.3,"-27",10.9,3.9,-8.2,-4.3,"-52",0.0399002493765586,0.08229426433915212
"2025","Cabrera, Edward","665795","Marlins","MIA","R","96.8","194","1432",14.03921568627451,0.13547486033519554,"FF","4-Seam Fastball",14.9,-13.3,-1.6,"-12",14.4,10.9,-7.4,3.5,"47",0.23690773067331672,0.8902743142144638
"2025","Blalock, Bradley","687134","Rockies","COL","R","94.7","193","452",4.388349514563107,0.4269911504424779,"FF","4-Seam Fastball",14.1,-13.7,-0.4,"-3",16.2,2.7,-6.5,-3.7,"-58",0.4314214463840399,0.09975062344139651
"2025","Schreiber, John","670167","Royals","KC","R","93.9","192","697",6.766990291262136,0.27546628407460544,"FF","4-Seam Fastball",20.2,-18.3,-1.9,"-10",10.7,10.6,-11.8,-1.2,"-10",0.20199501246882792,0.3516209476309227
"2025","Brebbia, John","605154","Tigers","DET","R","92.6","191","375",3.5714285714285716,0.5093333333333333,"FF","4-Seam Fastball",14.9,-15.9,1,"6",17.2,11.1,-7.6,3.4,"45",0.7331670822942643,0.8802992518703242
"2025","Wilson, Steven","621051","White Sox","CWS","R","93.5","190","604",5.8076923076923075,0.31456953642384106,"FF","4-Seam Fastball",12.5,-14.7,2.2,"15",19,6.7,-7,-0.3,"-4",0.9152119700748129,0.41895261845386533
"2025","Reynolds, Sean","669308","Padres","SD","R","96","188","386",3.7115384615384617,0.48704663212435234,"FF","4-Seam Fastball",13.3,-12.5,-0.7,"-6",16.6,10.1,-5.8,4.2,"73",0.371571072319202,0.9376558603491272
"2025","Jacob, Alek","689690","Padres","SD","R","85.4","187","470",4.519230769230769,0.39787234042553193,"FF","4-Seam Fastball",24.5,-24.7,0.2,"1",13.4,13.7,-13.7,0,"0",0.5511221945137157,0.456359102244389
"2025","Erceg, Lucas","668674","Royals","KC","R","97.6","185","631",6.12621359223301,0.2931854199683043,"FF","4-Seam Fastball",14.2,-12.8,-1.4,"-11",14.5,10.7,-7.4,3.3,"44",0.26184538653366585,0.8628428927680798
"2025","Rutledge, Jackson","671131","Nationals","WSH","R","95.8","185","870",8.446601941747574,0.21264367816091953,"FF","4-Seam Fastball",14.6,-13.8,-0.8,"-6",15.3,10.4,-7.2,3.3,"45",0.36159600997506236,0.8628428927680798
"2025","Suárez, Ranger","624133","Phillies","PHI","L","91.7","185","1320",12.815533980582524,0.14015151515151514,"FF","4-Seam Fastball",21,-16.2,-4.8,"-30",11.5,5.9,-7.5,-1.5,"-21",0.02743142144638404,0.29925187032418954
"2025","Iglesias, Raisel","628452","Braves","ATL","R","94.5","184","590",5.784313725490196,0.31186440677966104,"FF","4-Seam Fastball",15.5,-15.6,0.1,"1",15.2,8.5,-8.5,0,"0",0.5311720698254364,0.456359102244389
"2025","Lucas, Easton","687922","Blue Jays","TOR","L","93.5","182","368",3.5384615384615383,0.4945652173913043,"FF","4-Seam Fastball",14,-14.7,0.7,"5",17.7,4.8,-6.8,-2,"-29",0.6683291770573566,0.2518703241895262
"2025","Wesneski, Hayden","669713","Astros","HOU","R","93.8","182","508",4.884615384615385,0.35826771653543305,"FF","4-Seam Fastball",17.4,-14.5,-2.9,"-20",13.8,6.3,-6.9,-0.6,"-8",0.10224438902743142,0.39900249376558605
"2025","Festa, Matt","670036","Guardians","CLE","R","92","181","403",3.950980392156863,0.4491315136476427,"FF","4-Seam Fastball",20.5,-18.1,-2.4,"-13",11.6,0.6,-9.8,-10.5,"-107",0.14463840399002495,0
"2025","Sands, Cole","663485","Twins","MIN","R","94.8","181","663",6.436893203883495,0.2730015082956259,"FF","4-Seam Fastball",16.6,-15.5,-1.1,"-7",13.9,10.9,-8.7,2.2,"25",0.3167082294264339,0.7630922693266833
"2025","Armstrong, Shawn","542888","Rangers","TEX","R","93.5","179","683",6.5673076923076925,0.26207906295754024,"FF","4-Seam Fastball",15.5,-15.1,-0.4,"-3",16,5.2,-7.3,-2.1,"-29",0.4314214463840399,0.24438902743142144
"2025","Wrobleski, Justin","680736","Dodgers","LAD","L","95.8","179","632",6.076923076923077,0.28322784810126583,"FF","4-Seam Fastball",13.8,-15.9,2.1,"13",16,7.1,-10.1,-3,"-30",0.9027431421446384,0.14713216957605985
"2025","Neris, Héctor","593576","Astros","HOU","R","92.4","178","412",3.9615384615384617,0.4320388349514563,"FF","4-Seam Fastball",14.8,-15.7,1,"6",17.6,8.2,-7.4,0.8,"11",0.7331670822942643,0.5885286783042394
"2025","Brogdon, Connor","641401","Angels","LAA","R","95.5","178","453",4.355769230769231,0.39293598233995586,"FF","4-Seam Fastball",14.7,-13.7,-1,"-7",15.6,11.1,-7.3,3.8,"52",0.3316708229426434,0.9152119700748129
"2025","Santana, Dennis","642701","Pirates","PIT","R","94.7","177","625",6.009615384615385,0.2832,"FF","4-Seam Fastball",16.1,-15,-1.1,"-7",14.5,11.3,-7.9,3.4,"43",0.3167082294264339,0.8802992518703242
"2025","Holman, Grant","680880","Athletics","ATH","R","94.6","176","376",3.547169811320755,0.46808510638297873,"FF","4-Seam Fastball",15.5,-13.7,-1.8,"-13",15.3,8.7,-6.7,2,"29",0.2119700748129676,0.7331670822942643
"2025","Steele, Justin","657006","Cubs","CHC","L","90.8","176","313",3.0388349514563107,0.5623003194888179,"FF","4-Seam Fastball",18.4,-16.2,-2.3,"-14",14.9,0.8,-6.9,-6.1,"-89",0.16458852867830423,0.029925187032418952
"2025","Rocker, Kumar","677958","Rangers","TEX","R","95.9","172","941",9.048076923076923,0.18278427205100956,"FF","4-Seam Fastball",18.2,-14.1,-4.1,"-29",11.7,10.7,-7.9,2.8,"35",0.04738154613466334,0.827930174563591
"2025","Graceffo, Gordon","700669","Cardinals","STL","R","95.4","172","391",3.723809523809524,0.4398976982097187,"FF","4-Seam Fastball",14.3,-13.8,-0.5,"-3",15.8,4.8,-7.1,-2.3,"-33",0.40648379052369077,0.22194513715710723
"2025","Barlow, Scott","605130","Reds","CIN","R","92.8","171","809",7.778846153846154,0.21137206427688504,"FF","4-Seam Fastball",19.5,-17,-2.6,"-15",12.2,3.2,-8.9,-5.8,"-64",0.12967581047381546,0.03740648379052369
"2025","Merryweather, Julian","657240","Cubs","CHC","R","96","169","353",3.4271844660194173,0.47875354107648727,"FF","4-Seam Fastball",13,-13.3,0.3,"2",16.8,4.7,-6.9,-2.2,"-32",0.5810473815461347,0.22693266832917705
"2025","Bazardo, Eduard","660825","Mariners","SEA","R","94.8","169","845",8.125,0.2,"FF","4-Seam Fastball",14.4,-15.1,0.7,"5",16.2,8.2,-8.2,0,"0",0.6683291770573566,0.456359102244389
"2025","Adam, Jason","592094","Padres","SD","R","94.5","168","832",8,0.20192307692307693,"FF","4-Seam Fastball",12,-13.7,1.7,"13",18.9,8,-6.4,1.6,"24",0.8603491271820449,0.683291770573566
"2025","Stratton, Chris","608717","Dodgers","LAD","R","91.2","166","411",3.951923076923077,0.40389294403892945,"FF","4-Seam Fastball",16.8,-16.2,-0.6,"-4",16,5.3,-7.2,-1.9,"-27",0.38902743142144636,0.256857855361596
"2025","Lynch IV, Daniel","663738","Royals","KC","L","94.1","165","684",6.640776699029126,0.2412280701754386,"FF","4-Seam Fastball",16,-14.7,-1.4,"-9",15,10.1,-7.2,2.9,"40",0.26184538653366585,0.8354114713216958
"2025","Morgan, David","688158","Padres","SD","R","97.7","164","394",3.7884615384615383,0.41624365482233505,"FF","4-Seam Fastball",13.1,-14.5,1.4,"10",15.7,7.4,-9.2,-1.8,"-20",0.8129675810473815,0.26932668329177056
"2025","Jackson, Luke","592426","Rangers","TEX","R","94.3","164","516",4.961538461538462,0.3178294573643411,"FF","4-Seam Fastball",12.6,-13.6,1,"7",18.5,6.2,-6.2,0,"0",0.7331670822942643,0.456359102244389
"2025","Gordon, Tanner","685299","Rockies","COL","R","91.8","162","339",3.29126213592233,0.4778761061946903,"FF","4-Seam Fastball",18.6,-15.6,-2.9,"-19",13.9,10.1,-6.9,3.1,"45",0.10224438902743142,0.8553615960099751
"2025","Sheehan, Emmet","686218","Dodgers","LAD","R","95.7","162","343",3.298076923076923,0.47230320699708456,"FF","4-Seam Fastball",12.3,-14.4,2.1,"15",17.7,10,-8,2,"26",0.9027431421446384,0.7331670822942643
"2025","Miller, Erik","669062","Giants","SF","L","97.2","162","482",4.634615384615385,0.3360995850622407,"FF","4-Seam Fastball",14.3,-12.3,-2,"-17",14.8,10.4,-6.2,4.2,"67",0.18952618453865336,0.9376558603491272
"2025","Civale, Aaron","650644","White Sox","CWS","R","91.8","160","1025",9.85576923076923,0.15609756097560976,"FF","4-Seam Fastball",14.9,-15.7,0.8,"5",17.7,8,-7,0.9,"13",0.685785536159601,0.5985037406483791
"2025","Soriano, José","667755","Angels","LAA","R","97.7","160","2045",19.66346153846154,0.07823960880195599,"FF","4-Seam Fastball",15.2,-12.8,-2.4,"-19",13.5,8.2,-7.5,0.6,"8",0.14463840399002495,0.5486284289276808
"2025","García, Yimi","554340","Blue Jays","TOR","R","96","159","359",3.451923076923077,0.4428969359331476,"FF","4-Seam Fastball",14.2,-15.9,1.7,"11",15.7,9.9,-9.9,0,"0",0.8603491271820449,0.456359102244389
"2025","Henderson, Logan","701656","Brewers","MIL","R","93","158","334",3.2427184466019416,0.47305389221556887,"FF","4-Seam Fastball",14.7,-17.2,2.5,"15",17.2,11,-9.4,1.6,"17",0.9451371571072319,0.683291770573566
"2025","Webb, Logan","657277","Giants","SF","R","92.9","158","2112",20.307692307692307,0.07481060606060606,"FF","4-Seam Fastball",20.9,-17.4,-3.5,"-20",10.8,9.3,-9.5,-0.3,"-3",0.07481296758104738,0.41895261845386533
"2025","Walter, Brandon","687888","Astros","HOU","L","91.8","157","814",7.826923076923077,0.1928746928746929,"FF","4-Seam Fastball",20.4,-16.5,-3.9,"-24",12.1,10,-7.7,2.3,"30",0.057356608478802994,0.7780548628428927
"2025","Banks, Tanner","621383","Phillies","PHI","L","92.7","157","723",7.019417475728155,0.21715076071922546,"FF","4-Seam Fastball",17.5,-15.1,-2.4,"-16",14.4,2.2,-6.8,-4.6,"-67",0.14463840399002495,0.06982543640897755
"2025","Schultz, Paxton","687606","Blue Jays","TOR","R","93.8","157","434",4.173076923076923,0.3617511520737327,"FF","4-Seam Fastball",14.3,-15.3,0.9,"6",17,7.6,-7.7,-0.1,"-2",0.7032418952618454,0.4488778054862843
"2025","Martin, Chris","455119","Rangers","TEX","R","94.8","154","493",4.740384615384615,0.31237322515212984,"FF","4-Seam Fastball",15.7,-13.9,-1.8,"-13",14.9,7.5,-6.8,0.7,"11",0.2119700748129676,0.5610972568578554
"2025","Snider, Collin","676092","Mariners","SEA","R","92.4","150","477",4.586538461538462,0.31446540880503143,"FF","4-Seam Fastball",23.6,-17.9,-5.7,"-32",8.4,1.6,-9.9,-8.3,"-84",0.014962593516209476,0.004987531172069825
"2025","Lee, Chase","695445","Tigers","DET","R","89.2","149","554",5.276190476190476,0.26895306859205775,"FF","4-Seam Fastball",28.5,-28.4,0,"0",5.7,5,-7.1,-2.1,"-29",0.5062344139650873,0.24438902743142144
"2025","Orze, Eric","679358","Rays","TB","R","93.9","148","616",5.923076923076923,0.24025974025974026,"FF","4-Seam Fastball",14.1,-14.5,0.4,"3",17,10,-7,3,"44",0.6034912718204489,0.8453865336658354
"2025","Bassitt, Chris","605135","Blue Jays","TOR","R","91.4","147","1950",18.75,0.07538461538461538,"FF","4-Seam Fastball",21.1,-17.2,-3.8,"-22",11.8,5.5,-8.3,-2.8,"-34",0.06483790523690773,0.18453865336658354
"2025","Salazar, Eduardo","674285","Nationals","WSH","R","95.1","144","545",5.29126213592233,0.26422018348623855,"FF","4-Seam Fastball",17.4,-14.4,-3.1,"-21",12.8,11,-7.6,3.5,"46",0.08977556109725686,0.8902743142144638
"2025","Faucher, Calvin","676534","Marlins","MIA","R","95.7","143","696",6.823529411764706,0.20545977011494254,"FF","4-Seam Fastball",14.4,-14.9,0.5,"4",15.6,7.9,-8.5,-0.5,"-6",0.6184538653366584,0.40648379052369077
"2025","Rodríguez, Elvin","660730","Brewers","MIL","R","94.3","143","317",3.0776699029126213,0.45110410094637227,"FF","4-Seam Fastball",11.8,-14.3,2.5,"17",19.3,6.2,-7,-0.8,"-12",0.9451371571072319,0.38154613466334164
"2025","Houser, Adrian","605288","White Sox","CWS","R","95.1","143","999",9.60576923076923,0.14314314314314314,"FF","4-Seam Fastball",15.6,-14,-1.5,"-11",14.9,11.3,-7.2,4.1,"57",0.24688279301745636,0.9326683291770573
"2025","Johnson, Pierce","572955","Braves","ATL","R","95.3","140","599",5.872549019607843,0.2337228714524207,"FF","4-Seam Fastball",14.8,-14.5,-0.3,"-2",15.4,11.1,-7.7,3.3,"43",0.4488778054862843,0.8628428927680798
"2025","Elder, Bryce","693821","Braves","ATL","R","92.2","140","1434",14.058823529411764,0.09762900976290098,"FF","4-Seam Fastball",17.3,-15.2,-2,"-13",14.8,3.6,-6.6,-3,"-45",0.18952618453865336,0.14713216957605985
"2025","Eflin, Zach","621107","Orioles","BAL","R","92","139","1048",10.174757281553399,0.13263358778625955,"FF","4-Seam Fastball",20.6,-16.6,-4,"-24",11.7,9.4,-8,1.4,"18",0.05236907730673317,0.655860349127182
"2025","Gillispie, Connor","687362","Marlins","MIA","R","91.2","138","471",4.617647058823529,0.2929936305732484,"FF","4-Seam Fastball",13.4,-16.6,3.2,"19",19.7,7.5,-7.8,-0.3,"-4",0.9850374064837906,0.41895261845386533
"2025","Zerpa, Angel","672582","Royals","KC","L","96","137","706",6.854368932038835,0.19405099150141644,"FF","4-Seam Fastball",17.4,-16.1,-1.3,"-8",12.3,9,-10.5,-1.5,"-14",0.2817955112219451,0.29925187032418954
"2025","Vasil, Mike","678024","White Sox","CWS","R","94.5","137","1010",9.711538461538462,0.13564356435643565,"FF","4-Seam Fastball",17.7,-14.9,-2.8,"-19",13,6.8,-7.6,-0.8,"-11",0.11970074812967581,0.38154613466334164
"2025","Ashcraft, Braxton","677952","Pirates","PIT","R","96.8","137","425",4.086538461538462,0.32235294117647056,"FF","4-Seam Fastball",13.5,-13.1,-0.3,"-3",15.7,7.3,-7.1,0.2,"3",0.4488778054862843,0.4937655860349127
"2025","Wilson, Bryse","669060","White Sox","CWS","R","92.6","137","833",8.009615384615385,0.1644657863145258,"FF","4-Seam Fastball",16.3,-15.3,-1,"-6",15.8,8.2,-7.1,1.1,"16",0.3316708229426434,0.6209476309226932
"2025","Quintana, Jose","500779","Brewers","MIL","L","90.1","136","1275",12.37864077669903,0.10666666666666667,"FF","4-Seam Fastball",17.7,-17,-0.7,"-4",16.1,4.4,-7.3,-2.9,"-40",0.371571072319202,0.16708229426433915
"2025","Gómez, Yoendrys","672782","White Sox","CWS","R","93.4","136","330",3.173076923076923,0.4121212121212121,"FF","4-Seam Fastball",15.4,-15.6,0.2,"1",16.1,5.1,-7.9,-2.8,"-36",0.5511221945137157,0.18453865336658354
"2025","Agnos, Zach","688642","Rockies","COL","R","95.9","134","478",4.640776699029126,0.2803347280334728,"FF","4-Seam Fastball",15.3,-14.2,-1,"-7",14.3,8,-7.6,0.4,"6",0.3316708229426434,0.5087281795511222
"2025","Veneziano, Anthony","685107","Marlins","MIA","L","94.1","133","411",4.029411764705882,0.3236009732360097,"FF","4-Seam Fastball",16.5,-14.7,-1.8,"-12",14.6,8.4,-7.2,1.3,"18",0.2119700748129676,0.6408977556109726
"2025","Herrin, Tim","682120","Guardians","CLE","L","94.5","125","509",4.990196078431373,0.2455795677799607,"FF","4-Seam Fastball",17.9,-14.9,-2.9,"-20",12.7,8.4,-7.7,0.7,"9",0.10224438902743142,0.5610972568578554
"2025","Holmes, Clay","605280","Mets","NYM","R","93.1","124","1892",18.192307692307693,0.06553911205073996,"FF","4-Seam Fastball",17.8,-14.9,-2.9,"-20",13.8,6.3,-6.9,-0.6,"-8",0.10224438902743142,0.39900249376558605
"2025","Richardson, Lyon","680689","Reds","CIN","R","95.6","120","595",5.721153846153846,0.20168067226890757,"FF","4-Seam Fastball",15.4,-15.3,0,"0",14.7,9.8,-9.1,0.7,"8",0.5062344139650873,0.5610972568578554
"2025","Slaten, Justin","686580","Red Sox","BOS","R","97","118","333",3.1714285714285713,0.35435435435435436,"FF","4-Seam Fastball",10.5,-13,2.5,"19",18.7,2.9,-7.3,-4.5,"-61",0.9451371571072319,0.07481296758104738
"2025","Strickland, Hunter","519326","Angels","LAA","R","93.6","117","332",3.1923076923076925,0.35240963855421686,"FF","4-Seam Fastball",16.4,-15.1,-1.3,"-9",15,7.1,-7.4,-0.3,"-4",0.2817955112219451,0.41895261845386533
"2025","Jax, Griffin","643377","Twins","MIN","R","97","117","735",7.135922330097087,0.15918367346938775,"FF","4-Seam Fastball",12.7,-14,1.3,"9",16.4,5.7,-8.4,-2.6,"-31",0.7955112219451371,0.20199501246882792
"2025","McGreevy, Michael","700241","Cardinals","STL","R","93","116","425",4.0476190476190474,0.27294117647058824,"FF","4-Seam Fastball",18.9,-15.2,-3.7,"-24",12.7,8.8,-7,1.8,"26",0.06733167082294264,0.713216957605985
"2025","Brazobán, Huascar","623211","Mets","NYM","R","96.6","115","813",7.8173076923076925,0.14145141451414514,"FF","4-Seam Fastball",15.4,-14.6,-0.8,"-6",14.1,11,-8.5,2.4,"29",0.36159600997506236,0.800498753117207
"2025","Carrasco, Carlos","471911","Yankees","NYY","R","91.5","114","514",4.990291262135922,0.22178988326848248,"FF","4-Seam Fastball",21,-15.9,-5,"-32",11.6,5.2,-7,-1.8,"-26",0.02493765586034913,0.26932668329177056
"2025","Walker, Taijuan","592836","Phillies","PHI","R","92.4","112","1154",11.20388349514563,0.09705372616984402,"FF","4-Seam Fastball",15.1,-15,-0.1,"-1",17.1,8.9,-6.6,2.3,"35",0.49875311720698257,0.7780548628428927
"2025","Long, Sam","669674","Royals","KC","L","93.2","110","320",3.1067961165048543,0.34375,"FF","4-Seam Fastball",14.8,-15.4,0.6,"4",16.8,6.3,-7.4,-1,"-14",0.6433915211970075,0.3740648379052369
"2025","Yarbrough, Ryan","642232","Yankees","NYY","L","88.2","109","878",8.524271844660195,0.12414578587699317,"FF","4-Seam Fastball",24.1,-19.4,-4.7,"-24",11.3,14.6,-8.2,6.4,"77",0.029925187032418952,0.9875311720698254
"2025","Trivino, Lou","642152","Dodgers","LAD","R","94.7","108","696",6.6923076923076925,0.15517241379310345,"FF","4-Seam Fastball",16.3,-14.3,-2,"-14",14.2,8.5,-7.2,1.4,"19",0.18952618453865336,0.655860349127182
"2025","Montas, Frankie","593423","Mets","NYM","R","95.7","107","417",4.009615384615385,0.2565947242206235,"FF","4-Seam Fastball",14.3,-14.2,-0.2,"-1",15.4,4.4,-7.5,-3.2,"-42",0.4763092269326683,0.13466334164588528
"2025","Waddell, Brandon","663399","Mets","NYM","L","90.7","106","454",4.365384615384615,0.23348017621145375,"FF","4-Seam Fastball",18,-16.2,-1.8,"-11",15.4,3.4,-6.9,-3.5,"-51",0.2119700748129676,0.11471321695760599
"2025","Clarke, Taylor","664199","Royals","KC","R","94.8","104","413",4.009708737864078,0.25181598062953997,"FF","4-Seam Fastball",13.6,-14.3,0.8,"5",16.9,7.2,-7.2,0,"0",0.685785536159601,0.456359102244389
"2025","Bowlan, Jonathan","680742","Royals","KC","R","95.9","102","343",3.3300970873786406,0.29737609329446063,"FF","4-Seam Fastball",12.4,-13.3,0.9,"7",17.4,7.8,-6.8,1,"14",0.7032418952618454,0.6084788029925187
"2025","Hall, DL","669084","Brewers","MIL","L","94","102","353",3.4271844660194173,0.28895184135977336,"FF","4-Seam Fastball",15.1,-15.2,0.1,"1",16,6.7,-7.9,-1.2,"-15",0.5311720698254364,0.3516209476309227
"2025","Shugart, Chase","663767","Pirates","PIT","R","95.4","102","597",5.740384615384615,0.1708542713567839,"FF","4-Seam Fastball",15.3,-14.9,-0.4,"-3",14.8,6.9,-8.2,-1.4,"-17",0.4314214463840399,0.3192019950124688
"2025","Evans, Logan","688138","Mariners","SEA","R","92.8","102","962",9.25,0.10602910602910603,"FF","4-Seam Fastball",20.1,-15.6,-4.6,"-29",11.7,13.1,-7.7,5.4,"71",0.034912718204488775,0.972568578553616
"2025","Schmidt, Clarke","657376","Yankees","NYY","R","94.2","100","1226",11.902912621359222,0.08156606851549755,"FF","4-Seam Fastball",15.2,-15.2,0,"0",15.6,5.2,-7.7,-2.6,"-33",0.5062344139650873,0.20199501246882792
"2025","Cabrera, Génesis","650893","Pirates","PIT","L","95.9","100","382",3.673076923076923,0.2617801047120419,"FF","4-Seam Fastball",12.8,-14.1,1.3,"10",17.1,8.1,-7.6,0.5,"7",0.7955112219451371,0.5261845386533666
"2025","Milner, Hoby","571948","Rangers","TEX","L","87.7","99","779",7.490384615384615,0.12708600770218229,"FF","4-Seam Fastball",29.5,-26.4,-3,"-12",6.6,15.1,-10.3,4.8,"47",0.09476309226932668,0.9551122194513716
"2025","Sauer, Matt","669422","Dodgers","LAD","R","94.1","99","468",4.5,0.21153846153846154,"FF","4-Seam Fastball",14.2,-14.5,0.3,"2",16.8,5.3,-7.1,-1.8,"-25",0.5810473815461347,0.26932668329177056
"2025","López, Jorge","605347","Nationals","WSH","R","94.7","99","387",3.7572815533980584,0.2558139534883721,"FF","4-Seam Fastball",16.1,-14.4,-1.7,"-12",14.4,10,-7.3,2.7,"37",0.22443890274314215,0.8179551122194514
"2025","Cruz, Fernando","518585","Yankees","NYY","R","93.8","96","535",5.194174757281553,0.17943925233644858,"FF","4-Seam Fastball",13.8,-14.4,0.6,"4",17.5,6.2,-6.9,-0.6,"-9",0.6433915211970075,0.39900249376558605
"2025","Boushley, Caleb","676961","Rangers","TEX","R","92.1","95","522",5.019230769230769,0.18199233716475097,"FF","4-Seam Fastball",15.7,-16,0.3,"2",16.7,5.7,-7.6,-1.9,"-25",0.5810473815461347,0.256857855361596
"2025","Beck, Tristan","663941","Giants","SF","R","94.5","94","318",3.0576923076923075,0.29559748427672955,"FF","4-Seam Fastball",15.3,-14.2,-1.1,"-8",15.4,8.9,-7,2,"28",0.3167082294264339,0.7331670822942643
"2025","Gipson-Long, Sawyer","687830","Tigers","DET","R","93","94","321",3.057142857142857,0.29283489096573206,"FF","4-Seam Fastball",17.2,-16,-1.2,"-8",14.5,10.7,-8.3,2.4,"29",0.29925187032418954,0.800498753117207
"2025","Hill, Tim","657612","Yankees","NYY","L","89.9","93","623",6.048543689320389,0.1492776886035313,"FF","4-Seam Fastball",31.3,-30.3,-1.1,"-3",3,17.8,-14.5,3.3,"23",0.3167082294264339,0.8628428927680798
"2025","Holton, Tyler","663947","Tigers","DET","L","91.8","93","751",7.152380952380953,0.12383488681757657,"FF","4-Seam Fastball",16.2,-15.8,-0.3,"-2",16.3,5.3,-7.2,-1.9,"-26",0.4488778054862843,0.256857855361596
"2025","Altavilla, Dan","656186","White Sox","CWS","R","95.8","92","348",3.3461538461538463,0.26436781609195403,"FF","4-Seam Fastball",16.1,-15.9,-0.2,"-1",13.8,11.2,-9.8,1.4,"15",0.4763092269326683,0.655860349127182
"2025","Kahnle, Tommy","592454","Tigers","DET","R","93.7","90","641",6.104761904761904,0.14040561622464898,"FF","4-Seam Fastball",14.4,-14.9,0.5,"3",16.8,7,-7.2,-0.2,"-3",0.6184538653366584,0.4339152119700748
"2025","Hamilton, Ian","641656","Yankees","NYY","R","95.4","90","632",6.135922330097087,0.14240506329113925,"FF","4-Seam Fastball",15.2,-14.7,-0.5,"-3",15,10.2,-8.1,2.1,"26",0.40648379052369077,0.7581047381546134
"2025","Fisher, Braydon","680755","Blue Jays","TOR","R","95.7","89","472",4.538461538461538,0.1885593220338983,"FF","4-Seam Fastball",12.1,-14,1.8,"13",17.9,5.7,-7.3,-1.6,"-22",0.8827930174563591,0.286783042394015
"2025","Bummer, Aaron","607481","Braves","ATL","L","91.7","85","722",7.078431372549019,0.11772853185595568,"FF","4-Seam Fastball",21.7,-18.2,-3.5,"-19",10.7,8.5,-9.6,-1.1,"-11",0.07481296758104738,0.36159600997506236
"2025","Kelly, Zack","677161","Red Sox","BOS","R","96.1","82","380",3.619047619047619,0.21578947368421053,"FF","4-Seam Fastball",14.8,-13.8,-1.1,"-8",15,10,-7.7,2.3,"30",0.3167082294264339,0.7780548628428927
"2025","Phillips, Tyler","663969","Marlins","MIA","R","94.4","81","708",6.9411764705882355,0.11440677966101695,"FF","4-Seam Fastball",21.3,-14.6,-6.6,"-45",9.4,5.3,-7.3,-2,"-27",0.0024937655860349127,0.2518703241895262
"2025","Englert, Mason","669438","Rays","TB","R","93.8","78","435",4.1826923076923075,0.1793103448275862,"FF","4-Seam Fastball",14.1,-15,0.9,"6",17,7.8,-7.3,0.4,"6",0.7032418952618454,0.5087281795511222
"2025","Hicks, Jordan","663855","Red Sox","BOS","R","97.3","76","925",8.80952380952381,0.08216216216216216,"FF","4-Seam Fastball",15.8,-13.5,-2.3,"-17",13.2,10,-7.9,2,"26",0.16458852867830423,0.7331670822942643
"2025","Hanifee, Brenan","669724","Tigers","DET","R","96.4","74","770",7.333333333333333,0.09610389610389611,"FF","4-Seam Fastball",17.8,-14.7,-3.1,"-21",11.7,11.3,-8.7,2.7,"31",0.08977556109725686,0.8179551122194514
"2025","Hart, Kyle","606996","Padres","SD","L","91","74","484",4.653846153846154,0.15289256198347106,"FF","4-Seam Fastball",18.4,-17,-1.4,"-8",14.9,8.2,-7.8,0.4,"5",0.26184538653366585,0.5087281795511222
"2025","Rodríguez, Manuel","655889","Rays","TB","R","96.9","71","431",4.144230769230769,0.16473317865429235,"FF","4-Seam Fastball",13.2,-13.8,0.6,"4",15.9,3.8,-8,-4.3,"-53",0.6433915211970075,0.08229426433915212
"2025","Coulombe, Danny","543056","Twins","MIN","L","90.3","70","454",4.407766990291262,0.15418502202643172,"FF","4-Seam Fastball",18.4,-16.5,-2,"-12",15.1,0.5,-6.8,-6.3,"-93",0.18952618453865336,0.022443890274314215
"2025","Chafin, Andrew","605177","Nationals","WSH","L","90","66","347",3.3689320388349513,0.19020172910662825,"FF","4-Seam Fastball",17.6,-15.7,-1.9,"-12",16.3,8.5,-6.2,2.3,"37",0.20199501246882792,0.7780548628428927
"2025","Soriano, George","666277","Marlins","MIA","R","95.8","61","386",3.784313725490196,0.15803108808290156,"FF","4-Seam Fastball",17,-15.2,-1.9,"-12",12.9,9,-8.9,0,"0",0.20199501246882792,0.456359102244389
"2025","Cano, Yennier","666974","Orioles","BAL","R","95.2","60","606",5.883495145631068,0.09900990099009901,"FF","4-Seam Fastball",22.4,-15.6,-6.8,"-43",7.9,14,-9.1,4.9,"53",0,0.9576059850374065
"2025","Gilbert, Tyler","656457","White Sox","CWS","L","90.4","58","487",4.6826923076923075,0.11909650924024641,"FF","4-Seam Fastball",22.4,-19.8,-2.7,"-13",11.2,10.7,-10.9,-0.3,"-3",0.12468827930174564,0.41895261845386533
"2025","Soto, Gregory","642397","Orioles","BAL","L","97.1","57","607",5.893203883495145,0.09390444810543658,"FF","4-Seam Fastball",16.3,-13.4,-2.9,"-22",12.8,11.5,-7.7,3.8,"49",0.10224438902743142,0.9152119700748129
"2025","Gibson, Cade","806188","Marlins","MIA","L","92.1","57","514",5.03921568627451,0.11089494163424124,"FF","4-Seam Fastball",20.4,-15.9,-4.4,"-28",11.9,8.9,-7.4,1.5,"20",0.03740648379052369,0.6708229426433915
"2025","McCullers Jr., Lance","621121","Astros","HOU","R","91.9","56","915",8.798076923076923,0.06120218579234973,"FF","4-Seam Fastball",20.1,-17.8,-2.4,"-13",12.4,7.2,-9.4,-2.2,"-23",0.14463840399002495,0.22693266832917705
"2025","Herget, Jimmy","623474","Rockies","COL","R","93","53","821",7.970873786407767,0.06455542021924482,"FF","4-Seam Fastball",22.9,-18.8,-4.1,"-22",8.4,12.4,-12.1,0.3,"2",0.04738154613466334,0.5012468827930174
"2025","Hurter, Brant","676428","Tigers","DET","L","92.1","52","847",8.066666666666666,0.06139315230224321,"FF","4-Seam Fastball",21.9,-15.9,-6,"-38",10.3,4.1,-7.4,-3.3,"-45",0.012468827930174564,0.12718204488778054
"2025","Kittredge, Andrew","552640","Orioles","BAL","R","94.3","51","407",3.9514563106796117,0.12530712530712532,"FF","4-Seam Fastball",14.4,-14.3,0,"0",16.3,2,-7,-5,"-72",0.5062344139650873,0.05236907730673317
"2025","DeSclafani, Anthony","543101","D-backs","AZ","R","94.2","50","355",3.4134615384615383,0.14084507042253522,"FF","4-Seam Fastball",15.2,-15.2,0,"0",16,11.8,-7.9,4,"50",0.5062344139650873,0.9276807980049875
"2025","Pérez, Cionel","672335","Orioles","BAL","L","95.5","49","437",4.242718446601942,0.11212814645308924,"FF","4-Seam Fastball",15.2,-15.2,-0.1,"0",14.9,7,-8.6,-1.7,"-19",0.49875311720698257,0.2793017456359102
"2025","Cleavinger, Garrett","664076","Rays","TB","L","97","47","536",5.153846153846154,0.08768656716417911,"FF","4-Seam Fastball",13.4,-14.9,1.5,"10",15.7,7.9,-9.2,-1.3,"-14",0.8329177057356608,0.33915211970074816
"2025","Romero, JoJo","668941","Cardinals","STL","L","94.3","46","536",5.104761904761904,0.08582089552238806,"FF","4-Seam Fastball",18,-16.8,-1.3,"-8",12.8,10.8,-10.7,0,"0",0.2817955112219451,0.456359102244389
"2025","Houck, Tanner","656557","Red Sox","BOS","R","95","44","749",7.133333333333334,0.05874499332443257,"FF","4-Seam Fastball",20.7,-15.6,-5.1,"-33",9.7,11.7,-8.9,2.8,"31",0.0199501246882793,0.827930174563591
"2025","Peralta, Wandy","593974","Padres","SD","L","95.4","43","752",7.230769230769231,0.057180851063829786,"FF","4-Seam Fastball",17,-14.4,-2.6,"-18",13.1,9.9,-7.6,2.3,"30",0.12967581047381546,0.7780548628428927
"2025","Thompson, Ryan","657044","D-backs","AZ","R","91.4","42","523",5.028846153846154,0.08030592734225621,"FF","4-Seam Fastball",25.7,-22.8,-3,"-13",7.1,9.4,-12.3,-2.9,"-24",0.09476309226932668,0.16708229426433915
"2025","Junis, Jakob","596001","Guardians","CLE","R","90.8","35","688",6.745098039215686,0.050872093023255814,"FF","4-Seam Fastball",19.7,-17.3,-2.4,"-14",13.5,5,-8,-3,"-38",0.14463840399002495,0.14713216957605985
"2025","Alexander, Jason","669920","Astros","HOU","R","92.2","32","371",3.5673076923076925,0.0862533692722372,"FF","4-Seam Fastball",19.9,-16,-3.9,"-24",12.5,13,-7.5,5.6,"75",0.057356608478802994,0.9800498753117207
"2025","De los Santos, Yerry","660787","Yankees","NYY","R","94.9","29","338",3.2815533980582523,0.08579881656804733,"FF","4-Seam Fastball",17.5,-14.3,-3.2,"-22",12.9,12.8,-7.3,5.5,"76",0.08478802992518704,0.9750623441396509
"2025","Blackburn, Paul","621112","Mets","NYM","R","92.4","25","363",3.4903846153846154,0.06887052341597796,"FF","4-Seam Fastball",17.3,-16,-1.3,"-8",14.9,5.1,-7.5,-2.5,"-33",0.2817955112219451,0.2119700748129676
"2025","Kelly, Kevin","687330","Rays","TB","R","91.7","25","379",3.644230769230769,0.06596306068601583,"FF","4-Seam Fastball",21.8,-20.3,-1.5,"-7",10.7,9.4,-11.9,-2.5,"-21",0.24688279301745636,0.2119700748129676
"2025","Castillo, José","620454","Mets","NYM","L","93.2","23","331",3.1826923076923075,0.06948640483383686,"FF","4-Seam Fastball",18.3,-15,-3.3,"-22",13.2,5.8,-7.1,-1.3,"-18",0.0798004987531172,0.33915211970074816