"year","last_name, first_name","player_id","pitch_hand","api_pitch_type","n_pitches","release_speed","spin_rate","movement_inches","alan_active_spin_pct","active_spin","hawkeye_measured","movement_inferred","api_pitch_name","active_spin_formatted","hawkeye_measured_clock_minutes","movement_inferred_clock_minutes","diff_measured_inferred","diff2","diff_measured_inferred_minutes","hawkeye_measured_clock_hh","hawkeye_measured_clock_mm","movement_inferred_clock_hh","movement_inferred_clock_mm","diff_clock_hh","diff_clock_mm","hawkeye_measured_clock_label","movement_inferred_clock_label","diff_clock_label"
2025,"Verlander, Justin",434378,"R","FF",669,"94",2439,"20.3",0.912583078110902,0.9588379056087513,153.21236380644598,152.4015265810021,"4-Seam Fastball",96,60,60,0.8108372254438905,0.8108372254438754,0,1,0,1,0,0,0,"1:00","1:00"," 0H 00M"
2025,"Morton, Charlie",450203,"R","FF",500,"94.2",2325,"17.1",0.8062611835669401,0.863155449305653,126.14291920263615,133.60062451030367,"4-Seam Fastball",86,105,90,-7.457705307667524,7.457705307667521,15,1,45,1,30,0,15,"1:45","1:30","+0H 15M"
2025,"Scherzer, Max",453286,"R","FF",211,"93.6",2393,"17.7",0.8187370280205745,0.9227498785341075,145.35172085745353,150.93156197647687,"4-Seam Fastball",92,75,60,-5.579841119023342,5.579841119023339,15,1,15,1,0,0,15,"1:15","1:00","+0H 15M"
2025,"Wilson, Justin",458677,"L","FF",243,"94.5",2251,"19.3",0.899270929879464,0.9629548877868208,203.19750750997358,197.19066546327326,"4-Seam Fastball",96,675,690,6.006842046700314,6.006842046700299,-15,11,15,11,30,0,15,"11:15","11:30","-0H 15M"
2025,"Kershaw, Clayton",477132,"L","FF",308,"89",2311,"17",0.790049817946882,0.8434982961017274,186.18547326455774,179.86287376014965,"4-Seam Fastball",84,705,720,6.322599504408089,6.322599504408097,-15,11,45,12,0,0,15,"11:45","12:00","-0H 15M"
2025,"Yates, Kirby",489446,"R","FF",301,"93",2327,"19.1",0.9031684599982163,0.9587423629910631,129.75430410152984,132.91133477757438,"4-Seam Fastball",96,105,90,-3.157030676044542,3.1570306760445472,15,1,45,1,30,0,15,"1:45","1:30","+0H 15M"
2025,"Kelly, Merrill",518876,"R","FF",484,"92",2362,"17.1",0.8078637379697908,0.8406321940930458,133.09487442535163,145.3026387397605,"4-Seam Fastball",84,90,75,-12.207764314408877,12.207764314408868,15,1,30,1,15,0,15,"1:30","1:15","+0H 15M"
2025,"Pomeranz, Drew",519141,"L","FF",347,"92.6",2637,"16.6",0.731966290410494,0.7106501398798533,192.76336280286108,182.69158293308172,"4-Seam Fastball",71,690,720,10.071779869779363,10.071779869779338,-30,11,30,12,0,0,30,"11:30","12:00","-0H 30M"
2025,"Pressly, Ryan",519151,"R","FF",220,"93.4",2574,"15.5",0.6860011548668177,0.7122897807340209,165.74481673720325,181.0008536005636,"4-Seam Fastball",71,750,720,-15.25603686336035,15.256036863360317,30,12,30,12,0,0,30,"12:30","12:00","+0H 30M"
2025,"Sale, Chris",519242,"L","FF",612,"94.9",2250,"17.6",0.855343762653948,0.9429999052918608,249.07348365927191,242.32762981062996,"4-Seam Fastball",94,585,600,6.745853848641957,6.745853848641964,-15,9,45,10,0,0,15,"9:45","10:00","-0H 15M"
2025,"Anderson, Tyler",542881,"L","FF",695,"89.1",2181,"20.1",0.9344413894393596,0.9915864866062866,203.92300199921831,200.7487304489225,"4-Seam Fastball",99,675,675,3.1742715502958276,3.174271550295829,0,11,15,11,15,0,0,"11:15","11:15"," 0H 00M"
2025,"Eovaldi, Nathan",543135,"R","FF",394,"94",2214,"19.1",0.8947419964247848,0.9381230751420433,130.6783996002667,126.07211591393212,"4-Seam Fastball",94,105,105,4.606283686334564,4.606283686334569,0,1,45,1,45,0,0,"1:45","1:45"," 0H 00M"
2025,"Gray, Sonny",543243,"R","FF",370,"91.7",2496,"9.9",0.44808760914986717,0.5745471399356632,165.60723477488116,190.47401220313606,"4-Seam Fastball",57,750,705,-24.866777428254892,24.866777428254874,45,12,30,11,45,0,45,"12:30","11:45","+0H 45M"
2025,"Hendricks, Kyle",543294,"R","FF",251,"86.6",2050,"14.9",0.7033091218319513,0.8803605385747348,146.3273452363226,155.8006510741435,"4-Seam Fastball",88,60,765,-9.473305837820902,9.473305837820913,15,1,0,12,45,0,15,"1:00","12:45","+0H 15M"
2025,"Lorenzen, Michael",547179,"R","FF",381,"94.2",2335,"18.7",0.8722777264401345,0.9559241995639587,138.32815791182622,142.14507845109358,"4-Seam Fastball",96,90,75,-3.8169205392673575,3.8169205392673735,15,1,30,1,15,0,15,"1:30","1:15","+0H 15M"
2025,"Chapman, Aroldis",547973,"L","FF",250,"98.6",2451,"18.6",0.8510303268330878,0.9078488032322186,196.13361143325207,191.19100952354876,"4-Seam Fastball",91,690,705,4.942601909703313,4.942601909703322,-15,11,30,11,45,0,15,"11:30","11:45","-0H 15M"
2025,"Wheeler, Zack",554430,"R","FF",832,"96.2",2476,"17.6",0.8005997252501785,0.8589092757409132,134.12440895014203,143.80040134788746,"4-Seam Fastball",86,90,75,-9.675992397745432,9.67599239774545,15,1,30,1,15,0,15,"1:30","1:15","+0H 15M"
2025,"Boyd, Matthew",571510,"L","FF",819,"93.3",2312,"18.6",0.8650541780211028,0.9448034510126574,231.5391663425424,228.12406704922333,"4-Seam Fastball",94,615,630,3.4150992933190594,3.415099293319051,-15,10,15,10,30,0,15,"10:15","10:30","-0H 15M"
2025,"Heaney, Andrew",571760,"L","FF",748,"90.1",2376,"20.6",0.9332993301714344,0.9942208461060199,237.43174634627422,234.7772372253246,"4-Seam Fastball",99,600,615,2.6545091209496263,2.6545091209496046,-15,10,0,10,15,0,15,"10:00","10:15","-0H 15M"
2025,"Mikolas, Miles",571945,"R","FF",455,"92.5",2218,"16.5",0.7846058905026442,0.8931833484847863,142.21742775983117,149.15337821061684,"4-Seam Fastball",89,75,60,-6.935950450785668,6.93595045078568,15,1,15,1,0,0,15,"1:15","1:00","+0H 15M"
2025,"Miller, Shelby",571946,"R","FF",350,"95.2",2450,"20.8",0.9703540081630493,0.9959024899750822,144.43440991604805,146.2508182880054,"4-Seam Fastball",100,75,60,-1.8164083719573512,1.8164083719573316,15,1,15,1,0,0,15,"1:15","1:00","+0H 15M"
2025,"Thielbar, Caleb",573204,"L","FF",234,"92.6",2343,"18.9",0.8770016851000588,0.9091774712405167,194.03986456253418,190.66439353181087,"4-Seam Fastball",91,690,705,3.375471030723304,3.375471030723317,-15,11,30,11,45,0,15,"11:30","11:45","-0H 15M"
2025,"Kikuchi, Yusei",579328,"L","FF",739,"94.8",2195,"18.2",0.870330169346099,0.922868199955231,223.77590927760542,215.04042788427904,"4-Seam Fastball",92,630,645,8.735481393326381,8.735481393326385,-15,10,30,10,45,0,15,"10:30","10:45","-0H 15M"
2025,"Booser, Cam",592155,"L","FF",223,"95.8",2150,"17.5",0.8430840091843496,0.9568796483783211,208.53535487665073,205.76891198054605,"4-Seam Fastball",96,660,675,2.766442896104678,2.7664428961046497,-15,11,0,11,15,0,15,"11:00","11:15","-0H 15M"
2025,"Gausman, Kevin",592332,"R","FF",1025,"94.4",2266,"20.3",0.9504171571460425,0.9815930084670623,142.34617267531956,144.53379756445565,"4-Seam Fastball",98,75,75,-2.1876248891360888,2.1876248891360808,0,1,15,1,15,0,0,"1:15","1:15"," 0H 00M"
2025,"Ray, Robbie",592662,"L","FF",1003,"93.6",2370,"19.8",0.9031608939311419,0.9566750871804065,211.04783122775765,205.98032856892053,"4-Seam Fastball",96,660,675,5.067502658837128,5.06750265883713,-15,11,0,11,15,0,15,"11:00","11:15","-0H 15M"
2025,"Stanek, Ryne",592773,"R","FF",382,"98.5",2346,"20.2",0.946292336578506,0.9942807761831159,152.0088480645299,153.2773920262544,"4-Seam Fastball",99,60,60,-1.2685439617245038,1.2685439617245071,0,1,0,1,0,0,0,"1:00","1:00"," 0H 00M"
2025,"Stewart, Brock",592779,"R","FF",279,"96",2615,"15.2",0.6895343281819588,0.7304681441444832,147.3838916428296,157.70668033178646,"4-Seam Fastball",73,60,765,-10.322788688956848,10.322788688956821,15,1,0,12,45,0,15,"1:00","12:45","+0H 15M"
2025,"Taillon, Jameson",592791,"R","FF",572,"92.3",2323,"19.5",0.8908228263166416,0.9420706149092944,153.02262649779254,155.69689769926694,"4-Seam Fastball",94,60,765,-2.6742712014743972,2.6742712014744052,15,1,0,12,45,0,15,"1:00","12:45","+0H 15M"
2025,"Williams, Trevor",592866,"R","FF",617,"87.7",2219,"9.7",0.44521965258757223,0.6182391592451755,150.0677847254725,167.25587569563382,"4-Seam Fastball",62,60,750,-17.188090970161312,17.188090970161316,30,1,0,12,30,0,30,"1:00","12:30","+0H 30M"
2025,"Rodriguez, Eduardo",593958,"L","FF",674,"92",2303,"16.1",0.7609486418405239,0.8160670523497083,205.2372122253879,201.40390628931294,"4-Seam Fastball",82,675,675,3.8333059360749644,3.833305936074981,0,11,15,11,15,0,0,"11:15","11:15"," 0H 00M"
2025,"deGrom, Jacob",594798,"R","FF",796,"97.4",2517,"18.6",0.8495635078781856,0.9065022904232378,141.12139486762499,148.87485567639945,"4-Seam Fastball",91,75,60,-7.753460808774463,7.753460808774466,15,1,15,1,0,0,15,"1:15","1:00","+0H 15M"
2025,"Okert, Steven",595345,"L","FF",277,"92.3",2231,"18",0.8425210670374276,0.9320170868663517,219.77616735928677,209.31886721729296,"4-Seam Fastball",93,645,660,10.457300141993812,10.457300141993828,-15,10,45,11,0,0,15,"10:45","11:00","-0H 15M"
2025,"Weaver, Luke",596133,"R","FF",356,"94.7",2442,"20",0.910286380883144,0.9568247301034669,155.4479334030708,159.47194975912967,"4-Seam Fastball",96,765,765,-4.0240163560588655,4.024016356058828,0,12,45,12,45,0,0,"12:45","12:45"," 0H 00M"
2025,"Pivetta, Nick",601713,"R","FF",882,"93.8",2318,"19.4",0.9010264956809214,0.9541826934837736,170.15786272983206,173.2539355355193,"4-Seam Fastball",95,735,735,-3.0960728056872426,3.096072805687247,0,12,15,12,15,0,0,"12:15","12:15"," 0H 00M"
2025,"Nola, Aaron",605400,"R","FF",215,"91.4",2307,"20",0.9026614080370251,0.9507228159640589,131.57454054572918,134.12155727448152,"4-Seam Fastball",95,90,90,-2.5470167287523395,2.5470167287523284,0,1,30,1,30,0,0,"1:30","1:30"," 0H 00M"
2025,"Romano, Jordan",605447,"R","FF",226,"95.5",2275,"19",0.8938773271825288,0.9756788671017512,153.80184657380696,157.0746557840467,"4-Seam Fastball",98,765,765,-3.272809210239757,3.2728092102397417,0,12,45,12,45,0,0,"12:45","12:45"," 0H 00M"
2025,"Ross, Joe",605452,"R","FF",284,"94.1",2215,"11.2",0.5353294441907998,0.7647561072489772,152.8950673079915,162.3992996132643,"4-Seam Fastball",76,60,750,-9.504232305272808,9.504232305272804,30,1,0,12,30,0,30,"1:00","12:30","+0H 30M"
2025,"Scott, Tayler",605463,"R","FF",244,"92",2087,"17.8",0.867682108743603,0.9572494675298937,116.22065296081693,121.68405999496468,"4-Seam Fastball",96,135,120,-5.46340703414775,5.463407034147762,15,2,15,2,0,0,15,"2:15","2:00","+0H 15M"
2025,"Springs, Jeffrey",605488,"L","FF",830,"90.5",2164,"19.3",0.9071658586307423,0.9891396234916285,221.3475377015454,218.59467485549328,"4-Seam Fastball",99,630,645,2.7528628460521247,2.7528628460521247,-15,10,30,10,45,0,15,"10:30","10:45","-0H 15M"
2025,"Montero, Rafael",606160,"R","FF",299,"95.2",2374,"17.4",0.8260951521960064,0.8941406870407015,138.3123193962274,143.92462778051913,"4-Seam Fastball",89,90,75,-5.612308384291737,5.6123083842917385,15,1,30,1,15,0,15,"1:30","1:15","+0H 15M"
2025,"Rea, Colin",607067,"R","FF",714,"93.8",2198,"16.1",0.7711809833255937,0.8707150747897012,142.29961874847916,146.15404648034982,"4-Seam Fastball",87,75,75,-3.8544277318706577,3.8544277318706617,0,1,15,1,15,0,0,"1:15","1:15"," 0H 00M"
2025,"Rodón, Carlos",607074,"L","FF",821,"94.4",2336,"20.2",0.929157337399629,0.9739734871014561,215.6117024918523,213.19137663675002,"4-Seam Fastball",97,645,660,2.420325855102277,2.4203258551022944,-15,10,45,11,0,0,15,"10:45","11:00","-0H 15M"
2025,"Glasnow, Tyler",607192,"R","FF",237,"95.8",2526,"16.4",0.743681671454832,0.7636784649772074,169.86263107502074,174.98498985512975,"4-Seam Fastball",76,735,735,-5.1223587801090105,5.122358780108995,0,12,15,12,15,0,0,"12:15","12:15"," 0H 00M"
2025,"Martinez, Nick",607259,"R","FF",410,"92.5",2325,"18.3",0.8528773784912991,0.9152818443611457,156.72320975060296,162.480458058914,"4-Seam Fastball",92,765,750,-5.757248308311034,5.757248308311044,15,12,45,12,30,0,15,"12:45","12:30","+0H 15M"
2025,"Freeland, Kyle",607536,"L","FF",452,"92",2418,"16.6",0.8123141335507739,0.8869043727806581,217.2471029445839,209.32835858011995,"4-Seam Fastball",89,645,660,7.918744364463947,7.918744364463943,-15,10,45,11,0,0,15,"10:45","11:00","-0H 15M"
2025,"Lugo, Seth",607625,"R","FF",367,"91.8",2352,"16.6",0.7715695273378194,0.8456939578157001,147.0568056138816,153.28554903335996,"4-Seam Fastball",85,60,60,-6.228743419478349,6.228743419478353,0,1,0,1,0,0,0,"1:00","1:00"," 0H 00M"
2025,"Estévez, Carlos",608032,"R","FF",336,"95.4",2166,"18.8",0.9155519561997422,0.9915318495807439,151.84245606820306,153.96292866771446,"4-Seam Fastball",99,60,765,-2.1204725995114018,2.1204725995114044,15,1,0,12,45,0,15,"1:00","12:45","+0H 15M"
2025,"Fried, Max",608331,"L","FF",252,"95.6",2229,"14.6",0.7066173013184543,0.7925984156053009,201.8486507975485,192.17856172392666,"4-Seam Fastball",79,675,690,9.670089073621824,9.670089073621856,-15,11,15,11,30,0,15,"11:15","11:30","-0H 15M"
2025,"Giolito, Lucas",608337,"R","FF",639,"93.6",2235,"18.8",0.8825360896072786,0.9953590982226473,152.14633156052741,157.14568233802183,"4-Seam Fastball",100,60,765,-4.9993507774944135,4.999350777494425,15,1,0,12,45,0,15,"1:00","12:45","+0H 15M"
2025,"Sugano, Tomoyuki",608372,"R","FF",301,"92.4",2384,"17.3",0.7894047138072877,0.8707953654677442,153.03007371333618,159.77755181210816,"4-Seam Fastball",87,60,765,-6.747478098771978,6.747478098771962,15,1,0,12,45,0,15,"1:00","12:45","+0H 15M"
2025,"Wacha, Michael",608379,"R","FF",514,"93.2",2159,"18.8",0.9059430445140672,0.9805160592554161,156.49246163597599,158.73873038780852,"4-Seam Fastball",98,765,765,-2.246268751832531,2.2462687518325315,0,12,45,12,45,0,0,"12:45","12:45"," 0H 00M"
2025,"Márquez, Germán",608566,"R","FF",503,"95.1",2211,"16.7",0.8649021183961899,0.9562351444159313,139.04075620928188,143.37814837169716,"4-Seam Fastball",96,75,75,-4.337392162415284,4.33739216241528,0,1,15,1,15,0,0,"1:15","1:15"," 0H 00M"
2025,"Suter, Brent",608718,"L","FF",339,"86.7",2236,"13.6",0.6279559042969408,0.6959551687469341,184.56480736050176,165.1774401698328,"4-Seam Fastball",70,705,750,19.387367190668954,19.387367190668968,-45,11,45,12,30,0,45,"11:45","12:30","-0H 45M"
2025,"Quantrill, Cal",615698,"R","FF",347,"93.5",2141,"19.3",0.927275072496857,0.990462511103086,145.1398739071165,145.9081351752836,"4-Seam Fastball",99,75,75,-0.7682612681670946,0.7682612681671179,0,1,15,1,15,0,0,"1:15","1:15"," 0H 00M"
2025,"Ferguson, Tyler",621053,"R","FF",227,"94.9",2281,"16.6",0.7793664246025512,0.8394172770758312,134.41688415903639,144.88479488937506,"4-Seam Fastball",84,90,75,-10.467910730338673,10.4679107303387,15,1,30,1,15,0,15,"1:30","1:15","+0H 15M"
2025,"Buehler, Walker",621111,"R","FF",349,"94.1",2281,"17.6",0.8160143105376414,0.9112631354722763,154.87313651793025,158.8816421346997,"4-Seam Fastball",91,765,765,-4.00850561676944,4.0085056167694475,0,12,45,12,45,0,0,"12:45","12:45"," 0H 00M"
2025,"Díaz, Edwin",621242,"R","FF",344,"96.9",2305,"18.3",0.861431596485658,0.9464469448011568,127.57482533957702,132.32063752395476,"4-Seam Fastball",95,105,90,-4.7458121843777406,4.745812184377738,15,1,45,1,30,0,15,"1:45","1:30","+0H 15M"
2025,"Berríos, José",621244,"R","FF",361,"93",2132,"18",0.858392758917561,0.9353908823572507,137.21120160935192,144.61409804073867,"4-Seam Fastball",94,90,75,-7.4028964313867505,7.402896431386749,15,1,30,1,15,0,15,"1:30","1:15","+0H 15M"
2025,"Strahm, Matt",621381,"L","FF",252,"92.2",2517,"21.5",0.9534190136140361,0.9833293558543332,226.72099035280007,222.2812601555041,"4-Seam Fastball",98,630,630,4.439730197295972,4.43973019729597,0,10,30,10,30,0,0,"10:30","10:30"," 0H 00M"
2025,"Castillo, Luis",622491,"R","FF",921,"95.2",2212,"18.1",0.8529062485673399,0.9132437911068024,122.63815017709271,130.94005695855202,"4-Seam Fastball",91,120,105,-8.301906781459309,8.30190678145931,15,2,0,1,45,0,15,"2:00","1:45","+0H 15M"
2025,"Domínguez, Seranthony",622554,"R","FF",314,"97.7",2363,"16.1",0.7560107086775977,0.8307048584572867,150.45466957688555,161.0883272736725,"4-Seam Fastball",83,60,765,-10.63365769678694,10.633657696786944,15,1,0,12,45,0,15,"1:00","12:45","+0H 15M"
2025,"Senzatela, Antonio",622608,"R","FF",931,"94.9",2219,"11.9",0.6210059297841974,0.8462595853456953,150.48219092544525,156.78480806251468,"4-Seam Fastball",85,60,765,-6.302617137069433,6.302617137069419,15,1,0,12,45,0,15,"1:00","12:45","+0H 15M"
2025,"Severino, Luis",622663,"R","FF",563,"96",2273,"17.4",0.8259459799847675,0.9242478960805582,148.54163388323158,154.8208291739622,"4-Seam Fastball",92,60,765,-6.279195290730627,6.279195290730628,15,1,0,12,45,0,15,"1:00","12:45","+0H 15M"
2025,"Flexen, Chris",623167,"R","FF",267,"92.5",2246,"17.3",0.8195284259511106,0.8966017859841047,164.66890513244977,172.6767541196609,"4-Seam Fastball",90,750,735,-8.007848987211133,8.00784898721112,15,12,30,12,15,0,15,"12:30","12:15","+0H 15M"
2025,"Finnegan, Kyle",640448,"R","FF",378,"96.2",2224,"19.8",0.953822535490694,0.99166892717907,146.9733570414234,146.0503288189075,"4-Seam Fastball",99,60,75,0.9230282225159101,0.9230282225158839,-15,1,0,1,15,0,15,"1:00","1:15","-0H 15M"
2025,"López, Pablo",641154,"R","FF",429,"94.5",2153,"15.1",0.7320218273271865,0.7779898806800134,142.91000820302088,153.82778342765118,"4-Seam Fastball",78,75,765,-10.917775224630304,10.917775224630297,30,1,15,12,45,0,30,"1:15","12:45","+0H 30M"
2025,"Alexander, Tyler",641302,"L","FF",273,"90.5",2216,"18",0.8594895450267134,0.9021770444773884,216.48400743307803,211.94179521110533,"4-Seam Fastball",90,645,660,4.542212221972704,4.542212221972683,-15,10,45,11,0,0,15,"10:45","11:00","-0H 15M"
2025,"Baker, Bryan",641329,"R","FF",333,"96.6",2309,"18.4",0.8675798351168043,0.9572104641371095,160.19076894042396,165.78020832540903,"4-Seam Fastball",96,765,750,-5.58943938498507,5.589439384985079,15,12,45,12,30,0,15,"12:45","12:30","+0H 15M"
2025,"Keller, Brad",641745,"R","FF",318,"97.2",2377,"14.7",0.6912811185078026,0.7426647863570972,164.59840639812236,174.72520796946478,"4-Seam Fastball",74,750,735,-10.126801571342412,10.126801571342403,15,12,30,12,15,0,15,"12:30","12:15","+0H 15M"
2025,"Kinley, Tyler",641755,"R","FF",224,"95.2",2380,"13.9",0.6976585120436641,0.7930509059575238,159.8072412285275,170.93873899054628,"4-Seam Fastball",79,765,735,-11.131497762018796,11.1314977620188,30,12,45,12,15,0,30,"12:45","12:15","+0H 30M"
2025,"Lauer, Eric",641778,"L","FF",482,"91.7",2239,"18",0.8550756939341926,0.9427061471599254,218.13368726996362,211.60540345252156,"4-Seam Fastball",94,645,660,6.528283817442059,6.5282838174420235,-15,10,45,11,0,0,15,"10:45","11:00","-0H 15M"
2025,"Littell, Zack",641793,"R","FF",399,"92.1",2022,"17",0.8481667455353243,0.9548113238531416,149.19340540866713,154.49023936827848,"4-Seam Fastball",95,60,765,-5.296833959611348,5.296833959611334,15,1,0,12,45,0,15,"1:00","12:45","+0H 15M"
2025,"Mahle, Tyler",641816,"R","FF",608,"92",2334,"21.1",0.9693771742913864,0.9970872981784465,144.71223256921036,147.63635959568802,"4-Seam Fastball",100,75,60,-2.924127026477663,2.924127026477635,15,1,15,1,0,0,15,"1:15","1:00","+0H 15M"
2025,"Ober, Bailey",641927,"R","FF",568,"90.4",2277,"18.4",0.8540230651418811,0.9072275580331159,148.27091547745306,153.10756484492416,"4-Seam Fastball",91,60,60,-4.836649367471097,4.8366493674710975,0,1,0,1,0,0,0,"1:00","1:00"," 0H 00M"
2025,"Pagán, Emilio",641941,"R","FF",413,"95.6",2612,"19.3",0.8769203443089879,0.9364270534984163,154.41839723059255,159.0322149441898,"4-Seam Fastball",94,765,765,-4.613817713597257,4.613817713597261,0,12,45,12,45,0,0,"12:45","12:45"," 0H 00M"
2025,"Speier, Gabe",642100,"L","FF",244,"94.8",2230,"17.8",0.831294277663821,0.9324831165546513,225.46829533342685,213.52954777299857,"4-Seam Fastball",93,630,660,11.938747560428283,11.93874756042832,-30,10,30,11,0,0,30,"10:30","11:00","-0H 30M"
2025,"Williams, Devin",642207,"R","FF",308,"93.9",2374,"20.1",0.9253802165192352,0.9620118135203366,136.9277026782805,141.48986407451605,"4-Seam Fastball",96,90,75,-4.5621613962355525,4.562161396235559,15,1,30,1,15,0,15,"1:30","1:15","+0H 15M"
2025,"Peralta, Freddy",642547,"R","FF",1184,"95",2453,"17",0.7859213708234765,0.8581437528561411,153.96251051776304,163.4432528791548,"4-Seam Fastball",86,765,750,-9.480742361391776,9.480742361391801,15,12,45,12,30,0,15,"12:45","12:30","+0H 15M"
2025,"Green, Chad",643338,"R","FF",333,"95.2",2478,"19.3",0.8714399532248989,0.9232157025649025,152.99194014004777,158.2659329360235,"4-Seam Fastball",92,60,765,-5.273992795975715,5.273992795975729,15,1,0,12,45,0,15,"1:00","12:45","+0H 15M"
2025,"Alcantara, Sandy",645261,"R","FF",401,"97.5",2280,"19.4",0.922069715904702,0.9678546774590221,126.42618689880791,128.12911487402297,"4-Seam Fastball",97,105,105,-1.7029279752150615,1.7029279752150515,0,1,45,1,45,0,0,"1:45","1:45"," 0H 00M"
2025,"Soroka, Michael",647336,"R","FF",589,"93.7",2530,"17.6",0.797784462337781,0.8585338895245729,137.28309950529393,146.2851647203642,"4-Seam Fastball",86,90,60,-9.002065215070274,9.002065215070274,30,1,30,1,0,0,30,"1:30","1:00","+0H 30M"
2025,"Abreu, Bryan",650556,"R","FF",380,"97.3",2312,"17.5",0.8230821441934572,0.8713276383167851,148.6437845822977,157.46182724434604,"4-Seam Fastball",87,60,765,-8.818042662048327,8.81804266204831,15,1,0,12,45,0,15,"1:00","12:45","+0H 15M"
2025,"King, Michael",650633,"R","FF",230,"93.6",2374,"18",0.8064719225222776,0.8387793525448626,146.77659337213447,155.65572531938363,"4-Seam Fastball",84,60,765,-8.879131947249164,8.87913194724916,15,1,0,12,45,0,15,"1:00","12:45","+0H 15M"
2025,"Beeks, Jalen",656222,"L","FF",313,"94.6",2162,"16.7",0.830608364892374,0.9361482647411041,207.26693919377448,203.25199271110864,"4-Seam Fastball",94,660,675,4.0149464826658345,4.014946482665835,-15,11,0,11,15,0,15,"11:00","11:15","-0H 15M"
2025,"Blewett, Scott",656240,"R","FF",256,"93.4",2259,"15.1",0.7182683248679004,0.8447478582494922,154.35032026283233,158.41536259881977,"4-Seam Fastball",84,765,765,-4.065042335987442,4.065042335987451,0,12,45,12,45,0,0,"12:45","12:45"," 0H 00M"
2025,"Burke, Brock",656271,"L","FF",304,"95.9",2257,"17.7",0.8426829466935848,0.9232263280368435,219.41389276365004,210.76227985639727,"4-Seam Fastball",92,645,660,8.651612907252769,8.651612907252776,-15,10,45,11,0,0,15,"10:45","11:00","-0H 15M"
2025,"Canning, Griffin",656288,"R","FF",462,"94.1",2148,"18.1",0.8577861966186358,0.9349126672401112,143.7700353442204,146.64377500561642,"4-Seam Fastball",93,75,60,-2.87373966139603,2.8737396613960406,15,1,15,1,0,0,15,"1:15","1:00","+0H 15M"
2025,"Cease, Dylan",656302,"R","FF",822,"97.1",2548,"18.5",0.8307054074866228,0.87700342342176,166.7533446102571,168.56760252481845,"4-Seam Fastball",88,750,750,-1.8142579145613524,1.814257914561351,0,12,30,12,30,0,0,"12:30","12:30"," 0H 00M"
2025,"Flaherty, Jack",656427,"R","FF",818,"92.8",2234,"16.5",0.77869046769879,0.8672517879186449,150.25472598798123,159.12981258124753,"4-Seam Fastball",87,60,765,-8.875086593266303,8.875086593266312,15,1,0,12,45,0,15,"1:00","12:45","+0H 15M"
2025,"Ginkel, Kevin",656464,"R","FF",235,"94.9",2426,"17.7",0.8435645005535376,0.8977290348518046,140.49138959574486,148.3647445105304,"4-Seam Fastball",90,75,60,-7.873354914785523,7.873354914785515,15,1,15,1,0,0,15,"1:15","1:00","+0H 15M"
2025,"Hoffman, Jeff",656546,"R","FF",275,"96.9",2580,"21",0.9387067932735781,0.973081870647165,141.7150886790967,144.02968077559723,"4-Seam Fastball",97,75,75,-2.314592096500519,2.314592096500523,0,1,15,1,15,0,0,"1:15","1:15"," 0H 00M"
2025,"Holmes, Grant",656550,"R","FF",620,"94.5",2319,"15.6",0.7444394388396048,0.8131139159574481,149.2301417385696,159.7230751936555,"4-Seam Fastball",81,60,765,-10.492933455085875,10.49293345508588,15,1,0,12,45,0,15,"1:00","12:45","+0H 15M"
2025,"Keller, Mitch",656605,"R","FF",693,"94",2399,"17.2",0.7938098786590116,0.8446425802028104,143.47785100754828,147.91081849281355,"4-Seam Fastball",84,75,60,-4.432967485265266,4.43296748526528,15,1,15,1,0,0,15,"1:15","1:00","+0H 15M"
2025,"Latz, Jacob",656641,"L","FF",414,"94.4",2292,"20.4",0.9599937831403055,0.9777108087516454,209.49702937501138,206.66287053810612,"4-Seam Fastball",98,660,660,2.83415883690526,2.8341588369052357,0,11,0,11,0,0,0,"11:00","11:00"," 0H 00M"
2025,"Megill, Trevor",656730,"R","FF",358,"99",2462,"19.3",0.8980308716550517,0.9369886938586418,162.50371018835358,167.0615886727214,"4-Seam Fastball",94,750,750,-4.557878484367819,4.5578784843678175,0,12,30,12,30,0,0,"12:30","12:30"," 0H 00M"
2025,"Megill, Tylor",656731,"R","FF",521,"95.4",2295,"17.8",0.824416282889972,0.8511054679722325,147.29082229028228,157.4358534447851,"4-Seam Fastball",85,60,765,-10.145031154502817,10.145031154502828,15,1,0,12,45,0,15,"1:00","12:45","+0H 15M"
2025,"Newcomb, Sean",656794,"L","FF",332,"92.9",2319,"18.6",0.8514967684418325,0.8969743983431608,223.56745156966542,215.0494008962079,"4-Seam Fastball",90,630,645,8.518050673457509,8.518050673457527,-15,10,30,10,45,0,15,"10:30","10:45","-0H 15M"
2025,"Peterson, David",656849,"L","FF",415,"92.4",2121,"13.9",0.6659505722491456,0.7287055343361685,213.5368653032071,201.18725841557443,"4-Seam Fastball",73,660,675,12.34960688763266,12.349606887632623,-15,11,0,11,15,0,15,"11:00","11:15","-0H 15M"
2025,"Rasmussen, Drew",656876,"R","FF",485,"95.8",2488,"17.5",0.8095842219590911,0.9125208059481171,160.74096908299083,166.01562941099047,"4-Seam Fastball",91,765,750,-5.274660327999641,5.274660327999644,15,12,45,12,30,0,15,"12:45","12:30","+0H 15M"
2025,"Scott, Tanner",656945,"L","FF",395,"96.3",2539,"17.5",0.800053043797871,0.8148795016725187,215.02713940811185,201.85622631225453,"4-Seam Fastball",81,645,675,13.170913095857316,13.170913095857331,-30,10,45,11,15,0,30,"10:45","11:15","-0H 30M"
2025,"Sousa, Bennett",656986,"L","FF",250,"95.1",2245,"16.7",0.7972390477799941,0.845059772522067,197.22089313172586,192.3631205634615,"4-Seam Fastball",85,690,690,4.857772568264352,4.857772568264356,0,11,30,11,30,0,0,"11:30","11:30"," 0H 00M"
2025,"Webb, Jacob",657097,"R","FF",288,"93.4",2459,"18.8",0.855329620519355,0.875077657854615,140.512426829618,151.00375351865276,"4-Seam Fastball",88,75,60,-10.491326689034764,10.491326689034764,15,1,15,1,0,0,15,"1:15","1:00","+0H 15M"
2025,"Ferguson, Caleb",657571,"L","FF",230,"94",2322,"16.3",0.7645014037393536,0.8569422974527473,209.5372311652369,198.80460055690273,"4-Seam Fastball",86,660,675,10.732630608334176,10.732630608334171,-15,11,0,11,15,0,15,"11:00","11:15","-0H 15M"
2025,"Ryan, Joe",657746,"R","FF",957,"93.5",2268,"18.4",0.8759672746183544,0.9648863409032793,132.79236695848147,134.4835933281128,"4-Seam Fastball",96,90,90,-1.6912263696313232,1.6912263696313252,0,1,30,1,30,0,0,"1:30","1:30"," 0H 00M"
2025,"De Los Santos, Enyel",660853,"R","FF",325,"96.3",2270,"16.4",0.8014270425149199,0.897705916213343,133.098476483354,136.88082003060302,"4-Seam Fastball",90,90,90,-3.7823435472490132,3.782343547249034,0,1,30,1,30,0,0,"1:30","1:30"," 0H 00M"
2025,"Alcala, Jorge",660896,"R","FF",331,"97.3",2461,"19.9",0.9143453352101112,0.962366067493143,147.04894422259804,151.3211976440791,"4-Seam Fastball",96,60,60,-4.272253421481054,4.272253421481042,0,1,0,1,0,0,0,"1:00","1:00"," 0H 00M"
2025,"Duran, Jhoan",661395,"R","FF",244,"100.3",2110,"18.4",0.9311704596104486,0.9895487443766701,128.60613474835503,130.50204496873442,"4-Seam Fastball",99,105,105,-1.8959102203793918,1.8959102203794072,0,1,45,1,45,0,0,"1:45","1:45"," 0H 00M"
2025,"Muñoz, Andrés",662253,"R","FF",228,"98.8",2250,"17.3",0.8238323829692126,0.912254841487435,132.9950857757536,136.77687071542994,"4-Seam Fastball",91,90,90,-3.781784939676328,3.781784939676306,0,1,30,1,30,0,0,"1:30","1:30"," 0H 00M"
2025,"Suarez, Robert",663158,"R","FF",411,"98.4",2400,"19.1",0.8871207861245077,0.9476101970287009,156.69433294906736,159.08947744013886,"4-Seam Fastball",95,765,765,-2.3951444910715054,2.3951444910715236,0,12,45,12,45,0,0,"12:45","12:45"," 0H 00M"
2025,"Martin, Davis",663436,"R","FF",405,"93.6",2398,"16",0.7268905066780019,0.8310246730794066,149.56187683234776,158.33224547482416,"4-Seam Fastball",83,60,765,-8.770368642476399,8.770368642476416,15,1,0,12,45,0,15,"1:00","12:45","+0H 15M"
2025,"Bubic, Kris",663460,"L","FF",632,"92.3",2422,"18.1",0.8294405953814764,0.8458181239786184,203.85834095241393,194.2014571745845,"4-Seam Fastball",85,675,690,9.656883777829421,9.656883777829432,-15,11,15,11,30,0,15,"11:15","11:30","-0H 15M"
2025,"Mize, Casey",663554,"R","FF",477,"94.6",2216,"18.4",0.8906984066403539,0.9795471936246894,149.2948221749347,153.1497523257216,"4-Seam Fastball",98,60,60,-3.854930150786913,3.854930150786938,0,1,0,1,0,0,0,"1:00","1:00"," 0H 00M"
2025,"Falter, Bailey",663559,"L","FF",755,"92.2",2126,"18.4",0.887918255033749,0.9897558892870941,191.74148408624922,190.4584633307921,"4-Seam Fastball",99,690,705,1.2830207554571018,1.2830207554571333,-15,11,30,11,45,0,15,"11:30","11:45","-0H 15M"
2025,"Kolek, Stephen",663568,"R","FF",298,"94",2191,"14.9",0.7300315112406075,0.8776141249505366,137.91192096764945,145.40636988771084,"4-Seam Fastball",88,90,75,-7.494448920061387,7.494448920061411,15,1,30,1,15,0,15,"1:30","1:15","+0H 15M"
2025,"Santillan, Tony",663574,"R","FF",506,"96.3",2349,"17.5",0.8310915773112705,0.9304838812229551,134.79911693490158,136.36696182641185,"4-Seam Fastball",93,90,90,-1.5678448915102763,1.5678448915102652,0,1,30,1,30,0,0,"1:30","1:30"," 0H 00M"
2025,"Irvin, Jake",663623,"R","FF",631,"92.2",2330,"17",0.7936528932463183,0.8590476385417495,137.29837463713318,144.95688722730458,"4-Seam Fastball",86,90,75,-7.658512590171398,7.6585125901713855,15,1,30,1,15,0,15,"1:30","1:15","+0H 15M"
2025,"Harris, Hogan",663687,"L","FF",432,"93",2299,"18.9",0.8880420506979645,0.981916052868688,204.27340650171834,208.1975028836316,"4-Seam Fastball",98,675,660,-3.924096381913273,3.924096381913242,15,11,15,11,0,0,15,"11:15","11:00","+0H 15M"
2025,"Paddack, Chris",663978,"R","FF",861,"93.8",2243,"19.9",0.9568776551763323,0.9959073260355746,152.0285659103935,152.8082179895968,"4-Seam Fastball",100,60,60,-0.7796520792033164,0.7796520792033198,0,1,0,1,0,0,0,"1:00","1:00"," 0H 00M"
2025,"Gonsolin, Tony",664062,"R","FF",245,"93.5",2236,"19.2",0.9056996192586936,0.9725071518460336,142.28231233596543,146.42231214411981,"4-Seam Fastball",97,75,60,-4.139999808154386,4.139999808154379,15,1,15,1,0,0,15,"1:15","1:00","+0H 15M"
2025,"Fairbanks, Pete",664126,"R","FF",341,"97.3",2446,"16.9",0.7868046709627279,0.8843943922222748,174.5230680286023,181.48361316741912,"4-Seam Fastball",88,735,720,-6.960545138816826,6.960545138816829,15,12,15,12,0,0,15,"12:15","12:00","+0H 15M"
2025,"Helsley, Ryan",664854,"R","FF",268,"99.3",2520,"17.3",0.7970126888265658,0.8896970773933791,167.1988119858606,172.13120224696345,"4-Seam Fastball",89,750,735,-4.932390261102853,4.932390261102861,15,12,30,12,15,0,15,"12:30","12:15","+0H 15M"
2025,"Kremer, Dean",665152,"R","FF",482,"93.3",2269,"19.2",0.9000756725325155,0.9777026570825125,151.47252937820184,155.41298244679848,"4-Seam Fastball",98,60,765,-3.9404530685966392,3.9404530685966455,15,1,0,12,45,0,15,"1:00","12:45","+0H 15M"
2025,"Ragans, Cole",666142,"L","FF",423,"95.3",2564,"21.7",0.986867198588289,0.9869750994791406,224.60862560701972,221.2670942958299,"4-Seam Fastball",99,630,630,3.3415313111898115,3.3415313111897937,0,10,30,10,30,0,0,"10:30","10:30"," 0H 00M"
2025,"Lodolo, Nick",666157,"L","FF",529,"93.7",2288,"19.8",0.9381974652588997,0.9841332010925969,247.98417629057568,245.3171949991052,"4-Seam Fastball",98,585,585,2.666981291470478,2.666981291470442,0,9,45,9,45,0,0,"9:45","9:45"," 0H 00M"
2025,"Zeferjahn, Ryan",666171,"R","FF",208,"97.7",2187,"16.3",0.7930047604311087,0.8886375654277184,151.40683625245268,160.49049108590293,"4-Seam Fastball",89,60,765,-9.083654833450254,9.083654833450247,15,1,0,12,45,0,15,"1:00","12:45","+0H 15M"
2025,"Luzardo, Jesús",666200,"L","FF",672,"96.5",2235,"18.2",0.880260603118168,0.9482035602347304,229.13529966331814,222.19030700026107,"4-Seam Fastball",95,615,630,6.944992663057064,6.944992663057073,-15,10,15,10,30,0,15,"10:15","10:30","-0H 15M"
2025,"Wentz, Joey",666214,"L","FF",393,"94",2341,"17.9",0.8433550484023143,0.9013888391849758,200.6189191305,197.53689890885883,"4-Seam Fastball",90,675,690,3.0820202216411587,3.082020221641134,-15,11,15,11,30,0,15,"11:15","11:30","-0H 15M"
2025,"Morillo, Juan",666661,"R","FF",229,"99",2258,"17.1",0.8447910287322612,0.9204174317712959,152.36625983333622,160.4682719624595,"4-Seam Fastball",92,60,765,-8.102012129123295,8.102012129123317,15,1,0,12,45,0,15,"1:00","12:45","+0H 15M"
2025,"Gallen, Zac",668678,"R","FF",936,"93.3",2327,"17.2",0.8248555453961801,0.8608059417571333,154.62452869232314,164.66615379624295,"4-Seam Fastball",86,765,750,-10.041625103919813,10.041625103919818,15,12,45,12,30,0,15,"12:45","12:30","+0H 15M"
2025,"Greene, Hunter",668881,"R","FF",557,"99.3",2439,"18.7",0.88503811646678,0.9665990508848789,144.32595319363645,148.5181341900255,"4-Seam Fastball",97,75,60,-4.192180996389055,4.1921809963890455,15,1,15,1,0,0,15,"1:15","1:00","+0H 15M"
2025,"Williams, Gavin",668909,"R","FF",704,"96.6",2307,"18.5",0.8720522020403896,0.9575666247606875,140.2198696226257,143.56179050589807,"4-Seam Fastball",96,75,75,-3.3419208832723655,3.341920883272354,0,1,15,1,15,0,0,"1:15","1:15"," 0H 00M"
2025,"Myers, Tobias",668964,"R","FF",209,"92.9",2256,"19.8",0.9228855957941214,0.9956007671919486,162.42520224056352,163.45547491215427,"4-Seam Fastball",100,750,750,-1.030272671590751,1.0302726715907327,0,12,30,12,30,0,0,"12:30","12:30"," 0H 00M"
2025,"Legumina, Casey",668984,"R","FF",348,"94.3",2431,"20.1",0.9117990245662573,0.9668531037502588,130.18329387711566,128.4725049218368,"4-Seam Fastball",97,105,105,1.710788955278872,1.710788955278868,0,1,45,1,45,0,0,"1:45","1:45"," 0H 00M"
2025,"Gore, MacKenzie",669022,"L","FF",1021,"95.3",2269,"17.8",0.841033760254521,0.9084968691977341,210.95991185007497,201.40615654935078,"4-Seam Fastball",91,660,675,9.553755300724191,9.5537553007242,-15,11,0,11,15,0,15,"11:00","11:15","-0H 15M"
2025,"Estrada, Jeremiah",669093,"R","FF",453,"97.9",2223,"19.7",0.9397137401013915,0.9895905992585775,170.54027885377297,172.58526882979464,"4-Seam Fastball",99,735,735,-2.044989976021668,2.0449899760216828,0,12,15,12,15,0,0,"12:15","12:15"," 0H 00M"
2025,"May, Dustin",669160,"R","FF",261,"95.5",2350,"16.6",0.7663786464975876,0.8694434650973262,127.81889792683843,135.64594983869284,"4-Seam Fastball",87,105,90,-7.8270519118544115,7.827051911854406,15,1,45,1,30,0,15,"1:45","1:30","+0H 15M"
2025,"Nelson, Ryne",669194,"R","FF",883,"95.5",2273,"19.4",0.9408511065591164,0.9881337997513668,166.94401410004332,168.49067064884045,"4-Seam Fastball",99,750,750,-1.5466565487971309,1.5466565487971424,0,12,30,12,30,0,0,"12:30","12:30"," 0H 00M"
2025,"Bachar, Lake",669199,"R","FF",266,"94.3",2700,"20.4",0.8840769081550434,0.8898676748614404,149.13389872501818,151.9985049396805,"4-Seam Fastball",89,60,60,-2.8646062146623024,2.864606214662318,0,1,0,1,0,0,0,"1:00","1:00"," 0H 00M"
2025,"Akin, Keegan",669211,"L","FF",344,"93.4",2362,"20.9",0.9604721173025308,0.9605506403387762,220.56273334265342,218.30014920900095,"4-Seam Fastball",96,645,645,2.2625841336524672,2.2625841336524783,0,10,45,10,45,0,0,"10:45","10:45"," 0H 00M"
2025,"Lee, Dylan",669276,"L","FF",221,"93.9",2339,"20.6",0.9728735118721283,0.9949134893277627,206.26613243385398,205.5777914432372,"4-Seam Fastball",99,660,675,0.6883409906167799,0.688340990616794,-15,11,0,11,15,0,15,"11:00","11:15","-0H 15M"
2025,"Gilbert, Logan",669302,"R","FF",360,"95.3",2149,"18.6",0.8902996611988334,0.9745397441519064,144.77924342773184,148.7154792511175,"4-Seam Fastball",97,75,60,-3.9362358233856583,3.9362358233856485,15,1,15,1,0,0,15,"1:15","1:00","+0H 15M"
2025,"Baz, Shane",669358,"R","FF",820,"96.8",2455,"19.4",0.893325934746893,0.9365841579145818,143.97225439915076,147.25464787703612,"4-Seam Fastball",94,75,60,-3.282393477885364,3.2823934778853805,15,1,15,1,0,0,15,"1:15","1:00","+0H 15M"
2025,"Henry, Cole",669371,"R","FF",337,"94.6",2527,"20.4",0.9231714242189594,0.9551770424827246,129.92749036559732,132.8060116901674,"4-Seam Fastball",96,105,90,-2.878521324570073,2.878521324570084,15,1,45,1,30,0,15,"1:45","1:30","+0H 15M"
2025,"Skubal, Tarik",669373,"L","FF",500,"97.5",2333,"17.2",0.8113969784280932,0.9093151727480061,203.9626871961141,193.20580101479885,"4-Seam Fastball",91,675,690,10.756886181315252,10.756886181315249,-15,11,15,11,30,0,15,"11:15","11:30","-0H 15M"
2025,"Mlodzinski, Carmen",669387,"R","FF",397,"95.8",2127,"14.8",0.7320867488769233,0.897649134395485,135.92026164666353,138.35260199136889,"4-Seam Fastball",90,90,90,-2.432340344705352,2.4323403447053815,0,1,30,1,30,0,0,"1:30","1:30"," 0H 00M"
2025,"Rogers, Trevor",669432,"L","FF",253,"93.4",2416,"18.3",0.8501420352922712,0.8961364435866345,228.65870925634164,220.22149614256966,"4-Seam Fastball",90,630,645,8.437213113771975,8.437213113771982,-15,10,30,10,45,0,15,"10:30","10:45","-0H 15M"
2025,"Liberatore, Matthew",669461,"L","FF",415,"94.3",2110,"17.4",0.8601718760709752,0.9610036975405644,207.17504708952737,206.2324641246318,"4-Seam Fastball",96,660,675,0.9425829648955641,0.9425829648955831,-15,11,0,11,15,0,15,"11:00","11:15","-0H 15M"
2025,"Pallante, Andre",669467,"R","FF",821,"94.4",2302,"9.4",0.4463029207517726,0.6863665135298705,177.300461002783,179.3104937674794,"4-Seam Fastball",69,720,720,-2.0100327646963763,2.0100327646963616,0,12,0,12,0,0,0,"12:00","12:00"," 0H 00M"
2025,"Weissert, Greg",669711,"R","FF",247,"94.1",2365,"15",0.6862446433918309,0.7399180972858013,136.5972389962526,143.13404327741824,"4-Seam Fastball",74,90,75,-6.536804281165644,6.536804281165647,15,1,30,1,15,0,15,"1:30","1:15","+0H 15M"
2025,"Blanco, Ronel",669854,"R","FF",283,"93.2",2260,"19.5",0.9087047448586426,0.9824875816395441,154.90901226021862,158.87703821333832,"4-Seam Fastball",98,765,765,-3.9680259531197066,3.968025953119708,0,12,45,12,45,0,0,"12:45","12:45"," 0H 00M"
2025,"Kirby, George",669923,"R","FF",304,"95.9",2257,"16.7",0.7957786193685084,0.8907684134320112,137.20631852193577,140.08469949450532,"4-Seam Fastball",89,90,75,-2.878380972569545,2.8783809725695284,15,1,30,1,15,0,15,"1:30","1:15","+0H 15M"
2025,"Francis, Bowden",670102,"R","FF",656,"92.4",2250,"19.2",0.8864456378145633,0.9236810746869888,149.01646715659564,156.1767114252872,"4-Seam Fastball",92,60,765,-7.160244268691571,7.160244268691569,15,1,0,12,45,0,15,"1:00","12:45","+0H 15M"
2025,"Bednar, David",670280,"R","FF",278,"97.1",2439,"19.5",0.9110052157218227,0.9789588885674777,149.70518590548585,154.21223069491828,"4-Seam Fastball",98,60,765,-4.5070447894324275,4.5070447894324115,15,1,0,12,45,0,15,"1:00","12:45","+0H 15M"
2025,"Uceta, Edwin",670955,"R","FF",281,"93.9",2410,"17.8",0.8237893354736355,0.869480459434743,126.32337588497589,134.15834354934694,"4-Seam Fastball",87,105,90,-7.8349676643710495,7.834967664371021,15,1,45,1,30,0,15,"1:45","1:30","+0H 15M"
2025,"Abbott, Andrew",671096,"L","FF",736,"92.5",2259,"18.1",0.8659736526389034,0.9494746510528176,212.12612456451913,211.44179737898594,"4-Seam Fastball",95,660,660,0.684327185533192,0.6843271855331721,0,11,0,11,0,0,0,"11:00","11:00"," 0H 00M"
2025,"Allen, Logan",671106,"L","FF",575,"90.9",2246,"16.6",0.7819565959075673,0.8859241113048671,208.6898070922998,201.45755127748717,"4-Seam Fastball",89,660,675,7.232255814812618,7.232255814812583,-15,11,0,11,15,0,15,"11:00","11:15","-0H 15M"
2025,"Bradley, Taj",671737,"R","FF",805,"96.1",2303,"19.1",0.912513641449502,0.9690199405815162,157.27601537593864,156.76636005733224,"4-Seam Fastball",97,765,765,0.5096553186064057,0.5096553186064223,0,12,45,12,45,0,0,"12:45","12:45"," 0H 00M"
2025,"Smith, Cade",671922,"R","FF",524,"96.4",2317,"18.6",0.8716531832132945,0.9661743531891968,145.23539290821515,150.28013379887827,"4-Seam Fastball",97,75,60,-5.044740890663121,5.0447408906631015,15,1,15,1,0,0,15,"1:15","1:00","+0H 15M"
2025,"Detmers, Reid",672282,"L","FF",364,"95.6",2158,"19.6",0.9415678290262048,0.9923134686619995,208.44703535399154,204.60329428624556,"4-Seam Fastball",99,660,675,3.843741067745981,3.8437410677459662,-15,11,0,11,15,0,15,"11:00","11:15","-0H 15M"
2025,"Ort, Kaleb",672391,"R","FF",276,"96.4",2440,"19.5",0.8986533505731947,0.9685523750355856,156.7454454981386,154.2107137264539,"4-Seam Fastball",97,765,765,2.5347317716847044,2.5347317716847266,0,12,45,12,45,0,0,"12:45","12:45"," 0H 00M"
2025,"Montero, Keider",672456,"R","FF",338,"93.9",2217,"16.2",0.7908072419290071,0.8563469877557126,149.85123073388075,159.9399487778369,"4-Seam Fastball",86,60,765,-10.088718043956135,10.088718043956135,15,1,0,12,45,0,15,"1:00","12:45","+0H 15M"
2025,"Hernández, Carlos",672578,"R","FF",344,"97.8",2423,"19.3",0.901204593509695,0.9493067731908525,148.3868824551496,152.98068776594087,"4-Seam Fastball",95,60,60,-4.593805310791282,4.593805310791259,0,1,0,1,0,0,0,"1:00","1:00"," 0H 00M"
2025,"Matsui, Yuki",673513,"L","FF",231,"92.2",2430,"19.6",0.8872068170000292,0.9369211679400343,198.21701813149713,191.96126585946539,"4-Seam Fastball",94,690,690,6.255752272031742,6.2557522720317635,0,11,30,11,30,0,0,"11:30","11:30"," 0H 00M"
2025,"Senga, Kodai",673540,"R","FF",399,"94.6",2387,"17.8",0.8259831060502849,0.876534034932291,143.4070083433926,152.84673088965488,"4-Seam Fastball",88,75,60,-9.439722546262288,9.439722546262296,15,1,15,1,0,0,15,"1:15","1:00","+0H 15M"
2025,"Leasure, Jordan",673929,"R","FF",377,"96.2",2370,"19.5",0.9078559980001337,0.9527400885858622,164.38762724205537,166.95393786761355,"4-Seam Fastball",95,750,750,-2.566310625558174,2.566310625558194,0,12,30,12,30,0,0,"12:30","12:30"," 0H 00M"
2025,"Bido, Osvaldo",674370,"R","FF",352,"94.2",2413,"18.8",0.8613823593518658,0.9322191374028891,138.33589110003777,144.01594659272592,"4-Seam Fastball",93,90,75,-5.680055492688155,5.680055492688161,15,1,30,1,15,0,15,"1:30","1:15","+0H 15M"
2025,"Cruz, Steven",674444,"R","FF",247,"98.3",2243,"17.6",0.8558291293387482,0.9414798106277477,142.72841959410795,144.68497072064608,"4-Seam Fastball",94,75,75,-1.9565511265381303,1.9565511265381181,0,1,15,1,15,0,0,"1:15","1:15"," 0H 00M"
2025,"Mejia, Juan",675848,"R","FF",366,"96.2",2587,"11.8",0.5929510454647328,0.723517486837187,159.91752933483724,172.81301102998054,"4-Seam Fastball",72,765,735,-12.895481695143303,12.89548169514331,30,12,45,12,15,0,30,"12:45","12:15","+0H 30M"
2025,"Strider, Spencer",675911,"R","FF",653,"95.6",2295,"18.3",0.8861419898433299,0.9635918114998262,149.71296629067982,149.87001078226842,"4-Seam Fastball",96,60,60,-0.15704449158860712,0.15704449158860148,0,1,0,1,0,0,0,"1:00","1:00"," 0H 00M"
2025,"Junk, Janson",676083,"R","FF",297,"93.7",2285,"17.8",0.829941598102882,0.8862202180530837,162.12538389921667,171.06579407518257,"4-Seam Fastball",89,750,735,-8.940410175965894,8.940410175965889,15,12,30,12,15,0,15,"12:30","12:15","+0H 15M"
2025,"Hancock, Emerson",676106,"R","FF",332,"94.7",2390,"17.4",0.7975948725471423,0.9106483733263219,127.49547174608186,129.5514590441654,"4-Seam Fastball",91,105,105,-2.0559872980835365,2.055987298083527,0,1,45,1,45,0,0,"1:45","1:45"," 0H 00M"
2025,"Buttó, José",676130,"R","FF",210,"94.9",2388,"15.1",0.6974631842014118,0.7613912128925556,154.36406896430714,168.7990858553744,"4-Seam Fastball",76,765,735,-14.43501689106725,14.435016891067232,30,12,45,12,15,0,30,"12:45","12:15","+0H 30M"
2025,"Dreyer, Jack",676263,"L","FF",344,"92.5",2378,"20.4",0.9399912592992302,0.9958335358545695,202.16827653463716,200.53091739331316,"4-Seam Fastball",100,675,675,1.6373591413239978,1.63735914132402,0,11,15,11,15,0,0,"11:15","11:15"," 0H 00M"
2025,"Cantillo, Joey",676282,"L","FF",335,"91.8",1829,"17.9",0.9205280041117829,0.9927574061037194,206.21132782506615,204.06232497826235,"4-Seam Fastball",99,675,675,2.1490028468037963,2.1490028468037963,0,11,15,11,15,0,0,"11:15","11:15"," 0H 00M"
2025,"Garcia, Robert",676395,"L","FF",260,"94.2",2265,"17",0.8012584400416515,0.8544176592093675,229.96631414575748,218.96885324166644,"4-Seam Fastball",85,615,645,10.997460904091042,10.997460904091023,-30,10,15,10,45,0,30,"10:15","10:45","-0H 30M"
2025,"Bibee, Tanner",676440,"R","FF",508,"94.5",2251,"15.3",0.7186500364767309,0.8570632466751792,155.54122293971926,158.19973167415148,"4-Seam Fastball",86,765,765,-2.6585087344322176,2.658508734432201,0,12,45,12,45,0,0,"12:45","12:45"," 0H 00M"
2025,"Gordon, Colton",676467,"L","FF",379,"91.2",2041,"18.7",0.9288002771043623,0.9890687374680263,220.32775519114372,214.96508655114832,"4-Seam Fastball",99,645,645,5.362668639995405,5.362668639995399,0,10,45,10,45,0,0,"10:45","10:45"," 0H 00M"
2025,"Casparius, Ben",676508,"R","FF",337,"96.2",2430,"17.7",0.8158931674648185,0.8490425928813602,160.62933533460682,170.2111147604037,"4-Seam Fastball",85,765,735,-9.581779425796867,9.58177942579686,30,12,45,12,15,0,30,"12:45","12:15","+0H 30M"
2025,"Sears, JP",676664,"L","FF",717,"92.2",2023,"18.2",0.9009757984276194,0.9816487244136063,228.6399309985136,223.94316343197238,"4-Seam Fastball",98,630,630,4.696767566541212,4.69676756654119,0,10,30,10,30,0,0,"10:30","10:30"," 0H 00M"
2025,"Vest, Will",676684,"R","FF",414,"96.8",2251,"17.2",0.8315488041760424,0.8941377740727615,151.78635381213493,159.1779700665499,"4-Seam Fastball",89,60,765,-7.39161625441497,7.391616254414988,15,1,0,12,45,0,15,"1:00","12:45","+0H 15M"
2025,"Mattson, Isaac",676755,"R","FF",272,"94.1",2365,"20.3",0.9572521602636184,0.9842674231545788,152.35553358751704,153.83431151690556,"4-Seam Fastball",98,60,765,-1.4787779293885137,1.4787779293885193,15,1,0,12,45,0,15,"1:00","12:45","+0H 15M"
2025,"Brown, Ben",676962,"R","FF",779,"95.8",2212,"18.3",0.8740122121271049,0.9561802972686125,150.05106312927091,154.544921713291,"4-Seam Fastball",96,60,765,-4.493858584020074,4.493858584020078,15,1,0,12,45,0,15,"1:00","12:45","+0H 15M"
2025,"Meyer, Max",676974,"R","FF",225,"95",2514,"17.6",0.7874157819200519,0.7780401251899759,139.11625262711448,147.37680244366345,"4-Seam Fastball",78,75,60,-8.260549816548973,8.26054981654897,15,1,15,1,0,0,15,"1:15","1:00","+0H 15M"
2025,"Crochet, Garrett",676979,"L","FF",825,"96.2",2465,"17.6",0.8019061684679514,0.8615187751517771,218.3393535583201,208.71980292489906,"4-Seam Fastball",86,645,660,9.619550633421056,9.619550633421046,-15,10,45,11,0,0,15,"10:45","11:00","-0H 15M"
2025,"Cecconi, Slade",677944,"R","FF",428,"94.3",2392,"19",0.8821995276018862,0.9542944857262715,140.50934129462982,144.2624778153467,"4-Seam Fastball",95,75,75,-3.753136520716879,3.7531365207168803,0,1,15,1,15,0,0,"1:15","1:15"," 0H 00M"
2025,"Halvorsen, Seth",678020,"R","FF",322,"100.1",2272,"16.4",0.8792550038332464,0.9904718256476601,140.11227554733085,139.18165463809004,"4-Seam Fastball",99,75,75,0.9306209092408153,0.930620909240815,0,1,15,1,15,0,0,"1:15","1:15"," 0H 00M"
2025,"Hernández, Daysbel",678226,"R","FF",239,"97.9",2311,"18.1",0.8832667274190578,0.9947274364423978,141.0683066511185,149.57601952236462,"4-Seam Fastball",99,75,60,-8.507712871246127,8.507712871246126,15,1,15,1,0,0,15,"1:15","1:00","+0H 15M"
2025,"Bellozo, Valente",678368,"R","FF",247,"90.9",2142,"17.3",0.8151021058930243,0.8764866952102544,159.46837738569278,168.98561367940854,"4-Seam Fastball",88,765,735,-9.517236293715769,9.517236293715756,30,12,45,12,15,0,30,"12:45","12:15","+0H 30M"
2025,"Bello, Brayan",678394,"R","FF",288,"95",2185,"15.5",0.7399928746597928,0.7950088007312901,137.4642166927231,146.99019488152857,"4-Seam Fastball",80,90,60,-9.525978188805453,9.525978188805455,30,1,30,1,0,0,30,"1:30","1:00","+0H 30M"
2025,"Rodríguez, Randy",678495,"R","FF",352,"97.4",2650,"18.7",0.8307015403371666,0.8738442901520271,156.149985342294,162.48596067368769,"4-Seam Fastball",87,765,750,-6.3359753313936835,6.335975331393702,15,12,45,12,30,0,15,"12:45","12:30","+0H 15M"
2025,"Henriquez, Ronny",678692,"R","FF",241,"96.5",2482,"19.2",0.8780282597728901,0.8848062490337701,151.26254269769336,159.92442544710224,"4-Seam Fastball",88,60,765,-8.661882749408875,8.661882749408868,15,1,0,12,45,0,15,"1:00","12:45","+0H 15M"
2025,"Woods Richardson, Simeon",680573,"R","FF",590,"93.3",2254,"18.8",0.8920083196478886,0.9678986045571191,163.66249810120857,162.6567608508354,"4-Seam Fastball",97,750,750,1.0057372503731585,1.0057372503731368,0,12,30,12,30,0,0,"12:30","12:30"," 0H 00M"
2025,"Parker, Mitchell",680730,"L","FF",954,"92.8",2168,"18.3",0.8738944460924384,0.9935489509293387,197.75597799380157,197.87799957017776,"4-Seam Fastball",99,690,690,-0.12202157637619848,0.12202157637621938,0,11,30,11,30,0,0,"11:30","11:30"," 0H 00M"
2025,"Burke, Sean",680732,"R","FF",718,"94.1",2548,"18.9",0.8448978373958763,0.8819389340513722,160.7773910821076,164.3540283353433,"4-Seam Fastball",88,765,750,-3.576637253235674,3.5766372532356803,15,12,45,12,30,0,15,"12:45","12:30","+0H 15M"
2025,"Vodnik, Victor",680767,"R","FF",313,"98.5",2333,"14.3",0.7415949441022945,0.8899700181551952,147.1125750310315,154.84265337345266,"4-Seam Fastball",89,60,765,-7.730078342421166,7.73007834242114,15,1,0,12,45,0,15,"1:00","12:45","+0H 15M"
2025,"Schwellenbach, Spencer",680885,"R","FF",556,"97.1",2318,"15.3",0.7404756028253914,0.8200733315443263,146.07629332952263,158.28089905223294,"4-Seam Fastball",82,75,765,-12.204605722710312,12.204605722710312,30,1,15,12,45,0,30,"1:15","12:45","+0H 30M"
2025,"Vásquez, Randy",681190,"R","FF",332,"93",2353,"17.5",0.8125314945686614,0.8650556279829735,149.3003335941611,150.44565563738206,"4-Seam Fastball",87,60,60,-1.1453220432209719,1.1453220432209696,0,1,0,1,0,0,0,"1:00","1:00"," 0H 00M"
2025,"Smith, Shane",681343,"R","FF",633,"95.3",2306,"14.7",0.6982002129089755,0.7529625614789349,147.14482759433815,154.9436172674035,"4-Seam Fastball",75,60,765,-7.798789673065357,7.798789673065366,15,1,0,12,45,0,15,"1:00","12:45","+0H 15M"
2025,"Burrows, Mike",681347,"R","FF",376,"95.2",2304,"17.5",0.8380939168925112,0.9314968166158104,155.58847125290288,160.75720897241092,"4-Seam Fastball",93,765,765,-5.168737719508044,5.168737719508059,0,12,45,12,45,0,0,"12:45","12:45"," 0H 00M"
2025,"Leahy, Kyle",681517,"R","FF",259,"95.2",2377,"16.5",0.7726992057693332,0.8587436605406567,158.53982335105383,168.60301432974737,"4-Seam Fastball",86,765,750,-10.063190978693541,10.063190978693548,15,12,45,12,30,0,15,"12:45","12:30","+0H 15M"
2025,"Vesia, Alex",681911,"L","FF",386,"92.6",2454,"21.4",0.9673126368357096,0.9827587346443466,195.36869602049026,196.34250489833212,"4-Seam Fastball",98,690,690,-0.9738088778418614,0.9738088778418813,0,11,30,11,30,0,0,"11:30","11:30"," 0H 00M"
2025,"Anderson, Grant",681982,"R","FF",256,"93.3",2446,"17.9",0.823797820184667,0.8256170723258768,116.55405063532507,128.070180099207,"4-Seam Fastball",83,120,105,-11.516129463881924,11.516129463881926,15,2,0,1,45,0,15,"2:00","1:45","+0H 15M"
2025,"Lopez, Jacob",682052,"L","FF",406,"90.7",2116,"18",0.86767443749994,0.9387374619524838,234.5484294585565,234.61740467416092,"4-Seam Fastball",94,615,615,-0.06897521560441078,0.06897521560439528,0,10,15,10,15,0,0,"10:15","10:15"," 0H 00M"
2025,"Miller, Bryce",682243,"R","FF",345,"94.5",2497,"19.8",0.8699095465631341,0.9261412655274147,156.36884905369385,162.08607073828267,"4-Seam Fastball",93,765,750,-5.7172216845888215,5.717221684588829,15,12,45,12,30,0,15,"12:45","12:30","+0H 15M"
2025,"Montgomery, Mason",682254,"L","FF",357,"98.7",2320,"19.2",0.927296418424278,0.9796152831030192,201.04381503091383,197.56048273447647,"4-Seam Fastball",98,675,690,3.483332296437368,3.4833322964373705,-15,11,15,11,30,0,15,"11:15","11:30","-0H 15M"
2025,"Ortiz, Luis L.",682847,"R","FF",442,"96.4",2280,"17.2",0.8170432410481684,0.894596193304948,126.6343335416077,130.40089571806766,"4-Seam Fastball",89,105,105,-3.7665621764599564,3.766562176459962,0,1,45,1,45,0,0,"1:45","1:45"," 0H 00M"
2025,"Leiter, Jack",683004,"R","FF",483,"97.3",2407,"19.2",0.901542863156035,0.9501104275436308,148.9395565324481,151.69422569621977,"4-Seam Fastball",95,60,60,-2.7546691637716663,2.754669163771665,0,1,0,1,0,0,0,"1:00","1:00"," 0H 00M"
2025,"Mears, Nick",683232,"R","FF",343,"95.2",2267,"18.5",0.886920597821971,0.9522400372098092,158.73005358225447,164.79716632991128,"4-Seam Fastball",95,765,750,-6.067112747656807,6.067112747656814,15,12,45,12,30,0,15,"12:45","12:30","+0H 15M"
2025,"Chivilli, Angel",683409,"R","FF",280,"96.9",2298,"17.2",0.898496003106945,0.9932754548984339,123.04931514894133,118.45761694056,"4-Seam Fastball",99,120,120,4.591698208381331,4.5916982083813345,0,2,0,2,0,0,0,"2:00","2:00"," 0H 00M"
2025,"Gaddis, Hunter",683769,"R","FF",210,"94.6",2333,"18.7",0.8700335859077764,0.9530166053013751,152.8982696294567,155.82206082148576,"4-Seam Fastball",95,60,765,-2.923791192029057,2.923791192029044,15,1,0,12,45,0,15,"1:00","12:45","+0H 15M"
2025,"Imanaga, Shota",684007,"L","FF",569,"90.7",2480,"21.6",0.9674797825549091,0.9928827353119855,215.50270685707957,214.90306176526326,"4-Seam Fastball",99,645,645,0.5996450918163134,0.5996450918162857,0,10,45,10,45,0,0,"10:45","10:45"," 0H 00M"
2025,"Rodríguez, Yariel",684320,"R","FF",333,"96.1",2434,"14.1",0.6487190748959215,0.7695054927672316,147.51272996557105,161.71737396682357,"4-Seam Fastball",77,60,750,-14.204644001252518,14.204644001252504,30,1,0,12,30,0,30,"1:00","12:30","+0H 30M"
2025,"Cannon, Jonathan",686563,"R","FF",251,"93.4",2258,"16.8",0.7875953999629147,0.8529829986845443,137.90300664219495,148.57220206887763,"4-Seam Fastball",85,90,60,-10.669195426682677,10.669195426682682,30,1,30,1,0,0,30,"1:30","1:00","+0H 30M"
2025,"Brown, Hunter",686613,"R","FF",765,"96.9",2267,"18.4",0.8760569669360487,0.9481499124101377,154.32385579756186,156.33013232129397,"4-Seam Fastball",95,765,765,-2.0062765237321116,2.006276523732102,0,12,45,12,45,0,0,"12:45","12:45"," 0H 00M"
2025,"Bergert, Ryan",686701,"R","FF",253,"93.7",2417,"19.5",0.8886573281493951,0.948549225437618,152.80068919744616,157.30105891064997,"4-Seam Fastball",95,60,765,-4.50036971320381,4.500369713203825,15,1,0,12,45,0,15,"1:00","12:45","+0H 15M"
2025,"Pepiot, Ryan",686752,"R","FF",800,"95",2412,"20.6",0.95269913403516,0.989910811669072,155.4089964344722,156.26219200104475,"4-Seam Fastball",99,765,765,-0.8531955665725661,0.853195566572569,0,12,45,12,45,0,0,"12:45","12:45"," 0H 00M"
2025,"Kochanowicz, Jack",686799,"R","FF",272,"95.7",2247,"15.5",0.7390905440953774,0.8132216679660046,138.4568647316965,150.4828438629665,"4-Seam Fastball",81,90,60,-12.025979131269992,12.025979131269985,30,1,30,1,0,0,30,"1:30","1:00","+0H 30M"
2025,"Varland, Louis",686973,"R","FF",300,"98.1",2142,"17.2",0.8497000584135885,0.9235032723312483,147.3281814736057,152.92033162425545,"4-Seam Fastball",92,60,60,-5.592150150649758,5.592150150649756,0,1,0,1,0,0,0,"1:00","1:00"," 0H 00M"
2025,"Sterner, Justin",686993,"R","FF",337,"93.4",2369,"19.6",0.8987171792805045,0.9498602828236888,143.0873782250573,148.99625187010108,"4-Seam Fastball",95,75,60,-5.908873645043769,5.908873645043779,15,1,15,1,0,0,15,"1:15","1:00","+0H 15M"
2025,"Young, Brandon",687064,"R","FF",228,"93.8",2205,"17.7",0.8458934620996658,0.9595024701188474,162.03714854366447,171.0480478550777,"4-Seam Fastball",96,750,735,-9.010899311413226,9.01089931141324,15,12,30,12,15,0,15,"12:30","12:15","+0H 15M"
2025,"Palmquist, Carson",687223,"L","FF",239,"90",2145,"16",0.8265363789168931,0.9349850570434396,233.7851908478113,222.36600065125208,"4-Seam Fastball",93,615,630,11.419190196559214,11.419190196559278,-15,10,15,10,30,0,15,"10:15","10:30","-0H 15M"
2025,"Gusto, Ryan",687473,"R","FF",638,"94.2",2427,"18.6",0.8443579929030186,0.9050947766602152,153.9973229156594,161.00996457085557,"4-Seam Fastball",91,765,765,-7.012641655196177,7.012641655196152,0,12,45,12,45,0,0,"12:45","12:45"," 0H 00M"
2025,"Hodge, Porter",687863,"R","FF",215,"95.8",2368,"14.2",0.6631789172610365,0.7718577367462013,167.6783778664595,181.70408252118133,"4-Seam Fastball",77,750,720,-14.025704654721835,14.02570465472184,30,12,30,12,0,0,30,"12:30","12:00","+0H 30M"
2025,"King, Bryan",687911,"L","FF",408,"92",2134,"14.3",0.6851651198523544,0.75403492193996,211.61487842320906,197.00310072402925,"4-Seam Fastball",75,660,690,14.611777699179811,14.611777699179823,-30,11,0,11,30,0,30,"11:00","11:30","-0H 30M"
2025,"Knack, Landon",689017,"R","FF",328,"93",2399,"19.8",0.9045888575121851,0.9633286014976139,157.48085087754794,159.58152722081496,"4-Seam Fastball",96,765,765,-2.1006763432670255,2.100676343267036,0,12,45,12,45,0,0,"12:45","12:45"," 0H 00M"
2025,"Kerkering, Orion",689147,"R","FF",210,"97.6",2399,"19.6",0.9092692334545109,0.9738287120651152,137.59492451735883,142.64840910256729,"4-Seam Fastball",97,90,75,-5.053484585208452,5.053484585208453,15,1,30,1,15,0,15,"1:30","1:15","+0H 15M"
2025,"Fitts, Richard",690916,"R","FF",237,"95.8",2458,"16.6",0.7528106031666608,0.8499925357687128,162.68141812510433,171.87692320929975,"4-Seam Fastball",85,750,735,-9.195505084195418,9.195505084195416,15,12,30,12,15,0,15,"12:30","12:15","+0H 15M"
2025,"Dobbins, Hunter",690928,"R","FF",377,"95.5",2371,"15.4",0.707798816947526,0.768176912548138,168.86576120515792,172.26738734937422,"4-Seam Fastball",77,735,735,-3.4016261442162943,3.4016261442162823,0,12,15,12,15,0,0,"12:15","12:15"," 0H 00M"
2025,"Harrison, Kyle",690986,"L","FF",253,"95.1",2294,"18.6",0.8989201956309131,0.983180363134451,234.8611890013393,232.10410634114334,"4-Seam Fastball",98,615,615,2.7570826601959766,2.7570826601959766,0,10,15,10,15,0,0,"10:15","10:15"," 0H 00M"
2025,"Horton, Cade",690990,"R","FF",502,"95.7",2495,"13.8",0.6345266954312221,0.7283931928463938,168.20897766499843,182.2544257117079,"4-Seam Fastball",73,750,720,-14.045448046709481,14.045448046709481,30,12,30,12,0,0,30,"12:30","12:00","+0H 30M"
2025,"Pérez, Eury",691587,"R","FF",359,"98",2669,"20.2",0.9065993993625943,0.96030368859415,144.02903077474716,147.5027611135059,"4-Seam Fastball",96,75,60,-3.4737303387587417,3.4737303387587404,15,1,15,1,0,0,15,"1:15","1:00","+0H 15M"
2025,"Woo, Bryan",693433,"R","FF",804,"95.6",2258,"17.2",0.8109430702162,0.8921160158155828,137.96460013039842,147.45848263747177,"4-Seam Fastball",89,90,60,-9.493882507073351,9.493882507073343,30,1,30,1,0,0,30,"1:30","1:00","+0H 30M"
2025,"Palencia, Daniel",694037,"R","FF",402,"99.5",2337,"19.7",0.9374850143972016,0.9956630670111634,138.12344819222358,139.48435569547945,"4-Seam Fastball",100,90,75,-1.3609075032558735,1.360907503255879,15,1,30,1,15,0,15,"1:30","1:15","+0H 15M"
2025,"Pfaadt, Brandon",694297,"R","FF",535,"93.6",2567,"16.3",0.7525496004329156,0.754320756494673,145.98732556075942,158.18637005365338,"4-Seam Fastball",75,75,765,-12.199044492893961,12.19904449289396,30,1,15,12,45,0,30,"1:15","12:45","+0H 30M"
2025,"Brzykcy, Zach",694350,"R","FF",216,"94.6",2279,"19.8",0.9353093555902129,0.98271699069117,157.46134529173378,158.9203939082893,"4-Seam Fastball",98,765,765,-1.4590486165555205,1.459048616555526,0,12,45,12,45,0,0,"12:45","12:45"," 0H 00M"
2025,"Patrick, Chad",694477,"R","FF",353,"94.1",2328,"17.6",0.8263923620569426,0.9153335629375762,149.43593649303685,155.9332657094612,"4-Seam Fastball",92,60,765,-6.497329216424362,6.497329216424377,15,1,0,12,45,0,15,"1:00","12:45","+0H 15M"
2025,"Misiorowski, Jacob",694819,"R","FF",257,"99.4",2597,"18.5",0.8554810053560122,0.9149892903487811,141.9246861000205,147.31914052354816,"4-Seam Fastball",91,75,60,-5.394454423527662,5.394454423527674,15,1,15,1,0,0,15,"1:15","1:00","+0H 15M"
2025,"Skenes, Paul",694973,"R","FF",778,"98.2",2226,"18.7",0.9121081319711264,0.9760797328751754,122.06207503468119,124.7260894394364,"4-Seam Fastball",98,120,105,-2.664014404755207,2.6640144047552057,15,2,0,1,45,0,15,"2:00","1:45","+0H 15M"
2025,"Miller, Mason",695243,"R","FF",320,"101.1",2548,"18.8",0.8715399116907966,0.9345048645116735,148.63836707939086,151.69281231228416,"4-Seam Fastball",93,60,60,-3.0544452328933005,3.0544452328933,0,1,0,1,0,0,0,"1:00","1:00"," 0H 00M"
2025,"Lord, Brad",695418,"R","FF",620,"95",2321,"18.7",0.8834738835957389,0.9782210787541461,115.55524542091787,120.7940476240392,"4-Seam Fastball",98,135,120,-5.238802203121324,5.238802203121317,15,2,15,2,0,0,15,"2:15","2:00","+0H 15M"
2025,"Burns, Chase",695505,"R","FF",226,"98.1",2624,"18.2",0.8427012285383995,0.9130411345082633,163.13348385553826,168.73086738109419,"4-Seam Fastball",91,750,750,-5.5973835255559266,5.597383525555914,0,12,30,12,30,0,0,"12:30","12:30"," 0H 00M"
2025,"Jobe, Jackson",695549,"R","FF",273,"96.5",2384,"19",0.8855973753022418,0.9427406310912282,151.03474403296227,155.76777863970807,"4-Seam Fastball",94,60,765,-4.733034606745804,4.733034606745789,15,1,0,12,45,0,15,"1:00","12:45","+0H 15M"
2025,"Povich, Cade",700249,"L","FF",425,"92.3",2361,"20",0.9072434266337832,0.9443207593178354,218.1240994236081,211.84052150173596,"4-Seam Fastball",94,645,660,6.283577921872137,6.283577921872132,-15,10,45,11,0,0,15,"10:45","11:00","-0H 15M"
2025,"Smith-Shawver, AJ",700363,"R","FF",330,"95.6",2103,"18.3",0.9128920572787554,0.975051803916304,143.86549257123787,148.20410398911014,"4-Seam Fastball",98,75,60,-4.338611417872272,4.338611417872255,15,1,15,1,0,0,15,"1:15","1:00","+0H 15M"
2025,"Warren, Will",701542,"R","FF",732,"93.2",2574,"17.3",0.7658041555312957,0.762708262017627,137.78670925813014,150.1280896116611,"4-Seam Fastball",76,90,60,-12.341380353530951,12.341380353530948,30,1,30,1,0,0,30,"1:30","1:00","+0H 30M"
2025,"Festa, David",701581,"R","FF",280,"94.1",2416,"18",0.833834688846582,0.8691190440917702,160.19204159284226,170.29868669506686,"4-Seam Fastball",87,765,735,-10.106645102224604,10.106645102224604,30,12,45,12,15,0,30,"12:45","12:15","+0H 30M"
2025,"Cameron, Noah",702070,"L","FF",323,"92.3",2277,"16.7",0.7978072639386066,0.8889512479787686,196.99392042461503,197.5611814372962,"4-Seam Fastball",89,690,690,-0.5672610126811719,0.5672610126811999,0,11,30,11,30,0,0,"11:30","11:30"," 0H 00M"
2025,"Dollander, Chase",801403,"R","FF",593,"97.7",2422,"16.8",0.8520199689410951,0.9391374443781307,130.00557310950944,135.8234198118068,"4-Seam Fastball",94,105,90,-5.817846702297345,5.817846702297359,15,1,45,1,30,0,15,"1:45","1:30","+0H 15M"
2025,"Matthews, Zebby",805673,"R","FF",212,"96.7",2345,"18.6",0.8984897462268658,0.9695956707966418,146.33297634361296,148.42758669550318,"4-Seam Fastball",97,60,60,-2.094610351890225,2.094610351890216,0,1,0,1,0,0,0,"1:00","1:00"," 0H 00M"
2025,"Birdsong, Hayden",806185,"R","FF",524,"95.5",2404,"18.6",0.866026566905553,0.9424328057917113,156.09757050170123,160.5719589881889,"4-Seam Fastball",94,765,765,-4.474388486487669,4.474388486487669,0,12,45,12,45,0,0,"12:45","12:45"," 0H 00M"
2025,"Sasaki, Roki",808963,"R","FF",262,"95.7",2083,"17.5",0.8629692266943989,0.9555718812757787,135.21526310558824,141.40820736315914,"4-Seam Fastball",96,90,75,-6.1929442575709,6.192944257570922,15,1,30,1,15,0,15,"1:30","1:15","+0H 15M"
2025,"Yamamoto, Yoshinobu",808967,"R","FF",657,"95.1",2179,"17",0.825194263841946,0.909110469214381,146.78159214472214,155.13763297192193,"4-Seam Fastball",91,60,765,-8.356040827199791,8.356040827199783,15,1,0,12,45,0,15,"1:00","12:45","+0H 15M"
2025,"Fermin, José",820862,"R","FF",213,"96.8",2302,"19.4",0.9145157241327709,0.9526056055574146,146.301002655118,150.28277527543784,"4-Seam Fastball",95,60,60,-3.9817726203198447,3.9817726203198314,0,1,0,1,0,0,0,"1:00","1:00"," 0H 00M"