"year","last_name, first_name","player_id","team_id","pa","pitches","runs_all","runs_heart","runs_shadow","runs_chase","runs_waste"
"2025","Adell, Jo","666176","108","359","1385",10.963908806675592,8.43140681816309,-10.823376752470915,6.434541481259511,6.921337259723909
"2025","Thomas, Alek","677950","109","292","1073",-7.494797280217468,-14.457864692624304,-0.3779209024814478,3.4081588641202902,3.9328294507680055
"2025","Ozuna, Marcell","542303","144","394","1724",9.017409399747827,-3.914627964089628,-11.6423377319914,14.533193331426848,10.041181764401992
"2025","Albies, Ozzie","645277","144","432","1553",-8.354676003130495,-8.563442975112297,-16.350839480794168,11.448932610080535,5.110673842695434
"2025","Westburg, Jordan","676059","110","212","819",8.57276142326714,6.669551051325473,-6.711671796589978,4.161375916436095,4.453506252095556
"2025","Espinal, Santiago","669289","113","285","1145",-11.74004494367989,-16.002202970074894,-7.9347038626493775,7.7159376753156765,4.48092421372869
"2025","Manzardo, Kyle","700932","114","318","1219",4.6084665852514135,-2.430684727630721,-2.7720844218283878,6.466447399080626,3.344788335629895
"2025","Sosa, Lenyn","672820","145","324","1186",0.9382428282455474,1.3705221478144405,-3.2513042305274595,0.1350014460164909,2.684023464942081
"2025","Quero, Edgar","700337","145","229","908",2.602020496049468,-4.805387225983455,-3.3846437771031432,7.42571044256819,3.36634105656788
"2025","Báez, Javier","595879","116","302","1073",0.6074465693420462,-3.50788491543757,-0.9046993832763979,1.899951924264271,3.1200789437917416
"2025","Torres, Gleyber","650402","116","392","1611",17.1043530623933,0.7638516112433695,-13.802867424170238,22.246926748589583,7.896442126730599
"2025","Diaz, Yainer","673237","117","368","1193",-1.8517542327720777,-1.3303477337979028,-1.9801949335373281,-2.3692372869130094,3.8280257214761697
"2025","Hicks, Liam","689414","146","216","825",6.010333531842412,-5.261554143178848,0.028922704825298302,7.874671904030091,3.3682930661658714
"2025","Arraez, Luis","650333","135","428","1537",-5.268730934101776,-21.034414036167565,0.25744482505405186,10.144963074229821,5.363275202781985
"2025","Caminero, Junior","691406","139","414","1523",13.487317456630597,10.81702580894427,-6.235162367889801,2.452237275531586,6.453216740044517
"2025","Langford, Wyatt","694671","140","355","1431",4.267050686069147,-0.7964767778940022,-10.65340790167334,8.991052657372975,6.725882708263505
"2025","Rengifo, Luis","650859","108","367","1295",-13.38851234665519,-6.854739748935238,-14.119881140684033,2.3764327416152646,5.209675801348793
"2025","Narváez, Carlos","665966","111","304","1224",5.122311372215814,-3.2115983084227073,-2.3144623890545826,6.402724765169701,4.245647304523388
"2025","Campbell, Kristian","692225","111","263","1070",-3.350940384764668,-5.057900697726032,-12.465639419529914,8.569866990355429,5.602732742135838
"2025","Hoerner, Nico","663538","112","407","1414",1.1722334927094944,-12.536190130427185,-1.8765733076718025,9.954161045180067,5.630835885628379
"2025","McMahon, Ryan","641857","115","400","1713",-1.7699273811719942,-9.819952937548011,-9.311184293773008,12.897286790162202,4.463923059986799
"2025","Beck, Jordan","687597","115","366","1448",11.348225028744844,1.428208595222778,-1.446757454543595,7.721093515018343,3.6456803730473415
"2025","Durbin, Caleb","702332","158","292","1048",4.443566457468768,-8.769452901686721,-1.0750052709540197,7.009651422839912,7.278373207269597
"2025","Taylor, Tyrone","621438","121","286","1055",-14.945407028784663,-12.115188315593484,-11.47552362690582,4.108017514810207,4.537287398904439
"2025","Bailey, Patrick","672275","137","273","1038",-13.505616711020775,-6.042573282927505,-13.002343134433623,3.5104665332849114,2.028833173055464
"2025","Giménez, Andrés","665926","141","238","913",-3.3834060037949585,-9.419727544761233,-6.488826099237429,7.551598734514024,4.973548905689659
"2025","Bichette, Bo","666182","141","453","1634",4.392759258507035,5.018986009324021,-13.137412435035225,8.681806331607817,3.829379352610413
"2025","O'Hoppe, Logan","681351","108","318","1244",-1.1607804908949733,6.464104789658968,-14.71850494435012,2.3480377555196514,4.745581908276502
"2025","Olson, Matt","621566","144","451","1988",20.836680458781526,2.385273344190223,-7.9955566349431635,15.095833893254852,11.35112985627962
"2025","Suzuki, Seiya","673548","112","432","1789",19.7584461330147,13.954350754267795,-8.80926309932538,9.236363121452886,5.376995356619358
"2025","Jones, Nolan","666134","114","287","1242",-8.984158213468646,-13.501534593391469,-7.662171380553513,8.292245294101896,3.887302466374431
"2025","Meyers, Jake","676694","117","322","1148",3.4941521100439634,-4.57411475084488,-5.5220042444586985,7.953207608950004,5.637063496397538
"2025","McNeil, Jeff","643446","121","250","936",6.09863613727946,1.149425719878281,-8.049695062224473,7.760511473636582,5.238394005989073
"2025","Soto, Juan","665742","121","444","1931",34.836102166590464,3.67237260085988,-3.054706122495681,24.808605969086916,9.409829719139296
"2025","Baty, Brett","683146","121","267","1075",3.030636566970305,4.287009526464123,-10.032485546717291,5.837070001502374,2.9390425857210953
"2025","Castellanos, Nick","592206","143","421","1522",4.5069999881986735,7.202407412257765,-11.38423679861344,2.201664409019037,6.487164965535299
"2025","Kepler, Max","596146","143","335","1327",-6.569874767115113,-11.482233585775845,-9.306400708376897,9.251270311363195,4.967489215674439
"2025","Iglesias, Jose","578428","135","228","903",-8.497109379242053,-11.779327111672165,-1.5442571741972186,0.7160799812467438,4.110394925380581
"2025","Adames, Willy","642715","137","436","1789",6.9385734308072555,-2.4734147783626312,-9.719124284981987,9.964693616121577,9.166418878030296
"2025","Pagés, Pedro","686780","138","265","1028",-13.702905684347828,-9.389541429509233,-8.558545699504332,-0.4488552170346624,4.694036661700419
"2025","Laureano, Ramón","657656","110","265","1113",10.880566905088875,1.2048793602576688,-3.7315273986309534,9.484255985075595,3.922958958386566
"2025","Steer, Spencer","668715","113","377","1501",-1.7682678484375953,-6.9759778405284765,-8.755765500807923,10.488733596145408,3.4747418967533537
"2025","Dingler, Dillon","693307","116","286","1026",0.7683418622229973,2.02697570089694,-10.200304316247216,5.7088721768128705,3.23279830076039
"2025","Altuve, Jose","514888","117","422","1498",10.721820901878095,2.914230715447647,-10.082403171495104,8.959521497735244,8.930471860190284
"2025","Hernández, Enrique","571771","119","186","730",-5.386849234550018,-5.549504840047802,-7.821485293695099,6.286333535162121,1.69780736403076
"2025","Ohtani, Shohei","660271","119","458","1849",38.985294025234516,16.62471292378517,0.5927548001135633,13.10819717978776,8.659629121548027
"2025","Yelich, Christian","592885","158","409","1658",9.855049742211325,2.8371372817007,-9.171881644171528,9.787258915163262,6.402535189518937
"2025","Contreras, William","661388","158","418","1648",3.8268419864980507,-9.229436903428239,-8.006388987610373,13.989839698673952,7.0728281788627045
"2025","Correa, Carlos","621043","142","349","1340",-3.4829223932496207,-8.954190858329568,-6.42951291316209,7.444812085224811,4.455969293017205
"2025","Larnach, Trevor","663616","142","383","1510",2.1444309682069,-3.8432938454619103,-5.028877050830402,6.887734907406868,4.128866957092328
"2025","Herrera, Iván","671056","138","211","862",15.3505413034109,5.614761290571458,-0.20814924539951563,7.198013042873521,2.745916215365452
"2025","Higashioka, Kyle","543309","140","195","761",-2.0584860760547294,-7.3901512445881705,-3.104331453264986,4.717955068033974,3.718041553764444
"2025","Guerrero Jr., Vladimir","665489","141","443","1660",26.20047595432401,5.965159310179486,-3.845647532013358,16.505808343863876,7.575155832294026
"2025","Perdomo, Geraldo","672695","109","457","1894",18.978654553103926,-7.829239200116945,-1.1387559269866236,21.6427776082616,6.3038720719459045
"2025","Clarke, Denzel","672016","133","159","631",-4.822087246273028,1.408125669427184,-8.69822646929429,0.21748803912612436,2.250525514467949
"2025","White, Eli","642201","144","193","705",-3.482876748700811,0.6694127065865632,-9.137070548228367,3.935867758119663,1.0489133348213238
"2025","Harris II, Michael","671739","144","395","1346",-26.733913413965393,-7.814941892938396,-20.94335351250633,-1.2687288884281418,3.293110879907464
"2025","Bregman, Alex","608324","111","256","1000",14.451318991750298,3.352702177757358,-4.301878482811415,10.250012308961974,5.150482987842403
"2025","Martínez, Angel","682657","114","317","1153",-5.0120113258146235,-6.988407186582315,-1.0894507182994875,-0.5273398052849699,3.5931863843521663
"2025","McKinstry, Zach","656716","116","355","1396",5.664946306043164,-3.2946958253628993,-6.4736202421865325,10.118161583384614,5.315100790207981
"2025","Garcia, Maikel","672580","118","414","1541",2.6401850748285653,-12.774512865591767,-1.5854894509524509,11.596814225497829,5.403373165874968
"2025","Ortiz, Joey","687401","158","344","1293",-9.106649748048785,-8.633713432480633,-11.9126181800043,6.7421623271857385,4.697519537250418
"2025","Harper, Bryce","547180","143","331","1278",14.367751021887774,-2.192428568978652,0.8949687787839348,7.569928037840611,8.095282774241907
"2025","Cruz, Oneil","665833","134","385","1597",5.906087116066598,-5.130923876211734,-8.264762736628738,12.263143174933436,7.038630553973628
"2025","García, Adolis","666969","140","399","1586",-9.759471598819793,-5.642732493696964,-17.112830841416,8.42527671612748,4.570815020165706
"2025","Jung, Josh","673962","140","310","1149",-4.326714963945916,0.43461840385771994,-13.623701723531862,6.209747274490657,2.652621081237553
"2025","Ruiz, Keibert","660688","120","267","888",-10.238650925756325,-9.96628023014204,-6.841375557673358,3.6619635343735655,2.9070413276855103
"2025","Wilson, Jacob","805779","133","395","1295",10.72592052595557,0.20668112809451972,-0.5584983541256663,6.3802391239566925,4.69749862803003
"2025","Gurriel Jr., Lourdes","666971","109","410","1473",-2.0307685040722805,-9.582617353649747,-4.874924356610979,7.346764397697648,5.080008808490783
"2025","Rojas, Josh","668942","145","188","711",-13.086556759249788,-13.624616598060795,-7.194517117856548,5.023314891697148,2.7092620649704067
"2025","Vázquez, Christian","543877","142","173","671",-10.037752500127999,-7.252185169204173,-7.544867919600206,2.2337713838003057,2.5255292048760727
"2025","Cronenworth, Jake","630105","135","302","1244",-0.6106385584716189,-4.992430076898899,-10.530107839214674,10.303924666041134,4.607974691600807
"2025","Tatis Jr., Fernando","665487","135","440","1695",20.66088908252955,0.42854678293261184,-3.970738902994704,13.756051853792437,10.447029348799154
"2025","Arozarena, Randy","668227","136","442","1830",17.152352892597182,-4.981145268590503,-1.0252181188539913,14.981472127230974,8.177244152810689
"2025","Fitzgerald, Tyler","666149","137","222","851",-7.780528146789054,-5.507875761794048,-9.80595609314004,4.136238232979507,3.3970654751655243
"2025","Call, Alex","669743","120","224","880",3.067139247274652,-13.162642936286861,3.0978360015713453,10.674525424419482,2.457420757570695
"2025","Ward, Taylor","621493","108","441","1848",10.453908371832354,6.292786477282381,-14.603567078646417,11.981825238812991,6.782863734383384
"2025","Soler, Jorge","624585","108","315","1290",2.221067381120515,-3.684847990663454,-8.969833311458821,10.160737034020197,4.715011649222601
"2025","Urías, Luis","649966","133","276","1081",1.951208020115739,-5.843640912136259,-9.326499177520265,13.008345403649566,4.1130027061227015
"2025","Kurtz, Nick","701762","133","270","1074",24.79083558848783,9.92709821088448,3.0481931479571047,7.470197978616971,4.3453462510292775
"2025","Allen, Nick","669397","144","307","1195",-17.70602680814063,-17.829185299891023,-12.208471864106098,7.772744196520292,4.5588861593361685
"2025","Kwan, Steven","680757","114","423","1720",9.844304721756394,-13.427732826573624,0.2867537058793837,16.801648480913546,6.183635361537065
"2025","Moniak, Mickey","666160","115","278","943",13.595887593093028,4.277738555870813,0.07691680815390782,5.975478199897502,3.2657540291708202
"2025","Taylor, Michael A.","572191","145","212","836",-3.9890882283356106,0.5246012887885033,-10.834435741168857,3.7496618239679953,2.5710844000767494
"2025","Frazier, Adam","624428","118","271","1066",-6.067969165084598,-11.747365972192291,-6.110648604837385,6.9993988709598645,4.790646540985201
"2025","Betts, Mookie","605141","119","412","1510",-3.0498334931582116,-9.686731571805215,-10.048846963597633,10.859092730008163,5.826652312236454
"2025","Sánchez, Jesús","660821","146","320","1249",0.8217445432195479,-1.1925274010341136,-8.052985780529296,6.375485985607041,3.6917717391759197
"2025","Frelick, Sal","686217","158","385","1487",7.179177667288058,-13.652835581685551,-1.2277793069064613,15.269354082905355,6.790438472974738
"2025","Chourio, Jackson","694192","158","455","1570",5.719683244510636,12.538126579891074,-14.572765982925958,3.6103653757109693,4.1439572718345
"2025","Domínguez, Jasson","691176","147","326","1312",4.592976003721769,-3.484507716095548,-5.350246049840663,9.795719087938368,3.632010681719626
"2025","Realmuto, J.T.","592663","143","349","1396",-0.2629416835705505,-3.3713346719191675,-6.7022141179808665,5.7713154561513935,4.03929165017807
"2025","Stott, Bryson","681082","143","367","1619",-8.447069525177275,-14.581598316486176,-11.851439073884862,12.110096128513549,5.875871736680175
"2025","Pham, Tommy","502054","134","256","1021",0.08138285730950748,-2.663925002458398,-8.408610649425187,8.47471491423696,2.679203594956124
"2025","Bart, Joey","663698","134","229","925",-6.327896439412496,-9.054696548109755,-6.418845769296919,5.910784255615942,3.234861622378229
"2025","Crawford, J.P.","641487","136","442","1824",7.824581007038876,-12.498295258291055,-0.6023489209595367,13.616740193565004,7.308484992724464
"2025","Rodríguez, Julio","677594","136","465","1652",7.4811035648230115,10.25546463197426,-17.420239398104567,5.978471419019375,8.667406911933936
"2025","Flores, Wilmer","527038","137","362","1534",-0.07063783669288409,-5.264226727999794,-10.292805414423457,8.804677224844529,6.6817170808858295
"2025","Donovan, Brendan","680977","138","420","1586",6.293751556959101,-2.5093561124241672,-10.815620350991114,11.476828484962114,8.141899535412312
"2025","Morel, Christopher","666624","139","202","748",-2.3008094812416413,-3.6246902177297415,-4.61993912536457,3.6433008786963326,2.3005189831563215
"2025","Seager, Corey","608369","140","310","1178",13.441657059833586,2.595405518407543,-4.894210839687373,9.491964741242006,6.2484976398714
"2025","Abrams, CJ","682928","120","393","1441",8.748391820615424,-4.536029226758498,-5.434782301335416,12.337266956828755,6.381936391880601
"2025","Wood, James","695578","120","442","1881",20.92587293432776,13.715574701776166,-10.256951341827168,10.979384593975393,6.487864980403324
"2025","Neto, Zach","687263","108","367","1445",7.14977915249097,1.4237142439812724,-8.697614370854836,7.251477208346153,7.1722020710184005
"2025","Smith, Pavin","656976","109","263","1142",11.128701023294594,-3.584949040650633,1.4190280348271165,7.614558740011909,5.680063289106202
"2025","Moreno, Gabriel","672515","109","188","785",-0.2002628970021611,-4.811406382698539,-3.6193489606125193,4.849051657431653,3.3814407888772466
"2025","Schneemann, Daniel","682177","114","259","1003",-2.9495836357926626,-9.011732723352198,-2.6164639554363895,5.916276516391365,2.762336526604549
"2025","Keith, Colt","690993","116","319","1266",3.789675140658071,-1.6800852256646042,-10.474229746227392,11.38577305883627,4.5582170537137845
"2025","Caratini, Victor","605170","117","269","958",3.5522965822570245,-4.508579023557247,-3.5923623388402754,7.50718894591563,4.14604899873891
"2025","Wallner, Matt","670242","142","225","885",4.369994153682698,-1.0329865697781544,-4.274612008761395,5.647446623935701,4.03014610828656
"2025","Sheets, Gavin","657757","135","382","1599",4.288930518284343,-6.682900658828765,-6.6700402967401935,11.06024566862601,6.581625805227277
"2025","Polanco, Jorge","593871","136","321","1190",6.520912335633244,2.752016954185943,-10.216759410205249,8.226523505120845,5.759131286531718
"2025","Gorman, Nolan","669357","138","225","882",-2.4662752745604095,-4.034818163808799,-7.548127796552609,6.112853745262966,3.003816940538027
"2025","Thaiss, Matt","642136","139","178","735",0.4409777920797642,-3.0869358721466216,-6.780161530872276,7.719683887639009,2.588391307459645
"2025","Tellez, Rowdy","642133","140","197","783",-0.8741928308719835,-5.19933739446797,-1.40870808002796,3.369639237360725,2.3642134062632163
"2025","Straw, Myles","664702","141","202","748",-6.687279603495964,-9.21433416963949,-5.289414101715414,4.842036490182719,2.9744321776762157
"2025","Kirk, Alejandro","672386","141","343","1340",5.0801401657533765,-15.137543421486379,2.15344143601152,12.915773272188657,5.148468879039576
"2025","Wade Jr., LaMonte","664774","108","237","1022",-12.611633170120061,-19.97777713722561,-3.9218942058935737,7.370662521588401,3.917375651410735
"2025","Tawa, Tim","694374","109","173","656",-6.3374282028499405,0.20096182466459822,-10.801302457417426,1.797991172800061,2.4649212571028234
"2025","Riley, Austin","663586","144","411","1639",6.011726300473802,1.84813476935643,-6.321806506714094,4.704111473762388,5.781286564069067
"2025","Friedl, TJ","670770","113","445","1713",9.613398809217712,-14.656723851691705,-0.2307824592314075,17.510057255201918,6.990847864938883
"2025","Pérez, Wenceel","672761","116","170","663",-0.7774395089697574,-7.333372068420859,0.6673785047474079,2.705483378517467,3.1830706761862264
"2025","Pages, Andy","681624","119","404","1499",16.221056510230316,11.243168883368785,-8.71223932534708,7.223002956717962,6.4671239954906445
"2025","Judge, Aaron","592450","147","432","1779",51.72506360852922,35.71286947964874,-7.403825770994486,12.093750270576644,11.322269629298388
"2025","Bogaerts, Xander","593428","135","411","1576",-0.22631386921285562,-3.3826781372600023,-15.524685364125508,12.54314420805258,6.137905424120046
"2025","Moore, Dylan","664238","136","197","809",-5.6833208300559175,-1.1388357131425897,-12.246853555474303,5.764424040489976,1.9379443980710078
"2025","Ramos, Heliot","671218","137","443","1721",8.568699334489622,2.2795621060612907,-13.824430097658343,9.38327698510388,10.730290340982766
"2025","Aranda, Jonathan","666018","139","379","1552",20.53505579652384,4.210734890078502,-5.042254055830206,12.629254845839604,8.737320116435978
"2025","Springer, George","543807","141","392","1559",24.829479911442895,13.871658096974805,-11.249410480847313,17.058209934204463,5.149022361110918
"2025","Bell, Josh","605137","120","347","1327",-4.042269342165679,-10.524982822024473,-11.387780905127588,10.531753663139341,7.338740721847021
"2025","Verdugo, Alex","657077","144","213","880",-9.757930336059491,-6.807960497892027,-11.56540704832189,5.077118994007215,3.5383182161472084
"2025","Baldwin, Drake","686948","144","242","969",11.09147524722738,-2.771656696777804,2.385280490165237,6.273638387052974,5.204213066786985
"2025","O'Hearn, Ryan","656811","110","337","1325",12.20423457422591,4.463946238207286,-5.428591025899461,6.958393519374286,6.210485842543829
"2025","Story, Trevor","596115","111","412","1574",-5.113469624707435,-9.039964297764085,-3.0926972148195198,3.0393399872271845,3.9798519006489914
"2025","Abreu, Wilyer","677800","111","317","1229",11.106809676378534,0.16796700552726088,-1.4375306644523553,7.665099861063052,4.711273474240585
"2025","Trevino, Jose","624431","113","199","682",0.6007127439879015,-1.228581473509875,-3.021472675555726,3.4336396297022924,1.4171272633512058
"2025","Benson, Will","666181","113","182","685",-3.5583872752824193,-5.069191456432397,-5.744183346694525,5.114581503566991,2.1404060242775107
"2025","Tauchman, Mike","643565","145","211","886",13.272029055968073,3.131087456827646,0.21647736547655425,6.328825926970346,3.5956383066935333
"2025","Carpenter, Kerry","681481","116","280","1050",9.624042499352788,11.991196994810563,-8.00985780096601,1.2701476475554456,4.3725556579527876
"2025","Volpe, Anthony","683011","147","410","1641",-5.310784171225767,-9.870756111407214,-15.533711231701822,13.229458785548564,6.864224386334688
"2025","Simpson, Chandler","802415","139","231","760",-0.47506498994548224,-4.401533014951,-3.427171988670121,5.43535828185477,1.9182817318208711
"2025","Tena, José","677588","120","154","627",-1.2160788033754264,-4.6987242648927445,-5.624573670281015,5.740490944887036,3.366728186911291
"2025","Schanuel, Nolan","694384","108","426","1656",8.068393500461267,-8.982721491422039,-4.6406085095856735,14.766840128485343,6.924883372983677
"2025","Swanson, Dansby","621020","112","425","1653",-0.22630064089898652,-2.329574230732049,-14.131809671277034,8.622690661200135,7.612392599909957
"2025","Greene, Riley","682985","116","425","1765",16.735768154799636,10.48406112259441,-12.139250029764433,12.62950535983583,5.761451702133835
"2025","Smith, Cam","701358","117","357","1453",0.5513584141134067,1.105329456377441,-12.809498759229328,5.948794628561913,6.306733088403367
"2025","India, Jonathan","663697","118","410","1705",-7.941899267194193,-22.229860484408874,-4.653083162988215,13.551727627456343,5.389316752746604
"2025","Lopez, Otto","672640","146","357","1310",3.169653769835385,-7.196645422491167,-3.146737592444873,8.155410084873411,5.357626699897994
"2025","Turang, Brice","668930","158","419","1713",1.6480196553992346,-16.1441435470162,-0.2494796816465567,12.164277636467101,5.877365247594847
"2025","Lee, Brooks","686797","142","312","1193",-8.177703184539714,-12.235795668330505,-4.424440011913053,5.135186752510298,3.3473457431935354
"2025","Torrens, Luis","620443","121","208","845",-7.412248385409016,-9.851929017911345,-6.747440948655915,6.423488484186195,2.7636330969720575
"2025","Yastrzemski, Mike","573262","137","354","1444",-1.6424234378958376,-13.111729899934803,-7.238576615616974,13.184756732608529,5.523126345047404
"2025","Devers, Rafael","646240","137","465","1976",19.34261446035826,-4.409493306826996,-4.038659132959506,19.30531960290919,8.485447297235595
"2025","Chapman, Matt","656305","137","336","1401",10.355892867971814,-2.165277621377942,-5.542114257755141,9.899813357512533,8.163471389592356
"2025","Burleson, Alec","676475","138","349","1239",7.9094830893734365,-1.384508156277223,-5.7293610064803095,11.94016202554382,3.0831902265871425
"2025","Butler, Lawrence","671732","133","436","1752",1.8016897782812107,-2.9931350690821708,-14.021807654651981,12.235273880505504,6.581358621509856
"2025","Urías, Ramón","602104","110","274","1084",-3.8895097724772905,-10.400785478784112,-3.7103555980828142,5.5227189504841085,4.698912353905527
"2025","Rafaela, Ceddanne","678882","111","369","1317",4.096909471585095,7.51640585510904,-7.114795184165514,0.7394066535418611,2.9558921470996933
"2025","McLain, Matt","680574","113","384","1547",-8.065796748530847,-10.99503765306257,-11.51680911181759,9.110542347940333,5.335507668408969
"2025","Naylor, Bo","666310","114","263","1100",-7.279179787266237,-10.57173579006594,-8.350501733787072,6.609984089603154,5.033073646983621
"2025","Doyle, Brenton","686668","115","344","1266",-12.107282775257378,-5.3137048887289975,-17.2880925577636,7.211056905741202,3.2834577654939974
"2025","Waters, Drew","671221","118","219","794",-7.12006713915042,-3.8787058140972968,-8.107611675913697,2.944878268083827,1.9213720827767575
"2025","Myers, Dane","667472","146","241","882",-8.223911731205156,-7.072169221243185,-10.697961581598497,6.462907931155668,3.083311140480848
"2025","Stowers, Kyle","669065","146","373","1430",26.908251997228398,14.853804187050665,-4.399594218866771,10.701971792693058,5.752070236351374
"2025","Hoskins, Rhys","656555","158","316","1378",6.1228055548642235,-5.886826189093021,-5.999013465802654,12.591973540385831,5.416671669374071
"2025","Turner, Trea","607208","143","454","1723",12.087463676665307,3.232877129207074,-4.019559175768518,6.425386404773524,6.448759318453218
"2025","Mastrobuoni, Miles","670156","136","169","640",-3.9001472852042953,-11.813249724730136,-1.4320345452188246,7.013272467881005,2.3318645168636567
"2025","Nootbaar, Lars","663457","138","384","1586",6.763322320254352,-9.482384588811597,-5.024718558153134,14.656446732003722,6.613978735215346
"2025","Walker, Jordan","691023","138","223","896",-7.619732243593368,-5.807132281855178,-8.946636996637354,2.685413247014472,4.448623787884696
"2025","Santander, Anthony","623993","141","208","872",-10.419537130084302,-10.468893255074345,-8.734179611371683,6.037742524487398,2.7457932118743344
"2025","Young, Jacob","696285","120","250","891",-10.228407343540432,-11.549096691086746,-8.8262629779298,7.07156683322751,3.0753854922485995
"2025","Mullins, Cedric","656775","110","334","1408",-6.402404317448439,-15.202151706817238,-6.223836047577387,10.168972418047218,4.854611018898976
"2025","Hays, Austin","669720","113","223","838",6.7613872928649075,4.516728794193089,-4.642126381104768,3.37188162873208,3.5149032510445166
"2025","Arias, Gabriel","672356","114","281","1023",-5.516791411773443,-2.032960498344123,-8.676943323719769,0.4767557399225708,4.716356670367879
"2025","Toglia, Michael","669911","115","322","1285",-8.611967995982901,-1.4476135393974965,-16.54781290723411,4.822629734622062,4.560828716026642
"2025","Walker, Christian","572233","117","412","1627",-6.54500724470151,-1.5326376321760278,-19.648694724973588,7.550423032072727,7.085902080375356
"2025","Perez, Salvador","521692","118","403","1415",2.610067693794631,5.193565874556668,-9.450994679878347,1.0726551168488674,5.794841382267424
"2025","Collins, Isaac","686555","158","259","1047",5.433773768182555,-7.207761835918823,-1.7121583686032094,9.963982414915337,4.389711557789254
"2025","Buxton, Byron","621439","142","359","1361",27.352824872038994,19.594605700390368,-5.432314023947518,6.040338169017592,7.150195026578507
"2025","Nimmo, Brandon","607043","121","413","1632",8.391577609856034,-3.9405394444832855,-4.939670666052174,10.121763627873923,7.150024092517566
"2025","Bohm, Alec","664761","143","383","1362",-2.0361831593078135,-9.764819117350926,-7.4978345007987794,9.656117815372863,5.570352643469025
"2025","Canario, Alexander","672744","134","169","638",-6.312551221971438,-6.7358886386907155,-5.106595247183795,2.4415405805616723,3.0883920833414167
"2025","Merrill, Jackson","701538","135","300","1013",4.9031846036340205,0.45957089078158786,-4.797663731330218,4.976964934489044,4.2643125096936085
"2025","Williamson, Ben","810938","136","279","1136",-11.74263113091223,-12.500594763096682,-3.638446205130344,1.8720768734094109,2.5243329639054055
"2025","Heim, Jonah","641680","140","294","1159",-7.30786126581727,2.671619346563555,-17.156794579909423,4.030663405846491,3.146650561682076
"2025","Lowe, Nathaniel","663993","120","428","1802",-4.8008845287040005,-3.3121922429144175,-17.90141347890855,10.583995613907597,5.82872557921138
"2025","Trout, Mike","545361","108","330","1487",13.333791605795724,-13.721268675032581,9.877727155226,11.641350448455622,5.5359826771467056
"2025","Suárez, Eugenio","553993","109","420","1648",27.073811085069778,14.27330672252963,-1.4954088177269667,7.3894289598155645,6.9064842204515795
"2025","Muncy, Max","691777","133","213","798",-7.758773145373748,0.2452509865655301,-13.221657216562525,3.314602595812267,1.9030304888109857
"2025","Cowser, Colton","681297","110","174","684",-3.451345312086299,1.3647808777585744,-11.62199246596315,3.456347671722818,3.3495186043954543
"2025","Happ, Ian","664023","112","429","1770",1.349744999774861,-4.522059919657306,-18.046089218124123,18.527608137043035,5.390286000513229
"2025","Lux, Gavin","666158","113","332","1383",3.505819237805342,-10.908824166789218,-3.80509623114678,13.172713288473577,5.047026347267739
"2025","Farmer, Kyle","571657","115","227","812",-8.973371774226875,-7.29896331762304,-5.62016586065101,0.9740788913738381,2.9716785126733227
"2025","Robert Jr., Luis","673357","145","325","1168",-4.090799218736342,0.28209257813607486,-13.46757124708766,4.9553499092488345,4.139329540966392
"2025","Edwards, Xavier","669364","146","386","1399",-1.0280426815015922,-16.759212404016523,-2.455480498574965,13.738929473618162,4.44772074747172
"2025","Sanoja, Javier","691594","146","207","748",-4.25031467204813,-4.308439032637557,-7.456938070116884,5.00385865352102,2.5112037771852824
"2025","Marte, Starling","516782","121","192","724",1.0826032572617708,-1.8713181524637768,-4.375572247744821,3.336515782769866,3.9929778747005016
"2025","Schwarber, Kyle","656941","143","453","1916",38.84182276285543,25.269158050210105,-17.441406975752074,17.53811917522761,13.475952513169778
"2025","Kiner-Falefa, Isiah","643396","134","322","1148",-8.33437629592669,-3.071575309518951,-11.430772755048128,2.5248440651815023,3.643127703458889
"2025","Machado, Manny","592518","135","441","1728",15.960915038857896,2.9141176272809215,0.12511910317945768,7.3768474377682445,5.544830870629328
"2025","Raley, Luke","670042","136","170","646",-0.5190500449610206,0.3213176998427533,-10.123273054903587,5.324243917658251,3.9586613924415537
"2025","Lee, Jung Hoo","808982","137","411","1560",0.1704749488539845,-11.799525243269164,-8.041151353643876,13.068303439781104,6.942848105985943
"2025","Walls, Taylor","670764","139","278","1127",-12.130764143942192,-19.2483481725532,-7.932632656463574,12.241018944908726,2.809197740165889
"2025","Mountcastle, Ryan","663624","110","200","765",-3.29797297846475,-1.4213119187126595,-7.341364769141752,1.80890771784111,3.6557959915485565
"2025","Henderson, Gunnar","683002","110","395","1528",5.980847412488886,-7.7382615044590715,-2.058958588528659,11.811461457250505,3.9666060482260974
"2025","Santana, Carlos","467793","114","384","1608",-0.5861772784827166,-13.994341575245873,-7.795202700120321,12.684049611766428,8.519317385117038
"2025","Dubón, Mauricio","643289","117","244","776",-3.4710661561771445,-6.393919013430367,-6.486677963473611,6.9361725406890455,2.4733582800377816
"2025","Lewis, Royce","668904","142","176","659",0.22765077701746939,0.07192305544044952,-7.1100880071262615,4.087591065272172,3.178224663431107
"2025","Lindor, Francisco","596019","121","460","1853",5.186316951045715,-9.146455515014111,-7.334593718141448,13.38638044751619,8.280985736685109
"2025","Marsh, Brandon","669016","143","253","1002",-4.929976198740459,-6.712818938723224,-7.680801001582347,6.500284836259823,2.9633589053052725
"2025","Solano, Donovan","456781","136","165","653",-5.41222605233313,-1.53666241618688,-7.492672350141676,1.7350877334817383,1.882020980513688
"2025","Jansen, Danny","643376","139","254","1009",2.6290125389058696,-0.3109906243958248,-8.513286956871504,6.616817891517653,4.836472228655572
"2025","Lowe, Brandon","664040","139","347","1323",10.688057386161383,1.7376171072293745,-1.6125198466859099,5.461880146543018,5.1010799790749
"2025","Burger, Jake","669394","140","286","1005",-8.091080907758544,1.3290835886330594,-14.234165045183097,1.0765604915015055,3.737440057289997
"2025","Andujar, Miguel","609280","133","211","733",-1.8239960034121003,-3.0131717802966054,-5.058257298623568,4.751873994918894,1.4955590805891799
"2025","Soderstrom, Tyler","691016","133","424","1529",9.839078065717016,3.241128556493756,-8.611144378253169,7.8201431370203,7.388950750456104
"2025","Carroll, Corbin","682998","109","392","1505",15.209145142039754,11.124149767303466,-12.02594528735388,9.019891400360661,7.091049261729518
"2025","Kjerstad, Heston","677008","110","167","622",-6.985385890979455,-3.9643443149608384,-5.30793617771197,-0.764159693325515,3.051054295018871
"2025","Anthony, Roman","701350","111","153","630",4.575511204268993,-7.185567144926199,3.483606502061289,6.015225883327969,2.26224596380594
"2025","Busch, Michael","683737","112","365","1471",23.544944676136055,10.339955405099714,-7.53447037194219,13.213611112579432,7.525848530399098
"2025","Freeman, Tyler","671289","115","212","818",7.668964345700534,-9.129957803661341,2.944916287407984,10.056975132464125,3.7970307294897676
"2025","Torkelson, Spencer","679529","116","410","1655",12.146762386875917,4.866210382938593,-14.536497862469098,14.183977054868322,7.63307281153811
"2025","Hernández, Teoscar","606192","119","334","1307",1.0841615313048427,4.774964516504416,-13.5530430311469,3.847947319154956,6.014292726792375
"2025","Wagaman, Eric","676572","146","365","1381",-13.219386471754461,-9.210001768610416,-13.799824800648999,4.426266855781668,5.364173241723296
"2025","Jeffers, Ryan","680777","142","313","1253",1.3496664205865738,-9.305651213129968,-4.675809541780153,7.812051090862949,7.519076084633747
"2025","Semien, Marcus","543760","140","429","1681",-6.275936309296789,-10.60827761868894,-16.586801008297805,13.616014561863771,7.303127755826154
"2025","Smith, Josh","669701","140","359","1442",6.869173473127109,-2.643980280743667,-4.8820974891846705,9.522231624842359,4.873019618213111
"2025","Bleday, JJ","668709","133","232","881",-4.795042700004835,-7.8156249859997,-11.700604485971686,11.5837295200556,3.13745725191093
"2025","Langeliers, Shea","669127","133","300","1146",0.649255964407066,-1.1786885184239129,-9.092525440109895,6.668969303738676,4.251500619202201
"2025","Vargas, Miguel","678246","145","413","1719",-0.09147840110166389,-10.583433366112507,-12.357369959939534,15.915648732447732,6.933676192502618
"2025","Baldwin, Brooks","681460","145","183","703",-6.569012212459735,-4.007164477257009,-7.151331181059407,2.057356534129105,2.532126911727585
"2025","Sweeney, Trey","700242","116","258","933",-11.084478878127841,-15.674711168155387,-2.343381200427759,4.185219351784814,2.748394138670496
"2025","Isbel, Kyle","664728","118","269","967",-12.879147055817532,-11.621006742592737,-6.558910730622723,2.5664637943860766,2.734306623011863
"2025","Pasquantino, Vinnie","686469","118","425","1588",8.098547547544454,5.180929384128259,-12.279052829262106,7.697483294868802,7.499187697809519
"2025","Muncy, Max","571970","119","314","1353",12.892208235350068,-3.2561245852739575,-4.297112302577833,13.918497694209448,6.526947428992434
"2025","Edman, Tommy","669242","119","313","1117",0.6749754596358596,-2.8194741122006306,-5.738104973325222,4.5269778090024495,4.705576736159261
"2025","Smith, Will","669257","119","325","1426",28.74823460592288,10.409690025656714,-0.21836199751007096,12.140645307973283,6.416261269802962
"2025","Reynolds, Bryan","668804","134","419","1666",-9.181782796626967,-11.31488789611974,-11.828021849334391,7.864886509572412,6.096240439254739
"2025","Horwitz, Spencer","687462","134","209","897",-3.450986592175149,-5.075089143350351,-7.11802772455197,5.919299296060164,2.8228309796669966
"2025","Raleigh, Cal","663728","136","436","1811",34.822482660918396,9.83913667446847,1.1269533552127637,14.43671008130596,9.419682549931219
"2025","Scott II, Victor","687363","138","352","1313",-6.352934505807689,-11.589008625314813,-12.65540860609212,12.25262318573366,5.638859539865593
"2025","Díaz, Yandy","650490","139","431","1653",12.46145900411952,4.061328498659187,-9.744577013604674,12.782594957813949,5.362112561251063
"2025","Lukes, Nathan","664770","141","243","916",6.973586070856965,-0.548029622628548,-0.8863727480560692,5.082159075847897,3.3258293656937044
"2025","Clement, Ernie","676391","141","377","1198",-3.3125025048946837,-7.837278268633923,-4.1240372973435315,3.8106767914052537,4.838136269677517
"2025","Toro, Abraham","647351","111","210","817",0.7398599149552261,-2.5124417487428357,-4.286018755914115,4.556455506671954,2.9818649129402233
"2025","Kelly, Carson","608348","112","254","1033",12.008317959447643,1.1909569680359016,-4.318270081840738,9.994672525668,5.140958547584504
"2025","Shaw, Matt","807713","112","252","969",-3.7490526609465777,-6.5934950869034665,-4.6013138091866415,4.392795026102851,3.052961209040675
"2025","Ramírez, José","608070","114","408","1621",29.810008806495233,-0.5544900600587368,9.973548534250046,12.042579963731605,8.348370368572237
"2025","Peña, Jeremy","665161","117","349","1180",15.411230748053617,8.035359451608288,-6.554566404164847,7.754218663412162,6.176219037197986
"2025","Freeman, Freddie","518692","119","379","1470",14.989853700432988,2.3950789236737533,-4.9597351416189595,10.434303955168378,7.120205963209849
"2025","Vaughn, Andrew","683734","158","233","899",-10.40654540469921,-4.287365745207682,-11.972788771157308,3.266643879400524,2.5869652322652725
"2025","Castro, Willi","650489","142","322","1249",10.297423157683859,0.8466523024038007,-3.6453990772779523,8.249367265984722,4.846802666573299
"2025","Vientos, Mark","668901","121","276","1056",-8.6699134487062,-6.372812326976794,-10.479943171673558,3.2474574914315677,4.935384558512603
"2025","Rice, Ben","700250","147","321","1200",11.879072142273184,7.791174894773573,-11.242797472376967,7.6793912687159995,7.651303451160599
"2025","McCutchen, Andrew","457705","134","369","1525",-2.5844443815858718,-5.267771279744023,-14.639368514970826,10.090986271051872,7.231709142077089
"2025","Díaz, Elias","553869","135","218","818",-12.546591075509154,-10.390839195115424,-8.8100650165919,4.123390294899136,2.5309228412990303
"2025","Garver, Mitch","641598","136","187","768",-0.453144232078114,-0.12974729629177945,-8.152668906863056,3.4691259866856172,4.360145984391105
"2025","Arenado, Nolan","571448","138","375","1345",-5.497037112479374,-13.500590985098446,-7.501565489520785,10.177439848061105,5.327679514078773
"2025","Winn, Masyn","691026","138","390","1649",1.057321170611305,-11.603741819624235,-2.3293881722756486,9.359269922676397,5.631181239834769
"2025","Barger, Addison","680718","141","294","1139",9.308225802275793,3.4947982744317443,-1.5565415335858992,4.3501048977943375,3.0198641636356087
"2025","Marte, Ketel","606466","109","312","1199",25.280800872681077,-3.2571997260567924,12.370120205893055,9.867025405274253,6.3008549875704665
"2025","Acuña Jr., Ronald","660670","144","218","950",23.682548734380962,2.7169424668958966,3.9234749537207527,11.78165037246847,5.260480941295857
"2025","Crow-Armstrong, Pete","691718","112","425","1510",19.567767416046863,6.669150821742653,1.0290459165284513,7.409088209291765,4.460482468483969
"2025","Stephenson, Tyler","663886","113","237","993",-1.7291935957166003,-1.8302983211907855,-8.52452073094202,5.815789555400379,2.8098359010158256
"2025","Goodman, Hunter","696100","115","371","1369",15.674240093313418,5.327453603588593,3.5551951975778215,2.9232235892783685,3.8683677028686723
"2025","Fermin, Freddy","666023","118","192","817",-4.587356024621004,-5.30036668491911,-8.803366371307646,6.383491745589616,3.132885286016129
"2025","Ramírez, Agustín","682663","146","331","1183",1.0670299265942014,1.7897975823437067,-11.39858946318385,5.867899127500742,4.807922679933579
"2025","Alonso, Pete","624413","121","446","1851",18.971194741999795,-7.9186081079042925,3.34382443113105,14.605530658670165,8.940447760102888
"2025","Grisham, Trent","663757","147","336","1382",15.246091948923665,-10.313270175326005,7.599983028945044,12.375606994730827,5.583772100573808
"2025","Naylor, Josh","647304","136","394","1286",11.91427705978131,1.9985744897017266,-3.581758057252579,9.063671528461649,4.433789098870538
"2025","Taveras, Leody","665750","136","179","693",-11.859700503346218,-6.741996923737305,-9.577644135376987,2.6713891950634543,1.7885513607046326
"2025","Lowe, Josh","666139","139","233","967",-1.5596463294742764,-1.622217896865563,-9.716468205543716,5.4701034051870385,4.3089363677479655
"2025","García Jr., Luis","671277","120","350","1244",-4.026219099665589,-5.064619254147742,-6.775470376227951,2.5783544210994127,5.235516109610674
"2025","Rooker, Brent","667670","133","457","1679",17.602214217527695,12.36940386332216,-12.95899433533931,11.862563904423265,6.329240785121529
"2025","Herrera, Jose","645444","109","173","720",-7.065161162507133,-11.931549864022665,-4.379286460721454,5.747746273547814,3.497928888689169
"2025","Murphy, Sean","669221","144","250","1000",8.334295747558135,13.391904057273104,-16.627685207924294,8.02935307296534,3.5407238252439672
"2025","Rutschman, Adley","668939","110","276","1152",-1.7836483208197091,-3.5252893657806266,-14.014464074765257,10.88682367572799,4.8692814439981795
"2025","Holliday, Jackson","702616","110","408","1510",1.1707184340448282,0.6350176176720426,-14.256465952293532,6.776368119372336,8.015798649293977
"2025","Duran, Jarren","680776","111","463","1772",11.834770828232607,2.9893754317557804,-8.846950254471599,8.138619094984447,9.553726555964007
"2025","Tucker, Kyle","663656","112","441","1738",22.753590144318323,-7.927012976211756,-0.34542434510583714,22.099988215951186,8.926039249684768
"2025","De La Cruz, Elly","682829","113","439","1708",11.973019689224808,1.1918729478184054,-8.88709417430131,12.510639608562135,7.157601307145594
"2025","Meidroth, Chase","805367","145","330","1374",-5.608295138133682,-13.421705011287685,-13.97301885903283,15.280375935326887,6.506052796859931
"2025","Witt Jr., Bobby","677951","118","437","1606",16.09536509100817,3.8528288698933992,-5.280934510567193,11.420791457769162,6.1026792739128215
"2025","Conforto, Michael","624424","119","324","1295",-8.827860806388102,-12.249756729050066,-13.848339364658202,9.701133235540683,7.5691020517794865
"2025","Goldschmidt, Paul","502671","147","380","1470",8.904796005321057,-8.307895887998747,-0.7420204282260692,11.81514390161402,6.139568419931839
"2025","Chisholm Jr., Jazz","665862","147","299","1236",13.894759693103165,5.594743761053287,-8.31707780941329,9.99031635569762,6.626777385765543
"2025","Contreras, Willson","575929","138","416","1589",10.16812696559919,-5.861733765982577,-1.0267247608262888,10.576049754039413,6.48053573836868
"2025","Misner, Kameron","670224","139","217","916",-8.562447952417598,-4.723224931438415,-8.945333824991305,3.2475435216445234,1.8585672823675974
"2025","Grichuk, Randal","545341","109","185","680",-1.0153288875660786,-2.316475384764162,-1.51463679813988,1.4343595817758243,1.3814237135621426
"2025","Benintendi, Andrew","643217","145","297","1103",3.292966685561245,-3.9828963861610474,-6.721283486914499,9.799318059812771,4.197828498824012
"2025","Paredes, Isaac","670623","117","409","1803",20.16439238785084,-1.6586071377915104,-10.306660656474051,21.353298560178253,10.77636162193813
"2025","Massey, Michael","686681","118","209","759",-20.060922807280605,-10.876110415149864,-12.495367244112417,1.5991280690025016,1.7114267829791854
"2025","Norby, Connor","681393","146","273","1000",-3.070143932620008,-2.0039558074628765,-7.417314811196229,1.8699109039811128,4.481215782057977
"2025","France, Ty","664034","142","374","1435",-3.0993651072912622,-6.707060990295553,-12.875118339934087,9.18174129165239,7.301072931285955
"2025","Bader, Harrison","664056","142","291","1164",4.194010250217354,4.428096818149958,-8.31420135340348,2.358113448721892,5.722001336748994
"2025","Clemens, Kody","665019","142","188","757",3.768275583356327,5.390768606451648,-10.275757565957177,4.673554137632191,3.97971040522967
"2025","Bellinger, Cody","641355","147","400","1602",13.280452510513467,-4.712161302591141,3.1202884149542167,8.664584087034287,6.207741311116125
"2025","Wells, Austin","669224","147","309","1250",-0.2823060853851587,1.0198072935080533,-11.018266972328789,5.560597239727517,4.155556353708047
"2025","Hayes, Ke'Bryan","663647","134","376","1405",-15.877578829866687,-17.00706310038874,-11.270960779376377,7.489181118934116,4.911263930964336
"2025","Mangum, Jake","663968","139","247","817",1.595870386325557,-4.612800539685034,-0.1405739136766857,3.086318118749677,3.262926720937597
"2025","Caballero, José","676609","139","261","1073",-4.648219226232726,-7.01419920710681,-11.775086215125084,8.62174853915834,5.51931765684082